c6ea07b686fae32108f16c3ba7adcd351e943565,1569,assets/minecraft/optifine/cit/extra/players/dj_control_a/dj_control_a.png
71f161473f613d1c4519b9221f07ddf4f7b49a55,9550,assets/minecraft/optifine/cit/extra/players/dj_control_a/dj_control_a.json
526c8cb340d1e97a3b92425bb2e9fd5ce6ea64ba,954,assets/minecraft/optifine/cit/extra/players/dj_control_a/dj_control_a_e.png
61f8f527596f9272978f225d5eea238de3041194,39,assets/minecraft/optifine/cit/extra/players/dj_control_a/dj_control_a_e.png.mcmeta
f30a1bfc674a1e04f93ff2c26020d889dfe8412a,154,assets/minecraft/optifine/cit/extra/players/dj_control_a/dj_control_a.properties
61f8f527596f9272978f225d5eea238de3041194,39,assets/minecraft/optifine/cit/extra/players/dj_control_a/dj_control_a.png.mcmeta
da38cea6b61cf893c9f18d9e368b154cd4f5176e,594,assets/minecraft/optifine/cit/extra/players/yamato/yamato.png
6e7e5c05568cc95f1cd090441972a68bd54ce729,1725,assets/minecraft/optifine/cit/extra/players/yamato/yamato.json
d1b49de9f1830a0bbd9deb3f39f5ab4685ef141d,102,assets/minecraft/optifine/cit/extra/players/yamato/yamato.properties
99e3e031fc8c9d514d2a998302f2aac7a5327838,251,assets/minecraft/optifine/cit/extra/players/reality_clock/reality_clock.png
1a52d7e1d5a722c51842347662e91b782542689e,153,assets/minecraft/optifine/cit/extra/players/reality_clock/reality_clock.properties
731002709f50920414d319386bb0db784bb9d54c,6778,assets/minecraft/optifine/cit/extra/players/reality_clock/reality_clock.json
