b1d0ab7a6994c7f39ab55c7c6590ed11d943ec81,94797,c.json
befde5fb1f131c5e2c45db8c017740fa49e67846,278,assets/minecraft/optifine/cit/cefi/ingots/gold_coin.png
4603651381053868826b6a1d2e2cf7156dae7252,444,assets/minecraft/optifine/cit/cefi/ingots/pult.png
5aee825c3e61f0dafd0d82e5e0ae5fba915ac0e6,136,assets/minecraft/optifine/cit/cefi/ingots/gold_coin.properties
043e94e7170c9eb2dd98309dab9249816c3b8751,428,assets/minecraft/optifine/cit/cefi/ingots/moneeey.png
99d2ceb8e918a3d4a23bede1946c137457c07999,211,assets/minecraft/optifine/cit/cefi/ingots/pult.properties
c0e7b41ce735767d70169953e8b155f0513b325e,343,assets/minecraft/optifine/cit/cefi/ingots/moonsteel_ingot.png
949b446635184711362a89ba59ded28557d2935e,124,assets/minecraft/optifine/cit/cefi/ingots/moneeey.properties
1106766d160b8075720625116117830a4ad4aaee,262,assets/minecraft/optifine/cit/cefi/ingots/moonsteel_ingot.properties
6842a19933a96283a4064473733cc77e1f12edfe,300,assets/minecraft/optifine/cit/cefi/toothbrushes/15.png
5ff98ee954a50d41b12382ba9ef07cdc9e5c2338,193,assets/minecraft/optifine/cit/cefi/toothbrushes/red.properties
c915bcce494ef5b7f8054ad749c4f66028d1f3dd,226,assets/minecraft/optifine/cit/cefi/toothbrushes/lg.properties
0220ba43277618b310ac0e5dea59d9dccf024a51,251,assets/minecraft/optifine/cit/cefi/toothbrushes/24.png
b7557c5aed8efa8536c3887cb0f9f69d8f2db4a1,301,assets/minecraft/optifine/cit/cefi/toothbrushes/12.png
14427a5038056c6859844d470d99e4436db9a93c,214,assets/minecraft/optifine/cit/cefi/toothbrushes/poopie.properties
6e54b5b0eb541fb37adb22263f3df54bb0a835ae,256,assets/minecraft/optifine/cit/cefi/toothbrushes/13.png
ee757f8dc9b17d7baae0f0b37163b2a98d793d95,211,assets/minecraft/optifine/cit/cefi/toothbrushes/rainbow.properties
c2c6a63386283b42abbd17f64fb05ab438c6491e,262,assets/minecraft/optifine/cit/cefi/toothbrushes/14.png
b5f62b1146906b6b74567223bb6ac27b017b2887,282,assets/minecraft/optifine/cit/cefi/toothbrushes/6.png
a2b920608ad8d30af133639ea1c9f6f5d17b4844,184,assets/minecraft/optifine/cit/cefi/toothbrushes/white.properties
d4bce74cd968feb5c45a6812e153fbfc1071967c,290,assets/minecraft/optifine/cit/cefi/toothbrushes/7.png
6e517b69f27857233b0695d19e3e33bc676362e4,182,assets/minecraft/optifine/cit/cefi/toothbrushes/blue.properties
ede9f48a6cb18d232823a8fe6776825d697388f8,277,assets/minecraft/optifine/cit/cefi/toothbrushes/5.png
9e0b9309fc59d8ed9ae4ba68223cabd9d3861c1c,251,assets/minecraft/optifine/cit/cefi/toothbrushes/3.png
5adedf7a396d12e3ac72b25f8b3ecdb10c1fbb1a,200,assets/minecraft/optifine/cit/cefi/toothbrushes/lb.properties
245f9c337dbcbc2ce6bd0a8cd15912b1be091b7d,325,assets/minecraft/optifine/cit/cefi/toothbrushes/4.png
1edcb810895c28e612cb07ff79e4c789a5ef7bf7,253,assets/minecraft/optifine/cit/cefi/toothbrushes/1.png
a2fd64076c3d6b5b4e3db539241832ba5ba8152a,209,assets/minecraft/optifine/cit/cefi/toothbrushes/magenta.properties
fd80e6a27b0b41d55dfa3a4ae221cc8ffdc0604c,200,assets/minecraft/optifine/cit/cefi/toothbrushes/lime.properties
517569613a511f1480d7e8f0d16086d028749788,296,assets/minecraft/optifine/cit/cefi/toothbrushes/11.png
e5e23827bc2a01652ad97ffed1e08cf00f9ba40b,301,assets/minecraft/optifine/cit/cefi/toothbrushes/2.png
edfe4e0cc65841eeb7a0f8c32de26c02f38b5db1,206,assets/minecraft/optifine/cit/cefi/toothbrushes/cyan.properties
923b10b3822f2006de05e86cefaa86c8df81b2dd,195,assets/minecraft/optifine/cit/cefi/toothbrushes/green.properties
e4f7fdcd7238677dd0ee1fdc2726fff895f59a96,215,assets/minecraft/optifine/cit/cefi/toothbrushes/purple.properties
6ff5573551c384c804cccc2f46ffa590329b6e59,190,assets/minecraft/optifine/cit/cefi/toothbrushes/black.properties
06073cec3ec5be67b07356c1df821473171e4751,320,assets/minecraft/optifine/cit/cefi/toothbrushes/8.png
4092e49be9c10d3af11bc754a42d83c663a6471c,183,assets/minecraft/optifine/cit/cefi/toothbrushes/gray.properties
d3712793100c8d10d61217350add24f72ec91c1c,309,assets/minecraft/optifine/cit/cefi/toothbrushes/10.png
100992b7b7299e0e31dadeaca1eeae73c0d092c0,306,assets/minecraft/optifine/cit/cefi/toothbrushes/9.png
0bd4b9c0eb8c3dfbd24ba406ee5f7172a36fac54,208,assets/minecraft/optifine/cit/cefi/toothbrushes/orange.properties
e4d8308c7df6ab3af34d754376ec5b240e0ef746,194,assets/minecraft/optifine/cit/cefi/toothbrushes/pink.properties
02acddc888167bf65bea063957965586fd04c357,300,assets/minecraft/optifine/cit/cefi/misc/bouqet.properties
2f25dcc9925c1e53cbcf9b6a207859dfffcfc984,553,assets/minecraft/optifine/cit/cefi/misc/laptop_new.png
eddbd8480fadaeae0addb37ba53b3736096da962,454,assets/minecraft/optifine/cit/cefi/misc/bouqet.png
199e05da248cf4742794121782217a97dd931f34,488,assets/minecraft/optifine/cit/cefi/misc/shwabra.png
71a3e59ae3266abc0954717544caa0d16a91316c,149,assets/minecraft/optifine/cit/cefi/misc/shwabra_new.properties
9f3e303d88f640f1a72138c28a8b211fdf54d71b,178,assets/minecraft/optifine/cit/cefi/misc/phone.properties
cef5c5842ab3bbf944f88da52fa90eb2c37802f3,124,assets/minecraft/optifine/cit/cefi/misc/gamepad.properties
3328b46e409aac61ca7fe7a280de75eb3156a172,130,assets/minecraft/optifine/cit/cefi/misc/plansh_1.properties
cc50f9026a1e5d79da6c4ab5720c3471b1763983,467,assets/minecraft/optifine/cit/cefi/misc/gamepad.png
800273ce38efebacd14f3672cab44f4b3002969d,168,assets/minecraft/optifine/cit/cefi/misc/shwabra.properties
df54516f67bcd60db5c8d17f630cc0029010fc02,136,assets/minecraft/optifine/cit/cefi/misc/plansh.properties
8566baf96d8b30c9f55966b60610c957e56ac10f,1251,assets/minecraft/optifine/cit/cefi/misc/plansh.json
e477537ed650b9a6eeb5417a44f73be48ea70ddb,1515,assets/minecraft/optifine/cit/cefi/misc/phone.json
acfeeb528bcb60c949879d4aff0f3da1c0bd0c20,548,assets/minecraft/optifine/cit/cefi/misc/shwabra_new.png
7b6a5aab9733d9fb79281146687a8b449eee29c4,1484,assets/minecraft/optifine/cit/cefi/misc/shwabra_new.json
e2ec4e5262e12deb885e6dd578cbaeb472712b55,2029,assets/minecraft/optifine/cit/cefi/misc/clamshell_phone.json
c5f8f446037d37ed11dbc7680bcad8b1c039a317,244,assets/minecraft/optifine/cit/cefi/misc/clamshell_phone.properties
749cf1374e2028c94b6da08a7dfb67d20660203b,1476,assets/minecraft/optifine/cit/cefi/misc/shwabra.json
75acedc5729f9d485f640c3671d4be37e1f45910,302,assets/minecraft/optifine/cit/cefi/misc/clamshell_phone.png
68356e835b29c8991abe2a6389f34c480992fabc,493,assets/minecraft/optifine/cit/cefi/misc/phone.png
4753c99e3ef950f1d0ac278cc6442edd90a3158b,400,assets/minecraft/optifine/cit/cefi/armor/knotted_sweater/knotted_sweater.png
fb8f1b61d31c612ed217c6ce1ce0a44a499660c2,303,assets/minecraft/optifine/cit/cefi/armor/knotted_sweater/knotted_sweater_icon.properties
70346c65dfef25917cd014c0506f6070ededf376,298,assets/minecraft/optifine/cit/cefi/armor/knotted_sweater/knotted_sweater_icon.png
ffe5058a58cbccad0ed4a347111448c45ebc1a7e,473,assets/minecraft/optifine/cit/cefi/armor/knotted_sweater/knotted_sweater.properties
b4372ec6a849b953dbe197387d5976f55c9ac8c8,178,assets/minecraft/optifine/cit/cefi/armor/angel_wings/angel_wings_i.properties
6a845833209e4a56205d0cff693206565fff74ae,427,assets/minecraft/optifine/cit/cefi/armor/angel_wings/angel_wings.png
1c34dd664cb0e797f473e9fc6de971f0b9085855,296,assets/minecraft/optifine/cit/cefi/armor/angel_wings/angel_wings_i.png
236d6d9aad2f0633cefb0df114339efa42f1ab7d,178,assets/minecraft/optifine/cit/cefi/armor/angel_wings/angel_wings.properties
94b471f8974cb5934e55a49f8dc5ebecff1b32e8,323,assets/minecraft/optifine/cit/cefi/armor/warm_scarf/warm_scarf.png
f1e5e1f19c685999c6d5fcf1e22dcacfbaa9a5f7,218,assets/minecraft/optifine/cit/cefi/armor/warm_scarf/warm_scarf_icon.properties
5902826263b74cac02f48b9183ba494cd04b251b,301,assets/minecraft/optifine/cit/cefi/armor/warm_scarf/warm_scarf.properties
9d36901640581ad80240f83589f6f54fb0007486,291,assets/minecraft/optifine/cit/cefi/armor/warm_scarf/warm_scarf_icon.png
251c59a61a598508ff3d6c12311e03c693824318,787,assets/minecraft/optifine/cit/cefi/armor/pink_magic_cape/phantom_wings.png
6f40ad120c40e251739df1976737cea785cac2b7,434,assets/minecraft/optifine/cit/cefi/armor/pink_magic_cape/phantom_wings_icons.png
fe74bdf19e5cb99cef6aace5883a5385bebc19d3,186,assets/minecraft/optifine/cit/cefi/armor/pink_magic_cape/phantom_wings.properties
00f08f8d94d85d0f9c42a61cc24008a1ed60af90,426,assets/minecraft/optifine/cit/cefi/armor/pink_magic_cape/phantom_wings_broken.png
ddf9c72fd90a1601a0e8fb9b7c5f201c8663d604,245,assets/minecraft/optifine/cit/cefi/armor/pink_magic_cape/phantom_wings_icons.properties
2929ff0bc3ebaf888634689e408263a6a8e921a4,345,assets/minecraft/optifine/cit/cefi/armor/allay_wings/allay_i.png
d12a250ea86fb891cf1a3d5e24e782d6f2e23e6a,355,assets/minecraft/optifine/cit/cefi/armor/allay_wings/broken_allay_i.png
77103e82c631b35fb2fbc87fa272895a5145f556,204,assets/minecraft/optifine/cit/cefi/armor/allay_wings/allay_i.properties
b9ce7af47f0cc0a3ce1433bfcbbfb4c68997092f,173,assets/minecraft/optifine/cit/cefi/armor/allay_wings/allay_wings.properties
f5b71eb46e1a5518816ee7f4118d394bc83df367,464,assets/minecraft/optifine/cit/cefi/armor/allay_wings/allay_wings.png
c2fc3ec72dd9f444f2d614c0bc93b0524538e7fe,581,assets/minecraft/optifine/cit/cefi/armor/royal_elytra/royal_blaze_elytra.png
92da602ae979e3e8e4c5312e7c4af82025fd5b3e,205,assets/minecraft/optifine/cit/cefi/armor/royal_elytra/royal_blaze_elytra.properties
39787f6943502a4fa77ab285765f3aa50d6101c8,437,assets/minecraft/optifine/cit/cefi/armor/royal_elytra/royal_blaze_elytra_icon_broken.png
6229223c27712d930e10b75ce5d84ffba213f059,389,assets/minecraft/optifine/cit/cefi/armor/royal_elytra/royal_blaze_elytra_icon.png
775242725d5ccf5ff74147bcde0c2dff72372aac,268,assets/minecraft/optifine/cit/cefi/armor/royal_elytra/royal_blaze_elytra_icon.properties
0fc0f0824918e06fc79d4aa7d2edfdefab5837d2,184,assets/minecraft/optifine/cit/cefi/armor/gold_elytra/gold_wings.properties
0b3e292b04068787265541fd8d85f1f8fb6184e9,498,assets/minecraft/optifine/cit/cefi/armor/gold_elytra/gold_wings.png
6ba34ab0487fe38d7bc9c72244e37d5ef8e89d58,219,assets/minecraft/optifine/cit/cefi/armor/gold_elytra/gold_wings_i.properties
34f2a8ae8d62f911769262a2e3c2e7d07b5ed96f,339,assets/minecraft/optifine/cit/cefi/armor/gold_elytra/gold_wings_i.png
34b8da92aae5d766b0c699e0e99c6951d64fcef4,469,assets/minecraft/optifine/cit/cefi/armor/phantom_elytra/phantom_wings.png
dd0a9f178f99d3fe5c67f07bea37b2c91d18b720,360,assets/minecraft/optifine/cit/cefi/armor/phantom_elytra/phantom_wings_icons.png
f6d702ef2ace504bec593037c86fffceb897086e,171,assets/minecraft/optifine/cit/cefi/armor/phantom_elytra/phantom_wings.properties
f097b2059ccceea35e8cc6b911b12cd41aed6808,375,assets/minecraft/optifine/cit/cefi/armor/phantom_elytra/phantom_wings_broken.png
370609e27e835b1739a0e91b9955865f0a1009e2,230,assets/minecraft/optifine/cit/cefi/armor/phantom_elytra/phantom_wings_icons.properties
1e19f903131cb5bd3ce8b7766bce2b80310800c0,253,assets/minecraft/optifine/cit/cefi/armor/astro/astronaut_boots_icon.png
ab4d7475449d0ae43443dad2d003dc5500a37917,265,assets/minecraft/optifine/cit/cefi/armor/astro/astronaut_boots_icon.properties
86971da3c5feeacf4613e56ac5137019f191b36b,423,assets/minecraft/optifine/cit/cefi/armor/astro/astronaut_helm.properties
dbc2f1571fa370b56154a3ba5d93640094f5d604,512,assets/minecraft/optifine/cit/cefi/armor/astro/astronaut_chest_icon.png
a58997b3da31a4ca063277758b760457ee9c9d6b,254,assets/minecraft/optifine/cit/cefi/armor/astro/astronaut_helm_icon.properties
2b96239b1048d07e18ae790b62a3ce339943c152,340,assets/minecraft/optifine/cit/cefi/armor/astro/astronaut_helmet_icon.png
60dde580d9134cb16a4da790ec0b65c3e612f285,427,assets/minecraft/optifine/cit/cefi/armor/astro/astronaut_pants.properties
61116bb0292e8d336f8fa3f20aa5a09f8fc88d1e,1430,assets/minecraft/optifine/cit/cefi/armor/astro/astronaut_chest.png
8a0c27f99235efa64eef1a42ec410d39758fc3af,442,assets/minecraft/optifine/cit/cefi/armor/astro/astronaut_chest.properties
27a7d33a88c31ae3de0bc35be26a8bfdc0ac2043,435,assets/minecraft/optifine/cit/cefi/armor/astro/astronaut_boots.properties
5b78ea70b553c27876b682eab9002ce6df2823a4,272,assets/minecraft/optifine/cit/cefi/armor/astro/astronaut_chest_icon.properties
a07b4ea8999897651bcff614f1398e6e671ceb5e,257,assets/minecraft/optifine/cit/cefi/armor/astro/astronaut_pants_icon.properties
c3f8967c04cf5b65d7cfdf1b99fac1e72d9b4312,420,assets/minecraft/optifine/cit/cefi/armor/astro/astronaut_pants_icon.png
6df7399715cafe33fb45daeb343d9b6b95441e37,687,assets/minecraft/optifine/cit/cefi/armor/astro/astronaut_pants.png
1318e231590731b5068b78c3d338bb3e2d236703,804,assets/minecraft/optifine/cit/cefi/armor/magic_cape/phantom_wings.png
98800fb11ad01dfd1241b6d43ce58edf03d7bac5,426,assets/minecraft/optifine/cit/cefi/armor/magic_cape/phantom_wings_icons.png
d1dfd83fd617b0248c113f909603c3b37014c2d6,138,assets/minecraft/optifine/cit/cefi/armor/magic_cape/phantom_wings.properties
d2ef8ce7da22f73e93c6fc29c4559a4839beae40,428,assets/minecraft/optifine/cit/cefi/armor/magic_cape/phantom_wings_broken.png
f174df3f1e648e96e3b1376fa2944070775a706f,197,assets/minecraft/optifine/cit/cefi/armor/magic_cape/phantom_wings_icons.properties
f6132b30a649c0b76b5336edb583ec2c78a0b96b,645,assets/minecraft/optifine/cit/cefi/armor/netherite_elytra/phantom_wings.png
ebaed481460cdb71bd2e17e7dc6d3ec20b8a5028,423,assets/minecraft/optifine/cit/cefi/armor/netherite_elytra/phantom_wings_icons.png
cb6fba5d985aa8723a84909bece05bdf4f2b7c99,198,assets/minecraft/optifine/cit/cefi/armor/netherite_elytra/phantom_wings.properties
e7bdbc029c367025e6cbb813b0cc989ae9793dd3,417,assets/minecraft/optifine/cit/cefi/armor/netherite_elytra/phantom_wings_broken.png
4c84164be3f437c973788eb34fc5daaa998e1d43,257,assets/minecraft/optifine/cit/cefi/armor/netherite_elytra/phantom_wings_icons.properties
eb794d86c5c8fc41471ddacd49616fa0580c9661,355,assets/minecraft/optifine/cit/cefi/armor/bee_wings/bee_wings.png
98faecf92d7635c04a9a6f9fdc6d2e44a04ecdd8,259,assets/minecraft/optifine/cit/cefi/armor/bee_wings/bee_wings_i.png
08a19642a3f293038fa0a8c0855b694782fbc3fa,209,assets/minecraft/optifine/cit/cefi/armor/bee_wings/bee_wings_i.properties
dca554b94ad1a7fa1dd734de42868182bfb9dc69,168,assets/minecraft/optifine/cit/cefi/armor/bee_wings/bee_wings.properties
8a878633f3237182fef59c208fa38e78810a03d8,249,assets/minecraft/optifine/cit/cefi/armor/bee_wings/broken_bee_wings_i.png
97498208512457aa34c26765ef5961add1328427,150,assets/minecraft/optifine/cit/cefi/armor/ender_elytra/ender_wings.properties
765bd19ffb3d0711345a7748a73b161a4f435f1d,802,assets/minecraft/optifine/cit/cefi/armor/ender_elytra/ender_wings.png
139e48a8dcb73dae9e280f6137d0aa5cb3c0b876,602,assets/minecraft/optifine/cit/cefi/armor/ender_elytra/ender_wings_icons.png
39d4a83d7541a3df73b44781246c662ec435870e,562,assets/minecraft/optifine/cit/cefi/armor/ender_elytra/ender_wings_broken.png
4ce37ee00d1568097e0532af5b094a02b704861f,207,assets/minecraft/optifine/cit/cefi/armor/ender_elytra/ender_wings_icons.properties
d01fbbeba46868a2ceaba8828eed2c17245a6572,2161,assets/minecraft/optifine/cit/cefi/mounts/aircraft/rocket/rocket.png
6bb8dc69f70dd0c079b3ab285472e8907c9d7392,133,assets/minecraft/optifine/cit/cefi/mounts/aircraft/rocket/rocket.properties
20cdcce2ca5e52be9c424c27d50eedb56011ca6b,4865,assets/minecraft/optifine/cit/cefi/mounts/aircraft/rocket/carton_rocket.json
48555d5e1cf0070257065752df454f916545a017,39,assets/minecraft/optifine/cit/cefi/mounts/aircraft/rocket/fire.png.mcmeta
48555d5e1cf0070257065752df454f916545a017,39,assets/minecraft/optifine/cit/cefi/mounts/aircraft/rocket/cardboard_fire.png.mcmeta
16eaa65e6df5060690d1adfb73f3b62b5ec6df86,3068,assets/minecraft/optifine/cit/cefi/mounts/aircraft/rocket/cardboard_fire.png
e47cacc2e907e8628b5afa6f38b2d969f1d1bbd8,3746,assets/minecraft/optifine/cit/cefi/mounts/aircraft/rocket/carton_rocket.png
6501da29e6d340a01e2a54542fd697b3a23cdd35,1845,assets/minecraft/optifine/cit/cefi/mounts/aircraft/rocket/fire.png
c71bd48446a8a402e408cb657ae8b561315d6bb3,223,assets/minecraft/optifine/cit/cefi/mounts/aircraft/rocket/carton_rocket.properties
f52bffb6a04fbad6f04ba33a2c2f3c8ad1299bdf,4706,assets/minecraft/optifine/cit/cefi/mounts/aircraft/rocket/rocket.json
2b350854a4a2849036040373ac2874f6b58e8773,2945,assets/minecraft/optifine/cit/cefi/other/book/calendar/calendar.json
2c2703eaf61048c37a5adba612746ad74153a325,193,assets/minecraft/optifine/cit/cefi/other/book/calendar/calendar_left_hand.properties
75a526121a565dda2f0915d2cffe50e98f3a05c7,184,assets/minecraft/optifine/cit/cefi/other/book/calendar/calendar.properties
b3a4a0cc3d06e06d656feefb6b77396b8096bd85,609,assets/minecraft/optifine/cit/cefi/other/book/calendar/calendar.png
18f8ffb6028e2352b3824f22a1f28dfbe4e2134c,185,assets/minecraft/optifine/cit/cefi/other/book/calendar/calendar_name.properties
3950e970553519776ccc0f04926e3f8904437bf2,3007,assets/minecraft/optifine/cit/cefi/other/book/calendar/calendar_left_hand.json
13d925d820e622d51c7cb45bede1ae4a21a47c91,200,assets/minecraft/optifine/cit/cefi/other/totem_of_undying/forest_amulet/forest_amulet.properties
4dca180ed8ef2d168cfd734efb78b9ffa8ef05ad,278,assets/minecraft/optifine/cit/cefi/other/totem_of_undying/forest_amulet/forest_amulet.png
7908b7ad0135a8f61b8507c10d01e8d7bc80eb85,206,assets/minecraft/optifine/cit/cefi/other/totem_of_undying/toby/toby.properties
28dc83c3974c096c39f35b7e0574943cf4b1d5aa,274,assets/minecraft/optifine/cit/cefi/other/totem_of_undying/toby/toby.png
723cdb8a9e41f30eeb390892cddd7f2990a6cc13,218,assets/minecraft/optifine/cit/cefi/other/totem_of_undying/great_luminary/great_luminary.properties
7c9cc9aac3b4540333103938c10839735c7084ec,277,assets/minecraft/optifine/cit/cefi/other/totem_of_undying/great_luminary/great_luminary.png
32542ad6e0d68b7635716c68ae76a57d85b89c45,1243,assets/minecraft/optifine/cit/cefi/shulker/bag.png
97babc25fff37658500329f1bf7afa2851cad6db,492,assets/minecraft/optifine/cit/cefi/shulker/bag.properties
2ba1a9beda301736f344c9798e84be499d2cc38a,473,assets/minecraft/optifine/cit/cefi/shulker/pink_case.properties
32a6b40dbcacfc133b50712fc1518efddb1dbba1,2452,assets/minecraft/optifine/cit/cefi/shulker/pink_case.json
41a0943c9a491cafd65189dfc34bd52b8317bdae,3204,assets/minecraft/optifine/cit/cefi/shulker/bag.json
93277e67d8432df4169fd258682c2b391fe3ce05,143,assets/minecraft/optifine/cit/cefi/shulker/bag.png.mcmeta
76d657df644f592e97b6a890d3c22fe26b8f2f16,835,assets/minecraft/optifine/cit/cefi/shulker/pink_case.png
9b9d53e4cb8d6cd7043336f55e0f5d36790c6d6e,882,assets/minecraft/optifine/cit/cefi/shulker/the_quiver/quiver.png
6d19364ee0c0503ca8dba855ed521b79bb80a865,4293,assets/minecraft/optifine/cit/cefi/shulker/the_quiver/quiver.json
50fb866005a7ba9207c9d3d371a250e9b579d239,427,assets/minecraft/optifine/cit/cefi/shulker/the_quiver/quiver.properties
a9da4dc431d01db44d864274129f6625f7fdfa16,843,assets/minecraft/optifine/cit/cefi/shulker/big_meshok/big_meshok.png
2ac392a9db77330b5840ec93ca63bc4c1fd41bfe,484,assets/minecraft/optifine/cit/cefi/shulker/big_meshok/big_meshok.properties
20209d9bae8319f33603341f694d2985eeeea0c6,1856,assets/minecraft/optifine/cit/cefi/shulker/big_meshok/big_meshok.json
428f7f3158ca6755a6230607f1f74911194069c8,313,assets/minecraft/optifine/cit/cefi/guns/blaster/blaster.properties
dc6c6b3a1fecc28787f92a28c9c07717c59abde3,603,assets/minecraft/optifine/cit/cefi/guns/blaster/blaster.png
f293b16834377bdb93cc2ce2c4bac3ac77f055d7,3243,assets/minecraft/optifine/cit/cefi/guns/blaster/blaster.json
98ba98ea91cca2d756f1e2adc01a7002cef30d25,289,assets/minecraft/optifine/cit/cefi/tools/shovel/moonsteel_shovel.properties
782adab8a586b52f56cca5610555d06926511040,326,assets/minecraft/optifine/cit/cefi/tools/shovel/moonsteel_shovel.png
9de9b6a6ea11c65675a4cc7363a8dec0195dbb67,395,assets/minecraft/optifine/cit/cefi/tools/shovel/plastic/plastic_r.properties
f9300f82495e44ba8fdcd56acaabdc2c1189289c,380,assets/minecraft/optifine/cit/cefi/tools/shovel/plastic/plastic_b.properties
71dd43486982d7f74aee9ca2c304b8c1adaa6a33,309,assets/minecraft/optifine/cit/cefi/tools/shovel/plastic/plastic_b.png
4720f0988086bef7f9340b88dfce531d349ef5c7,310,assets/minecraft/optifine/cit/cefi/tools/shovel/plastic/plastic_r.png
2500ac4d4e936340fd409ea7052e2eaae3cd52ae,320,assets/minecraft/optifine/cit/cefi/tools/shovel/stolen_shovel/stolen_showel.properties
02b4dcf95d50d23c0736705e06b6ab33df78c585,404,assets/minecraft/optifine/cit/cefi/tools/shovel/stolen_shovel/stolen_showel.png
e1dc273eae89a18da619af4aace3f963644955aa,316,assets/minecraft/optifine/cit/cefi/tools/rod/golden_rod.png
baced0f2165c0aeff2c1bb0d407b16c49bad8b89,289,assets/minecraft/optifine/cit/cefi/tools/rod/golden_rod.properties
be70af59234fa938d3f4ac35fd36d8fc3f881bfb,280,assets/minecraft/optifine/cit/cefi/tools/rod/golden_rod_cast.png
ac258406a50131abf663d37894ca4113f6425379,328,assets/minecraft/optifine/cit/cefi/tools/hoe/moonsteel_hoe.png
77bb8283136d5cbd9440f157ac0923948dc6b4da,271,assets/minecraft/optifine/cit/cefi/tools/hoe/moonsteel_hoe.properties
3db89215a9ac8feca354301251db4e46e40424db,167,assets/minecraft/optifine/cit/cefi/tools/hoe/watering_can/watering_can.properties
3ff65418c230c1145e3b85028e3c9a6a6ecc6123,2279,assets/minecraft/optifine/cit/cefi/tools/hoe/watering_can/watering_can.json
7200a9428bf80a92e5af4ae02f5b62eb894f21dc,406,assets/minecraft/optifine/cit/cefi/tools/hoe/watering_can/watering_can.png
e5ed91e2109e191f6b37f7f1cecdcf7e6558a28e,167,assets/minecraft/optifine/cit/cefi/tools/pickaxe/drax.properties
9ff7c01f7de9796fb28c78ce31e3f4950f54972a,540,assets/minecraft/optifine/cit/cefi/tools/pickaxe/fire_pickaxe.png
ae557f2092bf14ee4ffa3ca1658d0791a1122945,330,assets/minecraft/optifine/cit/cefi/tools/pickaxe/cheese_pickaxe.properties
c0b33143f67266b8f541d5ffd2e29d383a261e66,318,assets/minecraft/optifine/cit/cefi/tools/pickaxe/plasma_pickaxe.properties
7f75d16b1dac428f782793c93dabf9bf06ed1cec,492,assets/minecraft/optifine/cit/cefi/tools/pickaxe/drax.png
d2254e7426e54f9b4512aaa39e827e945795377f,588,assets/minecraft/optifine/cit/cefi/tools/pickaxe/membrane.png
0593999f66d85c96ee4f812c77fc8d13af0b33f6,810,assets/minecraft/optifine/cit/cefi/tools/pickaxe/drax.json
40362c967f069df5c09c993ff98c43a03551ecaa,359,assets/minecraft/optifine/cit/cefi/tools/pickaxe/moonsteel_pickaxe.png
4a42fb4a63a3f6e1d87700b389f67d91196f54c1,251,assets/minecraft/optifine/cit/cefi/tools/pickaxe/fire_pickaxe.properties
bb2c5a31dacaf62c6d3f633cccde5a9d731dbfdd,724,assets/minecraft/optifine/cit/cefi/tools/pickaxe/cheese_pickaxe.png
f48f48357711c700ea8cf981fa5d7b7e74eff7e6,287,assets/minecraft/optifine/cit/cefi/tools/pickaxe/moonsteel_pickaxe.properties
d7a74dbe5a5db03151cb0b713b1f3f5fc736fd46,1141,assets/minecraft/optifine/cit/cefi/tools/pickaxe/kopalka.png
3b993a49e1b1890b7a64408db8dbc39a5e4096ba,314,assets/minecraft/optifine/cit/cefi/tools/pickaxe/membrane.properties
220d2a5d20c0b05b7bd20de934b1ea5ced217e3a,572,assets/minecraft/optifine/cit/cefi/tools/pickaxe/plasma_pickaxe.png
02ea3d9848b45941544d22ad786d8e82d4470158,817,assets/minecraft/optifine/cit/cefi/tools/pickaxe/molot.png
11af65f9ec75a1e408a003168b0610b3965b4ed6,44,assets/minecraft/optifine/cit/cefi/tools/pickaxe/drax.png.mcmeta
11af65f9ec75a1e408a003168b0610b3965b4ed6,44,assets/minecraft/optifine/cit/cefi/tools/pickaxe/fire_pickaxe.png.mcmeta
d59745c8b9cae420012976d75e4e1d9529ee2fe8,2500,assets/minecraft/optifine/cit/cefi/tools/pickaxe/kopalka.json
161216ae2de7ef0af2113d28947120a495008457,293,assets/minecraft/optifine/cit/cefi/tools/pickaxe/molot.properties
437b742af1ef0f1b01f9efae485e48ae4442c002,260,assets/minecraft/optifine/cit/cefi/tools/pickaxe/kopalka.properties
e8e1ffced46200484c49a57981b482ebb9113b41,341,assets/minecraft/optifine/cit/cefi/tools/pickaxe/terracotta_blade/terracotta_pickaxe.properties
9b29e631d3f57e88935963d92c241c9745f7fd20,286,assets/minecraft/optifine/cit/cefi/tools/pickaxe/terracotta_blade/terracotta_pickaxe.png
1f21cfd0ac2c8bb098328394919219d690a9da9b,495,assets/minecraft/optifine/cit/cefi/tools/goat_horn/saxophone/saksafon2.png
8d0b68f50808d309ae437b563835378f5177f172,149,assets/minecraft/optifine/cit/cefi/tools/goat_horn/saxophone/saksafon2.properties
ceb8f09c7aa19200e736cdac2c3f47ce51a211c1,2004,assets/minecraft/optifine/cit/cefi/tools/goat_horn/saxophone/saksafon2.json
67433b13a84c9df09ce1a98775c54b83dc70f0e7,444,assets/minecraft/optifine/cit/cefi/tools/axe/memb_axe.png
9cf0bc5493962b3e94a531cd2f57afd9d9fac8f3,294,assets/minecraft/optifine/cit/cefi/tools/axe/memb_axe.properties
723905d96d01ef921ad4b82434dd69dfe1d5cc54,263,assets/minecraft/optifine/cit/cefi/tools/axe/moonsteel_axe.properties
6b7d1901a0b8f4ac7f2aed487388c08a3a40a7eb,310,assets/minecraft/optifine/cit/cefi/tools/axe/mooncheese_axe.properties
ae99fe0ee16ea0e287525960a1080fa6dc704d86,362,assets/minecraft/optifine/cit/cefi/tools/axe/moonsteel_axe.png
3210db161a1e45e68a26ccf7b2892ff157b89943,533,assets/minecraft/optifine/cit/cefi/tools/axe/mooncheese_axe.png
7fb4567419687a1fd7daf8360f48a3f7c9161153,5287,assets/minecraft/optifine/cit/cefi/tools/shields/goat_dung_shield/rogatiy_shield.json
67ff4b5c8c6bc58b01fef8d06cc0e4862d89da6e,201,assets/minecraft/optifine/cit/cefi/tools/shields/goat_dung_shield/rogatiy_shield.properties
774e735428693848c09abf0dcaa8897fa9a60f44,5297,assets/minecraft/optifine/cit/cefi/tools/shields/goat_dung_shield/rogatiy_shield_blocking.json
7e106e02d91c6a08882e9236062bf21bc4904d1e,1741,assets/minecraft/optifine/cit/cefi/tools/shields/goat_dung_shield/rogatiy_shield.png
bda4f775050c1d4e27e18d5313cbe64952b78c8d,1741,assets/minecraft/optifine/cit/cefi/furniture/christmas_tree/christmas_tree.json
50ec4a6f610df6b27fc32764247bf844c2fb93e2,1532,assets/minecraft/optifine/cit/cefi/furniture/christmas_tree/christmas_tree.png
d8ba42e802abcba2d0fa231d8f8fa0621b611fdd,226,assets/minecraft/optifine/cit/cefi/furniture/christmas_tree/christmas_tree.properties
60934c0cd0b1a90a37f0ed514f6bbf15f6c40f96,39,assets/minecraft/optifine/cit/cefi/furniture/christmas_tree/christmas_tree.png.mcmeta
1c52cfabcf542d9be001c66b7f282cea1702938e,267,assets/minecraft/optifine/cit/cefi/furniture/mountain_of_ingots/mountain_of_golden_ingots.properties
02948a3b52e30b6820f16c3e756f929a410851a8,258,assets/minecraft/optifine/cit/cefi/furniture/mountain_of_ingots/mountain_of_copper_ingots.properties
0bfeba39684e2d4e95b6f8288e5585facdf7b326,487,assets/minecraft/optifine/cit/cefi/furniture/mountain_of_ingots/mountain_of_ingots.png
363ca7c923783174f023d9984a4845dab12756f3,270,assets/minecraft/optifine/cit/cefi/furniture/mountain_of_ingots/mountain_of_iron_ingots.properties
596fdafc6f5d5787b2647465b53f6a91a2f91487,2869,assets/minecraft/optifine/cit/cefi/furniture/mountain_of_ingots/mountain_of_copper_ingots.json
6ac14ad299b1cea7e4032a1b624653f74cf90c7a,2773,assets/minecraft/optifine/cit/cefi/furniture/mountain_of_ingots/mountain_of_golden_ingots.json
3563a8072dd88ad1677177121d339a4884a2e598,2755,assets/minecraft/optifine/cit/cefi/furniture/mountain_of_ingots/mountain_of_iron_ingots.json
5c99646a176ca4787f7724e4704e101aa6bb8aa6,169,assets/minecraft/optifine/cit/cefi/furniture/fridges/freezer.properties
222c1d8976acfb41e96ecf2ead390dd6c59aa92b,1492,assets/minecraft/optifine/cit/cefi/furniture/fridges/double_freezer.png
a7900d8411f7e2d549812006ba104ce7ed4a7675,1199,assets/minecraft/optifine/cit/cefi/furniture/fridges/freezer.json
788fcd5010d5a52263fe565352c12c834956d30c,1215,assets/minecraft/optifine/cit/cefi/furniture/fridges/double_freezer.json
3b7cb3fdfe00dbffb95863a5d43a3cfe37b5feb0,1462,assets/minecraft/optifine/cit/cefi/furniture/fridges/freezer.png
b86670faa4b11f6b60536a0421cfe76b7a30adf4,1766,assets/minecraft/optifine/cit/cefi/furniture/puff/puff.json
5fa87e6ed817b9822e5746379ed962b1a365e7ac,109,assets/minecraft/optifine/cit/cefi/furniture/puff/puff.properties
87b17ed64ba29c8ab7f24d9742563f662d365fa2,436,assets/minecraft/optifine/cit/cefi/furniture/puff/puff.png
4bc51485a3b19580910a7037845f2857da6bdba2,574,assets/minecraft/optifine/cit/cefi/furniture/printer/printer.png
fcf1f8697bd750c7d83f050fd27df3690c514b4f,4733,assets/minecraft/optifine/cit/cefi/furniture/printer/printer.json
1f393064504926374918f2a16c2072e255b4ad84,138,assets/minecraft/optifine/cit/cefi/furniture/printer/printer.properties
4ec94f5025f3ad27f9845d9b31ff08787e051700,170,assets/minecraft/optifine/cit/cefi/furniture/pile_of_planks/pile_of_planks.properties
362f0c8e4e582425bd5f9fd5dcf6e2ecac025066,4074,assets/minecraft/optifine/cit/cefi/furniture/pile_of_planks/pile_of_planks.json
c51c079c69cbc979d35332de5484dae4aa75e59d,515,assets/minecraft/optifine/cit/cefi/furniture/pile_of_planks/pile_of_planks.png
4948b43918cfbb634acbbd47b9377ae2c10773bf,396,assets/minecraft/optifine/cit/cefi/furniture/toilet_paper/toilet_paper.png
27646375c57a5b426d02abbdbe8b189514942bd3,223,assets/minecraft/optifine/cit/cefi/furniture/toilet_paper/toilet_paper.properties
8a65d16657b82e213fd15978cc1c5fd52b7e9133,3878,assets/minecraft/optifine/cit/cefi/furniture/toilet_paper/toilet_paper.json
764c23a4aec6343d221e589281994c64420123ff,554,assets/minecraft/optifine/cit/cefi/furniture/treasure_chest/treasure_chest_off.properties
7c1b3cf1aa23990a758dd400a91a9bec03d21ad2,2070,assets/minecraft/optifine/cit/cefi/furniture/treasure_chest/treasure_chest_off.json
28f139f84643ca7162dfb90d20cd689640f21748,551,assets/minecraft/optifine/cit/cefi/furniture/treasure_chest/treasure_chest.properties
0e49015dc3e46d8006000a2a82e1f329f734592d,1775,assets/minecraft/optifine/cit/cefi/furniture/treasure_chest/treasure_chest.json
e501fb5a1067cf52169b2063aa7ae968f596df67,1067,assets/minecraft/optifine/cit/cefi/furniture/treasure_chest/treasure_chest.png
a1c85dad285f62bc09fe43bf137e359101eafacf,176,assets/minecraft/optifine/cit/cefi/furniture/trash_can/trash_can.properties
8eb12d6cfec9c2d82e0775aa9038011c57eac951,548,assets/minecraft/optifine/cit/cefi/furniture/trash_can/trash_can.png
0f3dfc8122b2bcb9f2baa2caf129ce39fe9f3122,3666,assets/minecraft/optifine/cit/cefi/furniture/trash_can/trash_can.json
b0481f4347d27333cf254a72053f670143ce53e5,208,assets/minecraft/optifine/cit/cefi/furniture/canvas/stack_of_canvases.properties
5b8d3ed7d1515e45b1aa47a153d3ece32ecdb49e,2493,assets/minecraft/optifine/cit/cefi/furniture/canvas/stack_of_canvases.json
3d8eec2117c225ec254e2c7565ce5959f6c12aab,411,assets/minecraft/optifine/cit/cefi/furniture/canvas/canvas.png
ed428ab32750ff6c3bf62ffba91180c2df5a8bcb,376,assets/minecraft/optifine/cit/cefi/furniture/satanic_sign/satanic_sign.png
0022167ac7b7f5a307938024ffd8b6ad4d8b9b80,214,assets/minecraft/optifine/cit/cefi/furniture/satanic_sign/satanic_sign.properties
1c8677e88166d8330339d5e67d31874fdce9cb0a,1248,assets/minecraft/optifine/cit/cefi/furniture/satanic_sign/satanic_sign.json
42f6f0997e2fd66ecab8398dc47b56094b4773b7,200,assets/minecraft/optifine/cit/cefi/furniture/fredde/fredde.properties
59f1336a743f2c5952c2ae2772889bc2f210eecc,1062,assets/minecraft/optifine/cit/cefi/furniture/fredde/fredde.png
ce6fa43b1d35423b42054a884786ad94d32e9203,5285,assets/minecraft/optifine/cit/cefi/furniture/fredde/plush_bear.json
81ec2f574b87a9a81131266a5b71f4f10ef2c869,6654,assets/minecraft/optifine/cit/cefi/furniture/fredde/fredde.json
399485f1d74b7099d35b2e67c46acf1839eb9403,210,assets/minecraft/optifine/cit/cefi/furniture/fredde/plush_bear.properties
2d63aed9bdf43cca530fe98465d207d1ff958785,468,assets/minecraft/optifine/cit/cefi/furniture/flowerpot/little_flowerpot.png
25523eed398ac2bf8fca3c7223b81da2c3180702,290,assets/minecraft/optifine/cit/cefi/furniture/flowerpot/little_flowerpot.properties
95767367abcc3bba3fb8828b5ee37018b8b008ec,2225,assets/minecraft/optifine/cit/cefi/furniture/flowerpot/little_flowerpot.json
937e6d348be20279aa1d97141c54e3d6ff7cfef8,3063,assets/minecraft/optifine/cit/cefi/furniture/chair/armchair.json
45d7617046b49bd980c0e01e91cb8540fd75563d,180,assets/minecraft/optifine/cit/cefi/furniture/chair/armchair.properties
c52b102e6dd2ad1c57f15231700c6144f5cee178,3157,assets/minecraft/optifine/cit/cefi/furniture/chair/armchair.png
67e49c6fb9f5c5344c9ded9c5f3af73c33b55dc0,1329,assets/minecraft/optifine/cit/cefi/furniture/board/bf2.json
9a6a95ee6cf2857abc9c2bec81d308f69088a435,248,assets/minecraft/optifine/cit/cefi/furniture/board/bf2.properties
44e90e830bb12c8ef54e5fd0b250ce2ff02262b1,1265,assets/minecraft/optifine/cit/cefi/furniture/board/butterfly1.png
6fd4da16da0c3325cb68656a6a068e2187fedb7e,1301,assets/minecraft/optifine/cit/cefi/furniture/board/bf1.json
39f64242acdddefe660bd1b67ab49354595058c3,1452,assets/minecraft/optifine/cit/cefi/furniture/board/butterfly2.png
5eecd4a5fc27bba37174d11f51256b10e6f45082,220,assets/minecraft/optifine/cit/cefi/furniture/board/bf1.properties
c15d989ec43072a8d1d7d24286adf1a336875fb8,305,assets/minecraft/optifine/cit/cefi/furniture/sign_glyths/bulb/bulb_sign_glyth.properties
ba8a9c1a5b016782b8748799a8eeb638240530a4,347,assets/minecraft/optifine/cit/cefi/furniture/sign_glyths/bulb/sign_glyths.png
ad6557a12d5df405e5673012fffe93ed5ba81f76,1290,assets/minecraft/optifine/cit/cefi/furniture/sign_glyths/bulb/bulb_sign_glyth.json
cfdc1c8527ec7202f0bd2cb0211ea29476bf8524,341,assets/minecraft/optifine/cit/cefi/furniture/sign_glyths/creeper/sign_glyths.png
a5aaa505bf5cb61b4ecd4fc4508e94bab808120c,303,assets/minecraft/optifine/cit/cefi/furniture/sign_glyths/creeper/creeper_sign_glyth.properties
1585aebc1aa46a06975909d9e7ac8e37d9dc63ad,1290,assets/minecraft/optifine/cit/cefi/furniture/sign_glyths/creeper/creeper_sign_glyth.json
7f90f491c2ea605991eb0d1a061f47af96e98eb3,353,assets/minecraft/optifine/cit/cefi/furniture/desktop_microphone/desktop_microphone.png
d3e6699b1fc6e784e6839bfaa24386a0766ad515,250,assets/minecraft/optifine/cit/cefi/furniture/desktop_microphone/desktop_microphone.properties
6b1c3fd9138cea873e316af4b942a4f5323b7415,2602,assets/minecraft/optifine/cit/cefi/furniture/desktop_microphone/desktop_microphone.json
edf759a52d50456a8181f9f4d61beee92b9a61a0,314,assets/minecraft/optifine/cit/cefi/furniture/mine/mine.png
bdc8e78077c154bfb144c49c0554d171bf03d716,2968,assets/minecraft/optifine/cit/cefi/furniture/mine/potato_mine.json
59509fe745470057d5aded3e48dced35bb1d2053,708,assets/minecraft/optifine/cit/cefi/furniture/mine/potato_mine.png
674b34fa2ec450e0e4dfa0fa4fe805c2a9b7f0fb,108,assets/minecraft/optifine/cit/cefi/furniture/mine/mine.properties
373f7593867b2717f5537041879de9f733d344c2,220,assets/minecraft/optifine/cit/cefi/furniture/mine/potato_mine.properties
7b1fb2d3cd933a77498c6fc4eba3262e45800268,1369,assets/minecraft/optifine/cit/cefi/furniture/mine/mine.json
bb869a5b3d81c1698132d8c26752caec39876472,3149,assets/minecraft/optifine/cit/cefi/furniture/grangma/chair.png
39babdb899b9140c86047407ab9506b23f87b944,7036,assets/minecraft/optifine/cit/cefi/furniture/grangma/checker_chair.json
2ff70971df3011312c19c866a270c144e5ff30f1,227,assets/minecraft/optifine/cit/cefi/furniture/grangma/checker_chair.properties
a82d9dd59b28468bb07dbc1511c8909bf5ca94e5,3328,assets/minecraft/optifine/cit/cefi/furniture/toy_cubes/toy_cubes.json
3e9d58e356ce6bee9cb66791d78c02f7be8bc5a4,216,assets/minecraft/optifine/cit/cefi/furniture/toy_cubes/toy_cubes.properties
6b15ef02d3b06bcd3b2bcc2b0defdcc24e5ae3a6,695,assets/minecraft/optifine/cit/cefi/furniture/toy_cubes/toy_cubes.png
f33f1b1604b424f3e77e423a185755e66d8a567d,227,assets/minecraft/optifine/cit/cefi/furniture/soap/milo_roza.properties
fbfda5bc299f0cabad0e13fe153ef047c0db80c4,742,assets/minecraft/optifine/cit/cefi/furniture/soap/milo_roza.png
4c4f565743c5944d1f47763ac6ef5221213b3228,734,assets/minecraft/optifine/cit/cefi/furniture/soap/milo_apesin.png
693f788478582a632ad6064c464a526566bf2ce9,720,assets/minecraft/optifine/cit/cefi/furniture/soap/milo_lavanda.png
cd15bcf5050d722f1620b9c05ec09726aca609b1,271,assets/minecraft/optifine/cit/cefi/furniture/soap/milo_apesin.properties
499b3c9066b31058de96ba88be78cad96569c38a,2281,assets/minecraft/optifine/cit/cefi/furniture/soap/milo_kiwi.json
ca359ba8ef2058ee21c3cbd64d38902851e039eb,258,assets/minecraft/optifine/cit/cefi/furniture/soap/milo_lavanda.properties
a90a3a7f6d8e3afd6a4f908ed7b8d3ac09b2335c,2281,assets/minecraft/optifine/cit/cefi/furniture/soap/milo_roza.json
d3d4588c945496c885761741fbb52611c7a37f8f,751,assets/minecraft/optifine/cit/cefi/furniture/soap/milo_kiwi.png
13479c59e89106851548c0d3562d9008d2941132,219,assets/minecraft/optifine/cit/cefi/furniture/soap/milo_kiwi.properties
aeff85d9dd9a29f5b23b18a135f5f7856956c36c,2284,assets/minecraft/optifine/cit/cefi/furniture/soap/milo_lavanda.json
2eb22ac218e4912817702aa89a711fb8861285bb,2283,assets/minecraft/optifine/cit/cefi/furniture/soap/milo_apesin.json
cf03d6f92ff3e704dc51276a6fd212d5bbc66a7b,1055,assets/minecraft/optifine/cit/cefi/furniture/hoverboard/howerboard.png
eb88701c4d871df78dba4437439bc6cd983dbe58,169,assets/minecraft/optifine/cit/cefi/furniture/hoverboard/hoverboard.properties
89d5e2fda266d8b403a504b2dba55bdf7552b0f0,3846,assets/minecraft/optifine/cit/cefi/furniture/hoverboard/hoverboard.json
b16ebb1818e141ee3400f507eb73af48659224be,1228,assets/minecraft/optifine/cit/cefi/furniture/cosmetic/pomadka1.json
e1f68550e10f8acc90b96878562ef229e38db9a6,198,assets/minecraft/optifine/cit/cefi/furniture/cosmetic/pomadka3.properties
199b3ebfc683a588824dde965ec0a43b2219800d,150,assets/minecraft/optifine/cit/cefi/furniture/cosmetic/rascheska.properties
e511aa382d511a775625613527fdab2f08db8ef7,1229,assets/minecraft/optifine/cit/cefi/furniture/cosmetic/pomadka2.json
a78ec125633a0dd381e261bb0d5ef50c8f6f6b1d,199,assets/minecraft/optifine/cit/cefi/furniture/cosmetic/pomadka1.properties
febfed885dc01a48cd82980f33f4bcb913d08b87,1841,assets/minecraft/optifine/cit/cefi/furniture/cosmetic/rascheska.json
906ce625dcbe10b6df58970a7e95cd4bd1a4a5a7,157,assets/minecraft/optifine/cit/cefi/furniture/cosmetic/cosmetic.properties
8fac535a3d8b7ab7ac3ce5fbdc157e372a806628,1228,assets/minecraft/optifine/cit/cefi/furniture/cosmetic/pomadka3.json
a55f1e681672b5839ee98e3eb382cdc352fd2c5a,4303,assets/minecraft/optifine/cit/cefi/furniture/cosmetic/cosmetic.json
f5ca90f254b9156a8ccb0268b946ce071c6fb0d3,218,assets/minecraft/optifine/cit/cefi/furniture/cosmetic/pomadka2.properties
cf08e64c10eab8df469dda8cfbb9efeec9f7688d,1996,assets/minecraft/optifine/cit/cefi/furniture/cosmetic/cosmetic.png
bc227be63b06780da4370b2da2fabe1642f61f65,523,assets/minecraft/optifine/cit/cefi/furniture/metal_case/metal_case.properties
ab520f9b9065a5dc3d7c89ef51988af9ab0bb541,1509,assets/minecraft/optifine/cit/cefi/furniture/metal_case/metal_case.json
f3eea3e38292c4c385f161b508fc44f8d3e80c27,337,assets/minecraft/optifine/cit/cefi/furniture/metal_case/metal_case.png
04beefc196a16acac68cc0bd05a09078774c8882,143,assets/minecraft/optifine/cit/cefi/furniture/scarecrow/scarecrow.properties
57e472c220c24443f35ef6c83ddabdbf60073be3,759,assets/minecraft/optifine/cit/cefi/furniture/scarecrow/scarecrow.png
70a64332138763dfa95fe98d27eec7b5c0ecc4fc,4593,assets/minecraft/optifine/cit/cefi/furniture/scarecrow/scarecrow.json
53265cfc7c549c50d19f37ed7a59f761c0525e35,2113,assets/minecraft/optifine/cit/cefi/furniture/toster/toster.json
775137a6a3165a5bcc6cdd20d42fb07aa3c5b420,128,assets/minecraft/optifine/cit/cefi/furniture/toster/toster.properties
d6854e878e8f5a34c4cc0e70a58879de8de624e9,464,assets/minecraft/optifine/cit/cefi/furniture/toster/toster.png
d73cc3594d0727c6b0f54d9ff1df701a20f4f84d,4249,assets/minecraft/optifine/cit/cefi/furniture/armchair/armchair.json
882b86182bd5417c79fdef7bc8137281079ec0d9,141,assets/minecraft/optifine/cit/cefi/furniture/armchair/armchair.properties
7d624f960226759e8951b67e1945649c60a935ec,1379,assets/minecraft/optifine/cit/cefi/furniture/armchair/armchair.png
8c955ea91f7edcbd491b622dfb1486f4d846e04a,141,assets/minecraft/optifine/cit/cefi/furniture/stoolchik/slomalsa.properties
8112e43bcfe95c0891a41b515ff7241a541329cc,3774,assets/minecraft/optifine/cit/cefi/furniture/stoolchik/slomalsa.json
d062264ac659eae55e27bb3fbe12834d5251f9aa,1180,assets/minecraft/optifine/cit/cefi/furniture/stoolchik/chair.png
6605551694def0514d18b5c5e7de5e50c23b0a18,3586,assets/minecraft/optifine/cit/cefi/furniture/stoolchik/chair.json
7bfd9a45f4a8e2f3dd19210a9c89f9883480c8f0,205,assets/minecraft/optifine/cit/cefi/furniture/stoolchik/chair.properties
df8ff356a6cc2028b29fd7911a0ce5632386cc54,350,assets/minecraft/optifine/cit/cefi/furniture/table_lamp/table_lamp.png
c827c77cba147db20a5ffa443ee5d1f34bd82f4d,307,assets/minecraft/optifine/cit/cefi/furniture/table_lamp/table_lamp.properties
79ad3ce58b893e18ddeeb53c256fe5523f2686c4,2337,assets/minecraft/optifine/cit/cefi/furniture/table_lamp/table_lamp.json
77c2a8ced103a1b9121765772f4d5994d0f2ec0c,1907,assets/minecraft/optifine/cit/cefi/furniture/paper_bag/paper_bag.json
39746ee547668155c797002e05e27f61da559a58,331,assets/minecraft/optifine/cit/cefi/furniture/paper_bag/paper_bag.png
2f596c2a9c3872daadc90b7b8cbc34e6ce0f3ee7,489,assets/minecraft/optifine/cit/cefi/furniture/paper_bag/paper_bag.properties
df464fae3caac28cc0c36f9ac1957db16d546e81,69,assets/minecraft/optifine/cit/cefi/food/octo.png.mcmeta
2482a6d70292c22ae7b73f38b998fc51e7e34c37,321,assets/minecraft/optifine/cit/cefi/food/piece_of_pumpkin_pie.png
e93fa2fadc53d38c66783fbd9f7d0a942f59fd08,171,assets/minecraft/optifine/cit/cefi/food/eye_yep.properties
2f5ed2e3a4a7d8669ea0856042d6796bb83b5e3c,258,assets/minecraft/optifine/cit/cefi/food/chocolate_ice_cream.properties
38825073b1f9d09bb4589e7e4ddb5c8ac96640bf,117,assets/minecraft/optifine/cit/cefi/food/crisps.properties
394076acae7ca80ed86adfbe849cda9656b1dda3,151,assets/minecraft/optifine/cit/cefi/food/octo.properties
c6a6ad12a91b98b243a59bb045f4ef77bf2018cb,405,assets/minecraft/optifine/cit/cefi/food/eggplant.png
85535f5d70f946d0e2caa511875baa0bf0d6648c,225,assets/minecraft/optifine/cit/cefi/food/chocolate_donut.properties
b1fc647c5e9d4ceeae20af37c42fa186429cbc1a,232,assets/minecraft/optifine/cit/cefi/food/infec_cookie.properties
0137bc536dce91034a7fd9f3967de905dc845b33,427,assets/minecraft/optifine/cit/cefi/food/french_fries.png
483ff0317510d79fca2187d7845ebb20e98eb765,437,assets/minecraft/optifine/cit/cefi/food/burger.png
982cab3da20f4e476c0370f20d5b4210f8b58a14,344,assets/minecraft/optifine/cit/cefi/food/chocolate_ice_cream.png
459845cca382dcf650e937eab237a8a870ae408f,194,assets/minecraft/optifine/cit/cefi/food/tube_banan.properties
2469309a5bacf3fcb707e64d3abd324932971790,149,assets/minecraft/optifine/cit/cefi/food/fried_egg.properties
df464fae3caac28cc0c36f9ac1957db16d546e81,69,assets/minecraft/optifine/cit/cefi/food/pepper.png.mcmeta
7e08249b07f7444a672c47f9015d80ef027501af,283,assets/minecraft/optifine/cit/cefi/food/piece_of_pumpkin_pie.properties
5f364e5b01256b43b8f941d1f8335f8ef7be0c06,350,assets/minecraft/optifine/cit/cefi/food/grape.png
5f7b67622b4263d5bca81ab5620c25fe9bcabbed,175,assets/minecraft/optifine/cit/cefi/food/slice_of_pizza.properties
a632bc151b60595a31d6844caa72dd97926d0265,130,assets/minecraft/optifine/cit/cefi/food/pepper.properties
6658fa59ec6b2c95ef9014e9ff3725e65709b31c,387,assets/minecraft/optifine/cit/cefi/food/tube_apple.png
3b1ba61a98bf9d15563d51d08afbde96fd0ec66d,387,assets/minecraft/optifine/cit/cefi/food/tube_banan.png
7a96ca338029719756e9e354be4c243304e490f4,213,assets/minecraft/optifine/cit/cefi/food/vanilla_donut.properties
6843d14a7cefc0b048e6f726233d175b649242a4,260,assets/minecraft/optifine/cit/cefi/food/strawberry_ice_cream.properties
6c2624ef76b4fdee0261c52dad7e2bd144d1d81b,397,assets/minecraft/optifine/cit/cefi/food/tube_visnya.png
6565ce0e1904f5cfde9f8feca17a7145f81a58f1,356,assets/minecraft/optifine/cit/cefi/food/cherv.png
510ef56e2331b269070df55d622503cb0c1bde15,112,assets/minecraft/optifine/cit/cefi/food/sushi.properties
b4825daa63ea44e8fd12e633b59ff7447c003830,353,assets/minecraft/optifine/cit/cefi/food/kecup.png
48e88ba75a5756143a8776152e219194cca0f8cc,314,assets/minecraft/optifine/cit/cefi/food/cheese.png
b9123024a9ad9597f6845596d1393ef03001b690,132,assets/minecraft/optifine/cit/cefi/food/kecup.properties
7146c95c4be949d62b3075259c11ed479d0eec71,109,assets/minecraft/optifine/cit/cefi/food/cheese.properties
2b430f7cf02caaedb3265bc93b013891b69210fd,121,assets/minecraft/optifine/cit/cefi/food/cherv.properties
1acdbc2a3f5c7a933e408648e6917ecf469b241f,2191,assets/minecraft/optifine/cit/cefi/food/pepper.png
d0075a0206ca7fb2e3291f2ff686b318c9c90c2f,308,assets/minecraft/optifine/cit/cefi/food/strawberry_donut.png
78f3f22e83b25506e30783261f6f2b1fe6e09d18,195,assets/minecraft/optifine/cit/cefi/food/tube_visnya.properties
9b17bddc5fdabad4fd369e3fd56d5ee95521215a,209,assets/minecraft/optifine/cit/cefi/food/crisps.png
2f10ace3c000531a7b4d1495c87de24c6e695360,146,assets/minecraft/optifine/cit/cefi/food/eggplant.properties
eb71b938fe529da1c95039f33c0259bb3a1f38c2,139,assets/minecraft/optifine/cit/cefi/food/grape.properties
82d2229dcc49d5a9392a3f28fe2b71f6948d9203,246,assets/minecraft/optifine/cit/cefi/food/vanilla_ice_cream.properties
f94c03aaebb06cced874404f74d6b2f3d4a5fcf3,356,assets/minecraft/optifine/cit/cefi/food/fried_egg.png
f7f7fc0e2b6765a52c2f6a0f5c614f9755f2c012,131,assets/minecraft/optifine/cit/cefi/food/burger.properties
97b566539ce8b70c5d529e5f274c2764bf114c21,540,assets/minecraft/optifine/cit/cefi/food/cosmo_cookie.png
7fe4fde7ef8289d2eb3d5972393a236c0c3635ad,201,assets/minecraft/optifine/cit/cefi/food/tube_apple.properties
8c832ffd4f28eb9c7be44ba36ac42d53c7fa2996,342,assets/minecraft/optifine/cit/cefi/food/vanilla_ice_cream.png
eb108eb885e2937b6a2724211234c775b9058944,581,assets/minecraft/optifine/cit/cefi/food/octo.png
4c41e8f635be3bbf07ef97884870f7d7e7e11462,194,assets/minecraft/optifine/cit/cefi/food/earth_lolipop.properties
185b53115a4f56a82b5b13eca9830215ad1ac20b,227,assets/minecraft/optifine/cit/cefi/food/strawberry_donut.properties
cdfc47feca7e14b4e6c79a463e8e799925e91864,338,assets/minecraft/optifine/cit/cefi/food/earth_lolipop.png
86c99bb1560fa5466f6f0913ce80453033cf1096,285,assets/minecraft/optifine/cit/cefi/food/chocolate_donut.png
0aece212b95678c18bd0c7027ef9ac769da5498e,364,assets/minecraft/optifine/cit/cefi/food/slice_of_pizza.png
4c7cb4f4e1e32d0420c5325aab2e40f12b3fc6d9,465,assets/minecraft/optifine/cit/cefi/food/infec_cookie.png
18cecb4e0e4995a92fe93cdbaae7fa084434386e,403,assets/minecraft/optifine/cit/cefi/food/eye_yep.png
d8c919f6d8e09f12f71a698ec83c0512979f2982,303,assets/minecraft/optifine/cit/cefi/food/vanilla_donut.png
f6636e93ca5d190861e2410032c33427641ccd18,252,assets/minecraft/optifine/cit/cefi/food/sushi.png
069ec0bc371913997be15e85299a338909cc5ca1,186,assets/minecraft/optifine/cit/cefi/food/french_fries.properties
a694f5223df1a5a2ed9c50230241d42c2725e25b,346,assets/minecraft/optifine/cit/cefi/food/strawberry_ice_cream.png
8843d5dfe491705442a2982d84a26dc6ea8a5bab,187,assets/minecraft/optifine/cit/cefi/food/cosmo_cookie.properties
df719613b915a25117970414cacdbe7cb765bb62,110,assets/minecraft/optifine/cit/cefi/food/potions/derevian_chasa_s_pivom.json
86d4e02121b345f5767523fd742c34e3eac640b4,91,assets/minecraft/optifine/cit/cefi/food/potions/yad.json
a408839d1f5c0bedd928016617a187ba77fdf9d8,177,assets/minecraft/optifine/cit/cefi/food/potions/derevian_chasa_s_pivom.properties
29f9d853b0caba07690737e6ea9841ed141b53ad,597,assets/minecraft/optifine/cit/cefi/food/potions/derevian_chasa_s_pivom.png
1b756b761a80b864a14523609ec60b736561414f,393,assets/minecraft/optifine/cit/cefi/food/potions/yad.png
a19ea94aac435e3cb124a13d640c215728dc3e37,221,assets/minecraft/optifine/cit/cefi/food/potions/yad.properties
78f1f2ff99b027571910ca44fa9c524ccf2137e9,278,assets/minecraft/optifine/cit/cefi/food/rotten_tomato/rotten_tomato.png
5ad4f4a3788e26ed97090a98e42c07881b516a0f,225,assets/minecraft/optifine/cit/cefi/food/rotten_tomato/rotten_tomato.properties
4e7af9089be30fe993592cbde9c9c734317376e8,810,assets/minecraft/optifine/cit/cefi/swords/plasma_sword.json
9fefbfd5046d2e35e8d3b89c0f38da49601f8f0b,361,assets/minecraft/optifine/cit/cefi/swords/knife_first.png
d91bd137620d3b8e9268b409602712384326924b,215,assets/minecraft/optifine/cit/cefi/swords/2.properties
62de5613a771f453191e71737970a75aed06181e,210,assets/minecraft/optifine/cit/cefi/swords/dikiy.properties
78f2fdf117984b0a86751f6c1889281b47493229,187,assets/minecraft/optifine/cit/cefi/swords/volkoboy.properties
7684ebb1cf69a9a8ec2d17c70ea0cba0b1b753ea,800,assets/minecraft/optifine/cit/cefi/swords/revik.json
f2e179e4aa5aa7baa67cc7956d1289e6353db5e7,213,assets/minecraft/optifine/cit/cefi/swords/headslash.properties
3c6606517c0fdfc8ad64119b92d0a6241cee7a36,714,assets/minecraft/optifine/cit/cefi/swords/spear_aski.json
20da0450dd9fedc1de64049b60e4c8b50eef2b3c,262,assets/minecraft/optifine/cit/cefi/swords/spear_aski.properties
c384084fd9b7a9144d3a355acf481481e2279e09,210,assets/minecraft/optifine/cit/cefi/swords/fire_sword.properties
6a19d11a1518cbf19be75ce62a3dce956e401b81,645,assets/minecraft/optifine/cit/cefi/swords/mother_machet.json
6211b1208eb3900997e2f126a7d0b2d3c9a37e4f,253,assets/minecraft/optifine/cit/cefi/swords/7.properties
ef907e0f01099f5659b2ff84c3a17982f976d25a,235,assets/minecraft/optifine/cit/cefi/swords/knife_four.properties
e2d882fab0b78895540a4f294dfa090119ee9541,639,assets/minecraft/optifine/cit/cefi/swords/bone_sword.png
9997db0069a18f0fafb4f573555c3952ecb63f43,241,assets/minecraft/optifine/cit/cefi/swords/trick_bat.properties
970737da9fae8ba79bcefed706677c2cfa4456c2,742,assets/minecraft/optifine/cit/cefi/swords/volkoboy.json
5fddae3ca64ace49db837d0309bd19ed7b962d90,240,assets/minecraft/optifine/cit/cefi/swords/britva.properties
efc1530fe6c8d1346e05adce90a007567f3f301a,254,assets/minecraft/optifine/cit/cefi/swords/6.properties
9ecf669a09eb8bbcf0c52261d5beddfa6e3794a0,260,assets/minecraft/optifine/cit/cefi/swords/memb_sword.properties
ea7f7ac6111cb1dc533f4599cb6d8dac9e70e87a,262,assets/minecraft/optifine/cit/cefi/swords/plasma_sword.properties
752c9ba42eacb68f12739bf53e71827c8b6e5fea,185,assets/minecraft/optifine/cit/cefi/swords/knife_three.properties
8e78c7112771fb9992a414558c41422ea120c822,220,assets/minecraft/optifine/cit/cefi/swords/knife_two.properties
3896ff9a36d5143f18e6a42abeb3ad48034fce06,147,assets/minecraft/optifine/cit/cefi/swords/polovnik.properties
01be51dd8a605b655e825a77aadc282305dd1c3b,474,assets/minecraft/optifine/cit/cefi/swords/revik.png
b0fd1dc7761b7df57863573fca9d1cd205393cff,517,assets/minecraft/optifine/cit/cefi/swords/6.png
b5a2029b68479df8e528032a692498e351bc4a57,346,assets/minecraft/optifine/cit/cefi/swords/knife_second.png
61932fe5e470bc2e16615651c1dcaa6b0e9a7210,282,assets/minecraft/optifine/cit/cefi/swords/mooncheese_sword.properties
5eeb4db013d0542f6b6e6beed9e778047c8a649a,539,assets/minecraft/optifine/cit/cefi/swords/7.png
10a2e3e0289ae917123a38ff85d241088d0b8b5e,270,assets/minecraft/optifine/cit/cefi/swords/bone_sword.properties
c8b26a5e7e9c594d15ca69f79e20e17bc3e218dd,515,assets/minecraft/optifine/cit/cefi/swords/5.png
7f687604bd63d7c6a595dfc504bfa6e0dad084a8,498,assets/minecraft/optifine/cit/cefi/swords/3.png
11af65f9ec75a1e408a003168b0610b3965b4ed6,44,assets/minecraft/optifine/cit/cefi/swords/fire_sword.png.mcmeta
ac3d473e794bead2d23d2062c8d48727eb47815b,272,assets/minecraft/optifine/cit/cefi/swords/leneyka.properties
8995c1fa391e8953d03953e97642616d797c3904,805,assets/minecraft/optifine/cit/cefi/swords/memb_sword.json
fda3de5814b8d4a60cd80c833ba8628a8e49eca1,1260,assets/minecraft/optifine/cit/cefi/swords/leneyka.json
fc92d9d14c4a2b28e16a52b31dcbb14ff87ac724,272,assets/minecraft/optifine/cit/cefi/swords/revik.properties
eb3423788971a7deaa99a6f0f86c6402cb2a89f9,259,assets/minecraft/optifine/cit/cefi/swords/moonsteel_sword.properties
65ce07986bc0427163427f7b909df93f22d648eb,534,assets/minecraft/optifine/cit/cefi/swords/4.png
d4e13e0e44a2c27ccd190d9c2690ab9b1c963e2b,291,assets/minecraft/optifine/cit/cefi/swords/britva.png
51ac362017cbe2a1e5bc022ca53b182810b36634,570,assets/minecraft/optifine/cit/cefi/swords/plasma_sword.png
bb8a06d3cbe9b526eeef764ab3d0c2f79e8703af,3103,assets/minecraft/optifine/cit/cefi/swords/headslash.json
53b156847a7b558bd97d5df5cdd7d432f282e8ee,804,assets/minecraft/optifine/cit/cefi/swords/trick_bat.json
cdee1a0d5c853ec0f6e34534873acc557101c042,191,assets/minecraft/optifine/cit/cefi/swords/shupalka.properties
7cbf27a47075590b741cb007d1d8194306166a50,521,assets/minecraft/optifine/cit/cefi/swords/1.png
ec1eaaee8990e16d7510737d72540138f1e187a9,218,assets/minecraft/optifine/cit/cefi/swords/4.properties
be466024960d6a9d8b0a4fd1b07d0073fb2a5c06,804,assets/minecraft/optifine/cit/cefi/swords/mooncheese_sword.json
6de948dbfd489081d4a53653b3ff1ba27451c469,500,assets/minecraft/optifine/cit/cefi/swords/2.png
1bb331a55896be372e37a40611753bd3249650db,534,assets/minecraft/optifine/cit/cefi/swords/dikiy.png
c973b6e0385498fb6666b5e53234aa76d78d05a3,302,assets/minecraft/optifine/cit/cefi/swords/koshmarik.properties
51f4a2f1f9391ea9ccbc3509389e329c4a88f57b,804,assets/minecraft/optifine/cit/cefi/swords/koshmarik.json
8fa7fc1aaf3062e4a08c184d585fa1c7b8c6e031,1399,assets/minecraft/optifine/cit/cefi/swords/molot.json
27f2b7417bf3281b1b6ad231b1706ce10f3125b5,213,assets/minecraft/optifine/cit/cefi/swords/1.properties
d0748d7bf1acdeb8a3931d3df762769482297156,323,assets/minecraft/optifine/cit/cefi/swords/moonsteel_sword.png
ab20e01a12e144bcad4575c367b50565fa60acbb,1256,assets/minecraft/optifine/cit/cefi/swords/headslash.png
268a9bd5b916a17a2b0f8d90d0695618944197ac,216,assets/minecraft/optifine/cit/cefi/swords/3.properties
16b6fb34df2a59a52fa09818ce6c5133d405cb7f,256,assets/minecraft/optifine/cit/cefi/swords/8.properties
e21177631dae7ad67ef1d28b0b779a06103fc63b,499,assets/minecraft/optifine/cit/cefi/swords/polovnik.png
e66729d34306715603a0c2b03fe06b8cbbf90583,838,assets/minecraft/optifine/cit/cefi/swords/molot.png
cea8949e4601310ba9ca21fc3be590690f32b76a,808,assets/minecraft/optifine/cit/cefi/swords/polovnik.json
df9edcbc64019f8248f1d2b11fd0266fcdd59cb0,993,assets/minecraft/optifine/cit/cefi/swords/genji_sword.png
9dea87a8ebb26837a88d47fbea8c3df1b49ba2e2,2362,assets/minecraft/optifine/cit/cefi/swords/genji_sword.json
880f64eb290ba33d8441ae16732d9dc742b7a631,328,assets/minecraft/optifine/cit/cefi/swords/knife_third.png
2350a7ffb861cf18a757e4a20d305b0e6fe72031,519,assets/minecraft/optifine/cit/cefi/swords/8.png
be6b067fb72805e6902d4a91d7b27b10048e319a,666,assets/minecraft/optifine/cit/cefi/swords/fire_sword.png
602b3c3c15cbb80e3b3362347b9b20dce2b78e9d,675,assets/minecraft/optifine/cit/cefi/swords/spear_aski.png
99dfcf545b10658680a754b8c993c68997065482,720,assets/minecraft/optifine/cit/cefi/swords/mooncheese_sword.png
6003ca121e18bf1c3bb6bc53f7e7b966a60ad53e,799,assets/minecraft/optifine/cit/cefi/swords/dikiy.json
c832105da5f4ba4d0ab06b12b7315aafe579bf1d,542,assets/minecraft/optifine/cit/cefi/swords/koshmarik.png
cb81504fa1395f89915736f9e374c0a72674f84b,349,assets/minecraft/optifine/cit/cefi/swords/knife_fourth.png
361b3a75367e3a131bf8f6bc57a0ce5dc736910d,396,assets/minecraft/optifine/cit/cefi/swords/volkoboy.png
48520096ad78aaeb548dfb9be0ff5b39d6905af6,803,assets/minecraft/optifine/cit/cefi/swords/shupalka.json
1ed72572ea935487a3c900a5e61a01ad05d9973c,609,assets/minecraft/optifine/cit/cefi/swords/shupalka.png
0110b44e04aa44ec8695f0e05dd10530d23b766f,251,assets/minecraft/optifine/cit/cefi/swords/5.properties
9fc5fbcc15bdce4ac7c8fcae3c76f8f9049c4bfd,233,assets/minecraft/optifine/cit/cefi/swords/genji_sword.properties
4879340a271e197b38bdef0d1564c4a977d85dc3,659,assets/minecraft/optifine/cit/cefi/swords/trick_bat.png
0720b991b8970e0e1aa1537bed7feb7eaf8c3845,416,assets/minecraft/optifine/cit/cefi/swords/leneyka.png
7e89fc03d6c82a93c8941b641955d000d83d2e6a,245,assets/minecraft/optifine/cit/cefi/swords/knife_one.properties
789c5b575a6e0ddb319a04456fbc147b5387b828,643,assets/minecraft/optifine/cit/cefi/swords/memb_sword.png
9150abe3daf368f7cc0996b263b7b213ea042c87,185,assets/minecraft/optifine/cit/cefi/swords/molot.properties
53564ea906996a5622db8c5831bb1f7589e4bf04,290,assets/minecraft/optifine/cit/cefi/swords/plasma_sword/plasma_sword.properties
579ca25896c99ec2abfd3b29978ed9b35c9de5a4,399,assets/minecraft/optifine/cit/cefi/swords/plasma_sword/plasma_sword.png
1355866a2f9d578596f30c718c521c0e82317915,284,assets/minecraft/optifine/cit/cefi/swords/freedom_staff/freedom_staff.properties
00fe0781db91a7c12fc67af62a798fb58d2cf159,484,assets/minecraft/optifine/cit/cefi/swords/freedom_staff/freedom_staff.png
d597714f839c62e9f217b895b35adadefd419498,858,assets/minecraft/optifine/cit/cefi/swords/nunchuck/2xhand_nunchack.json
0b95fa74315c1146e910295535c6f9efa4df8fde,292,assets/minecraft/optifine/cit/cefi/swords/nunchuck/nunchuck.png
7b51fcef77876ef550afa20a975cdc439045de4a,207,assets/minecraft/optifine/cit/cefi/swords/nunchuck/nunchuck.properties
c1619b4cb793787e5a228df9b6f0b8ad88f4fb40,321,assets/minecraft/optifine/cit/cefi/swords/antique/antique.png
7623a0f387360db25e95154341a25dbed982b796,262,assets/minecraft/optifine/cit/cefi/swords/antique/antique.properties
245b947c6305d1f9466852eb5840a3f47f786486,294,assets/minecraft/optifine/cit/cefi/swords/adventurer_sword/adventure_sword.properties
6f78dc36390e2ee074ed21f311d08303bfc765b5,908,assets/minecraft/optifine/cit/cefi/swords/adventurer_sword/adventure_sword.png
9b80bba9469455c3fa40ada1c0e275919897fd07,4000,assets/minecraft/optifine/cit/cefi/swords/adventurer_sword/adventure_sword.json
2e7d7aabbaf6fc3806af2607b2906eb8a607eae1,388,assets/minecraft/optifine/cit/cefi/swords/reaver/diamond_reaver.png
cc3476d5ec8552cb379c30d76d9f096e5a272640,240,assets/minecraft/optifine/cit/cefi/swords/reaver/diamond_reaver.properties
c7aaaa67e815e9c2f3aa67b4863e6d8efb881f26,233,assets/minecraft/optifine/cit/cefi/swords/reaver/the_reaver.properties
4ce11d594dbc52ae5b05c33ee9968c0d7dcb90dc,238,assets/minecraft/optifine/cit/cefi/swords/reaver/golden_reaver.properties
2bbe41222a65c81c3e82ea2f804202cd3587ba74,406,assets/minecraft/optifine/cit/cefi/swords/reaver/the_reaver.png
ef10e920044bd695d0e49af17541d08585d4db96,429,assets/minecraft/optifine/cit/cefi/swords/reaver/golden_reaver.png
de75621e549cad862ce34e545ed22792d8f41f68,5556,assets/minecraft/optifine/cit/cefi/swords/cybersword/b_cybersword.json
781d605bacea15c3d6bd6fcc03dbbdafe300be8a,305,assets/minecraft/optifine/cit/cefi/swords/cybersword/y_cybersword.properties
8f2d8c0f4fba36f582f5c40289a2f66cfd3ec153,2863,assets/minecraft/optifine/cit/cefi/swords/cybersword/r_cybersword.png
d01dd6c3a722aea2d278805ce9f9246e18411148,2357,assets/minecraft/optifine/cit/cefi/swords/cybersword/y_cybersword.png
b0c12546b3b30c73272d6ca4fe911f5023bb25e1,2843,assets/minecraft/optifine/cit/cefi/swords/cybersword/b_cybersword.png
77df828d372f6ed8e2d84ccbe9007a1ac0464959,297,assets/minecraft/optifine/cit/cefi/swords/cybersword/b_cybersword.properties
df3bf5449b153c9ed7faef4c3858d03987ca8b54,329,assets/minecraft/optifine/cit/cefi/swords/cybersword/o_cybersword.properties
51af8002ca33d234e9630044d5dc8d918f7b953e,2843,assets/minecraft/optifine/cit/cefi/swords/cybersword/p_cybersword.png
3e1c51196113e9bfb2b47c2cee1b7d40abfa46e3,2845,assets/minecraft/optifine/cit/cefi/swords/cybersword/o_cybersword.png
265d7dd0893de411f51fa5cf7a6a2f914f3fc8f7,5556,assets/minecraft/optifine/cit/cefi/swords/cybersword/y_cybersword.json
e069017f1f9d0fc2f97b6d17a02a4d5c85f8c027,5556,assets/minecraft/optifine/cit/cefi/swords/cybersword/r_cybersword.json
7007c6ba8237b925fff77c0fb8a6991904e6f299,5556,assets/minecraft/optifine/cit/cefi/swords/cybersword/g_cybersword.json
bc81c52597f843156775281de40e95adb839a9e3,337,assets/minecraft/optifine/cit/cefi/swords/cybersword/p_cybersword.properties
db3c27bde9f51e37b16a166213abe7381e7a3ed1,314,assets/minecraft/optifine/cit/cefi/swords/cybersword/lb_cybersword.properties
6d26c5c7e762da9604e7468a5d37a3eab0e0b5e9,2840,assets/minecraft/optifine/cit/cefi/swords/cybersword/g_cybersword.png
4d9ef4a5b58f2f6f871a63843c95513022410dbd,313,assets/minecraft/optifine/cit/cefi/swords/cybersword/g_cybersword.properties
91a9d383a00d450d1c0a2c9b486d442e72fddf5e,5558,assets/minecraft/optifine/cit/cefi/swords/cybersword/lb_cybersword.json
8fabbc538d7ad3befe57bc5b5cfdc304c72a271f,2862,assets/minecraft/optifine/cit/cefi/swords/cybersword/lb_cybersword.png
870edece141130454c60b581f023393ea4fb51ec,5556,assets/minecraft/optifine/cit/cefi/swords/cybersword/p_cybersword.json
2690a122055a1d89564022f150b5e0013b4e2f78,313,assets/minecraft/optifine/cit/cefi/swords/cybersword/r_cybersword.properties
8baf460b80ecbb40af45f875cde0d6682e5a448a,5556,assets/minecraft/optifine/cit/cefi/swords/cybersword/o_cybersword.json
c0269373cbc4ead8708253cc482ef20e5918bb14,246,assets/minecraft/optifine/cit/cefi/swords/frostscythe/frostscythe.properties
404e3ec8380f588338711f7d2f841f85c4832f7a,634,assets/minecraft/optifine/cit/cefi/swords/frostscythe/frostscythe.png
ff65b27d07bcb96489f26d49612d73e2891500b7,19088,assets/minecraft/optifine/cit/cefi/swords/frostscythe/frostscythe.json
646766fb5d5a1209a3c8b1e89cc4b1a2077f896e,150,assets/minecraft/optifine/cit/cefi/swords/kitchen/doormat.properties
22aa8911b3bb277718776d6c459e728875e15cb2,245,assets/minecraft/optifine/cit/cefi/swords/kitchen/cutting_board.png
26a74c9ad211315658463f9d26ef2a035400ff95,254,assets/minecraft/optifine/cit/cefi/swords/kitchen/doormat.png
462a62e399ff8672bcda8d7c3d437b93808f7a1a,222,assets/minecraft/optifine/cit/cefi/swords/kitchen/cutting_board.properties
e2116c160621c53d1a4f4272ba4bf4ae0fd5545e,231,assets/minecraft/optifine/cit/cefi/swords/cyberpunch/b_cyberpunch.properties
3c86bb3d5aec813bf7ba35a63ebda8bb161d8109,2699,assets/minecraft/optifine/cit/cefi/swords/cyberpunch/lb_cyberpunch.json
8bcc2e3f8bea7feae4f1e87720ac405e3d92c1be,1499,assets/minecraft/optifine/cit/cefi/swords/cyberpunch/p_cyberpunch.png
128301e69bfca1049b3ab973fb05879af0b0668c,1389,assets/minecraft/optifine/cit/cefi/swords/cyberpunch/o_cyberpunch.png
f607e32219c3153cd398c69bf8792c5e208df7a4,2667,assets/minecraft/optifine/cit/cefi/swords/cyberpunch/r_cyberpunch.json
4864a546ecf542139a03daedad493c879ac84cde,2697,assets/minecraft/optifine/cit/cefi/swords/cyberpunch/y_cyberpunch.json
d341c3271f9f4da18a8a672e8eebaebc43227ecd,1365,assets/minecraft/optifine/cit/cefi/swords/cyberpunch/y_cyberpunch.png
1155571496951cb99438267bc31b52df92c0887f,263,assets/minecraft/optifine/cit/cefi/swords/cyberpunch/o_cyberpunch.properties
7ad19acf847bd401e77b9c0523f8091e9b01a695,1480,assets/minecraft/optifine/cit/cefi/swords/cyberpunch/b_cyberpunch.png
fcc3dbe5dc3d792092c4987ac87f4ca148ac8e54,247,assets/minecraft/optifine/cit/cefi/swords/cyberpunch/r_cyberpunch.properties
7705d348a2a736955aea5c42d75e8ee6441b2780,2667,assets/minecraft/optifine/cit/cefi/swords/cyberpunch/o_cyberpunch.json
0d3ac32ee646bef31b4c146c635a93e6dbbba668,248,assets/minecraft/optifine/cit/cefi/swords/cyberpunch/lb_cyberpunch.properties
8088d325f58e91e851bca06f6cfd4165c76f284e,239,assets/minecraft/optifine/cit/cefi/swords/cyberpunch/y_cyberpunch.properties
ab735203862c4a2fc9dce0959d0de21d29ffb9c1,247,assets/minecraft/optifine/cit/cefi/swords/cyberpunch/g_cyberpunch.properties
2608a60166b3a6d71d060ccab0f7e5eff81511a8,1296,assets/minecraft/optifine/cit/cefi/swords/cyberpunch/g_cyberpunch.png
5de18f697d76a9dcf2b6f4e9960d21721399cd3b,1366,assets/minecraft/optifine/cit/cefi/swords/cyberpunch/lb_cyberpunch.png
07025ff73aafb1d9a149f6d3f9b25662bdd400b9,2697,assets/minecraft/optifine/cit/cefi/swords/cyberpunch/p_cyberpunch.json
2fd7d6de41b5cef0c743b593e38f6175759ad478,2697,assets/minecraft/optifine/cit/cefi/swords/cyberpunch/b_cyberpunch.json
fbc335a71337eabbc6adf48979af91a525888f4b,2667,assets/minecraft/optifine/cit/cefi/swords/cyberpunch/g_cyberpunch.json
59bb0811268610663cb67013688846997446f290,271,assets/minecraft/optifine/cit/cefi/swords/cyberpunch/p_cyberpunch.properties
c852312d196ed3dc8046af563b6250e03fffdf72,1470,assets/minecraft/optifine/cit/cefi/swords/cyberpunch/r_cyberpunch.png
6cf895b3714ecacfd8c87760abc1e944416d6892,378,assets/minecraft/optifine/cit/cefi/swords/infested_sword/infested_sword.png
12d16808b9801fb2745d302009e34d234fe5be0a,294,assets/minecraft/optifine/cit/cefi/swords/infested_sword/infested_sword.properties
af1a37c542fd5693d0cb7908a3f1dbbcd02b3812,273,assets/minecraft/optifine/cit/cefi/swords/terracotta_blade/terracotta_blade.png
356b2d9e024d2fe0a7f48211333fa11c2fddcd92,337,assets/minecraft/optifine/cit/cefi/swords/terracotta_blade/terracotta_blade.properties
4c41419d33fae29b358c7673be7539ad43059a1a,236,assets/minecraft/optifine/cit/cefi/swords/eurica/eurica.properties
0e535158317dacca59687f6c0f2999d1162b717a,343,assets/minecraft/optifine/cit/cefi/swords/eurica/eurica.png
f2e179e4aa5aa7baa67cc7956d1289e6353db5e7,213,assets/minecraft/optifine/cit/cefi/swords/headlash/headslash.properties
a6bfe5b4f74e5fc44ed53640174a751f3d04bdb5,3204,assets/minecraft/optifine/cit/cefi/swords/headlash/headslash.json
ab20e01a12e144bcad4575c367b50565fa60acbb,1256,assets/minecraft/optifine/cit/cefi/swords/headlash/headslash.png
0f9113375b19b2c9f444fe13645360735d4fdf81,250,assets/minecraft/optifine/cit/cefi/swords/stop_sign/stop_sign.properties
2ac8360b93fbcdc1c62105e48da412d2dc0970dc,476,assets/minecraft/optifine/cit/cefi/swords/stop_sign/stop_sign.png
7aa2f64ec36755e67bea2f5341f10f1204ad1e1a,443,assets/minecraft/optifine/cit/cefi/swords/razor_blade/razor_blade.png
de9766b1c92e0e18d4eebca2ddeb4b0b697e0467,293,assets/minecraft/optifine/cit/cefi/swords/razor_blade/razor_blade.properties
79500153429d6870542301f2f6a1357e8e4bcfef,150,assets/minecraft/optifine/cit/cefi/hats/visor/visor.png
39cc33b0fcd770a1297375106aa64c0e475e1be8,127,assets/minecraft/optifine/cit/cefi/hats/visor/visor.properties
9dd66bb7c500d0f705c47f525e58bf19bb0e8a75,2374,assets/minecraft/optifine/cit/cefi/hats/visor/cap_mini_1.json
c043ac1b5a283b7e1553891a3d6d763e3d5ef544,8097,assets/minecraft/optifine/cit/cefi/hats/dragon_hat/dragon.json
90ff450e774739674c13df82f8e70ea4f1222edd,1818,assets/minecraft/optifine/cit/cefi/hats/dragon_hat/dragon.png
296c479ddc878df17d134498c23cfe59670eab0a,166,assets/minecraft/optifine/cit/cefi/hats/dragon_hat/dragon.properties
daafa936735d05c7c1ee54e567101287caf54c1b,3203,assets/minecraft/optifine/cit/cefi/hats/axolotl/axolotol.json
a62bdfee2f6be18959591bd64603447320af1bfc,267,assets/minecraft/optifine/cit/cefi/hats/axolotl/axolotl.png
dee1048cc99e3724a49e4333f3fc58d77fde8130,207,assets/minecraft/optifine/cit/cefi/hats/axolotl/axolotl.properties
25f7115e52da8989d03816e2c8a9deeef38241eb,785,assets/minecraft/optifine/cit/cefi/hats/yodas_mask/yoda_from_bugrock.png
40de7f8cf9604dded5ff4819a6ecb492a0a7d804,161,assets/minecraft/optifine/cit/cefi/hats/yodas_mask/yoda.properties
032d3f7825286bd45aae76459c3ee176347906ce,4580,assets/minecraft/optifine/cit/cefi/hats/yodas_mask/yoda.json
5532ff675b1a8cd1afe97c6a4e2c8287dfe9a029,1438,assets/minecraft/optifine/cit/cefi/hats/zarif_hat/zarif_hat.png
97c226263fc16e698bec7c0d09829c3584a52886,110,assets/minecraft/optifine/cit/cefi/hats/zarif_hat/zarif_hat.properties
d85f4f3fcf31d91cf1a8f02218a19cffdf1b64de,2178,assets/minecraft/optifine/cit/cefi/hats/zarif_hat/zarif_hat.json
4b7c9b9ae65917d565874e3bab90f9b979e082ae,266,assets/minecraft/optifine/cit/cefi/hats/sput/sput.png
131783d41a3c21fe07dd66a1856ce614ded0cb99,4253,assets/minecraft/optifine/cit/cefi/hats/sput/sput.json
9b458e12256a512d9116c3d6f102251688413e79,141,assets/minecraft/optifine/cit/cefi/hats/sput/sputnik.properties
ccfd4b6625c8fd430e87251b1a62330e3414a666,121,assets/minecraft/optifine/cit/cefi/hats/voron/voron.properties
fc90b4e5c49c7b06cf47e8ed3235e55ed2d28129,656,assets/minecraft/optifine/cit/cefi/hats/voron/voron.png
b368cfaf8e683794e7ade23e207a757909bdaf9c,5784,assets/minecraft/optifine/cit/cefi/hats/voron/voron.json
7c39a0241dc2e30323c09d923e7822569b7d61f7,190,assets/minecraft/optifine/cit/cefi/hats/crown/crown.properties
ab575b20c0831cd702726bdff84039a99d9791ea,2186,assets/minecraft/optifine/cit/cefi/hats/crown/crown.json
3b867d018974fff4056d7f7b8f9cf37969ead24a,296,assets/minecraft/optifine/cit/cefi/hats/crown/crown.png
9f2203875d202f0d8e0de8c47494d62b8900bf7b,185,assets/minecraft/optifine/cit/cefi/hats/hidehelmet/hidehelmet.properties
1f5068d81fa0f3e80510ce5609af89eb41075544,6236,assets/minecraft/optifine/cit/cefi/hats/hidehelmet/hidehelmet.json
f97c173d736a0d539e63b069acf99d85aaf57c75,1456,assets/minecraft/optifine/cit/cefi/hats/hidehelmet/hidehelmet.png
d1503b4b0665e3702c9ed0acf953207771abd108,3467,assets/minecraft/optifine/cit/cefi/hats/sparta_helmet/sparta_helmet.json
6fa75d84dc2f3782a20b94da8754e391eb365c3e,205,assets/minecraft/optifine/cit/cefi/hats/sparta_helmet/sparta_helmet.properties
fa16e2901586b89212080eee8908d264cdada902,1033,assets/minecraft/optifine/cit/cefi/hats/sparta_helmet/sparta_helmet.png
7ff6d75af00dbee6e63f787a377f99c045a86796,1026,assets/minecraft/optifine/cit/cefi/hats/nutcracker/nutz.png
29f5d36abae714a161f382cd6c75e9817da12b86,3253,assets/minecraft/optifine/cit/cefi/hats/nutcracker/nutcracker.json
2b73c465784fe3951b2b5a92eaa2aaeb4db7410f,164,assets/minecraft/optifine/cit/cefi/hats/nutcracker/nutcraker.properties
f0f44e640e588355fb60f40e091b207974ebc5a9,5052,assets/minecraft/optifine/cit/cefi/hats/foxhelmet/foxhelmet.json
a5d49bb22e3187d48ce32a4300402cba6831c37f,1678,assets/minecraft/optifine/cit/cefi/hats/foxhelmet/foxhelmet.png
095ceaae9d0a5f94784c285781eb7ea47bfdcca5,181,assets/minecraft/optifine/cit/cefi/hats/foxhelmet/foxhelmet.properties
230aa22e14e446c8a3f0615a205f60a3be61c4f9,183,assets/minecraft/optifine/cit/cefi/hats/thiefhelmet/thiefhelmet.properties
182c683ca0a0d588a0451bb192cc03d1c0679ffb,1687,assets/minecraft/optifine/cit/cefi/hats/thiefhelmet/thiefhelmet.png
928019907b3a6ef0c8ea8482134c15f3c34e313b,3600,assets/minecraft/optifine/cit/cefi/hats/thiefhelmet/thiefhelmet.json
2d979b47639268236bab5de0901070bc9fa24b91,2655,assets/minecraft/optifine/cit/cefi/hats/ghostface/ghostface.json
0a7bffc24bc9d39ce9184eb5f61a69ed72799923,599,assets/minecraft/optifine/cit/cefi/hats/ghostface/whoareu.png
978802a9a716036297750cefa708c401d289b3a0,2647,assets/minecraft/optifine/cit/cefi/hats/ghostface/whoareu.json
fe17b0c660e15f99e62bc5c6982fa49916e629d2,567,assets/minecraft/optifine/cit/cefi/hats/ghostface/ghostface.png
0ea697c9b3fc0e06287d8a743fbc89a1f24066a0,186,assets/minecraft/optifine/cit/cefi/hats/ghostface/whoareu.properties
ce5db64690b48ffa6beb6753fdea2e0ab5ac417c,122,assets/minecraft/optifine/cit/cefi/hats/ghostface/ghostface.properties
de80f1a9bfac9fecfead403bd028296a116b4a7e,1059,assets/minecraft/optifine/cit/cefi/hats/winrar/winrar.png
d083990ab60518caa6660c6a9d51fc781d473054,178,assets/minecraft/optifine/cit/cefi/hats/winrar/winrar.properties
a201f861db16146591bc40e34006766f48d1aba7,10344,assets/minecraft/optifine/cit/cefi/hats/winrar/winrar.json
dec85be06697cd9193176b4b787f95ced71199bd,957,assets/minecraft/optifine/cit/cefi/hats/rattlesnake/rattlesnake.png
e7745584f803e5b1ce8de879fbfff821b7e8b67b,3204,assets/minecraft/optifine/cit/cefi/hats/rattlesnake/rattlesnake.json
125556f9dacf17abb3caed0419638b6317e14a53,191,assets/minecraft/optifine/cit/cefi/hats/rattlesnake/rattlesnake.properties
6a60b53c88700461028993324feca352931aa426,8133,assets/minecraft/optifine/cit/cefi/hats/crocodile/croc.json
afa99a9d7eb72f1dd4f19fc1cd476cef77b39502,149,assets/minecraft/optifine/cit/cefi/hats/crocodile/croc.properties
6cde28bc407f8b5629b12a0e805fe6889d39e284,4384,assets/minecraft/optifine/cit/cefi/hats/crocodile/croc.png
35964a5a0b899c5e1e118015edec6d670531ac9d,8247,assets/minecraft/optifine/cit/cefi/hats/solar_system/solar_system.json
49b900746aeb8fdf91414fab7ce10c69731b7194,226,assets/minecraft/optifine/cit/cefi/hats/solar_system/solar_system.properties
76300c577f2b9b91b7cfacf1399643f431e4753f,5155,assets/minecraft/optifine/cit/cefi/hats/solar_system/solar_system.png
b0ff1b219f1c5acaebe08eeec4e063afba161e97,166,assets/minecraft/optifine/cit/cefi/hats/chef_hat/chef.properties
b9f5ac88aa0bfd631f5057bf52c8fa82688b8c95,1732,assets/minecraft/optifine/cit/cefi/hats/chef_hat/chef.json
fdc27be71682a0055dd2fcdcc028089ee392a568,505,assets/minecraft/optifine/cit/cefi/hats/chef_hat/chef.png
d7b58f88238a7003fdfdf7ba6c2d176464c26bba,273,assets/minecraft/optifine/cit/cefi/hats/flower_wreath/wreath.png
79176303f85f1285a89c701bd23626c98fb00062,205,assets/minecraft/optifine/cit/cefi/hats/flower_wreath/wreath.properties
b62945459878ec8bc692a4fcaad3a514ffa5d274,1430,assets/minecraft/optifine/cit/cefi/hats/flower_wreath/wreath.json
b7a98670559a11dd2ceec8e6789e2821fdc73759,7851,assets/minecraft/optifine/cit/cefi/hats/unicorn_head/pony_hat.json
c1b2897170d39611f907cfbca092bcb86168ee9c,1130,assets/minecraft/optifine/cit/cefi/hats/unicorn_head/unicorn.png
e956d25d0c3e397474bde1f329e956319b7dd154,214,assets/minecraft/optifine/cit/cefi/hats/unicorn_head/unicorn.properties
c2f968b6c2094c08516b51bf82321ceb2808d91a,426,assets/minecraft/optifine/cit/cefi/hats/pestering_jester/pestering_jester.png
68219f0673e5e0767ad182c94a98b4c585faaa87,186,assets/minecraft/optifine/cit/cefi/hats/pestering_jester/pestering_jester.properties
367321c4b2f717cde8905ef2f0c17836d6256d58,3613,assets/minecraft/optifine/cit/cefi/hats/pestering_jester/pestering_jester.json
c97a9c950f6c23abb544c48077110a2451997a04,183,assets/minecraft/optifine/cit/cefi/hats/miku_hair/miku.properties
a0cfe591e117f79a34ccb0e4be818f32223a11dc,1108,assets/minecraft/optifine/cit/cefi/hats/miku_hair/miku.png
6526f039b371ffd4baf0a56f37e9e845b9ca2a3a,2519,assets/minecraft/optifine/cit/cefi/hats/miku_hair/miku.json
0c94f14df176d9944a9c7daa25c374024f93bce8,1147,assets/minecraft/optifine/cit/cefi/hats/amnyam/amnyam.png
3b47670483b2609852d7064807436f63ed111b64,4713,assets/minecraft/optifine/cit/cefi/hats/amnyam/amnyam.json
53fe196716243caf6b6cc9f8b5b299dc5705c667,127,assets/minecraft/optifine/cit/cefi/hats/amnyam/amnyam.properties
61169138dab22c5e26e97e93048db93ffeb01efb,439,assets/minecraft/optifine/cit/cefi/hats/vantyz/vantyz.png
828548bed998f0ad5fa3d083e1ea525df49bff8c,1953,assets/minecraft/optifine/cit/cefi/hats/vantyz/vantyz.json
0641847cea4408c02fbc80dc7646b83ad5cdb8d0,133,assets/minecraft/optifine/cit/cefi/hats/vantyz/vantyz.properties
eae1f748ba7c3b3571cac4e2383da0543557b7e8,1486,assets/minecraft/optifine/cit/cefi/hats/symmera/shleem1.png
76936c2d09756263d19ce4865c11501fee082be8,612,assets/minecraft/optifine/cit/cefi/hats/symmera/shleem2.png
a67c3490a2da3d77c9a667f0da333134b41f70bc,6320,assets/minecraft/optifine/cit/cefi/hats/symmera/symmera.json
a123ed273d6ab1eab834f110166193d8e45a9403,194,assets/minecraft/optifine/cit/cefi/hats/symmera/symmera.properties
d4ad2c88b2ea0bc28d847dd70e88156a63b20352,6256,assets/minecraft/optifine/cit/cefi/hats/alien/alien.json
4939b50334ba0e20f3a1df966bbf4c324281ddde,643,assets/minecraft/optifine/cit/cefi/hats/alien/alien.png
11e06d4877dbd9fef3876f6e4efa5a8dd752a88b,146,assets/minecraft/optifine/cit/cefi/hats/alien/alien.properties
9a0f88d3383a8134e9d8d62185004be7c17afd9e,1324,assets/minecraft/optifine/cit/cefi/hats/speedster/speedhelmet.png
793cac6efb01828b59331f0b9fdd6d29d359942f,203,assets/minecraft/optifine/cit/cefi/hats/speedster/speed.properties
1af561de99f9255c8972385704e301480007cee5,10018,assets/minecraft/optifine/cit/cefi/hats/speedster/speedhelmet.json
90164899ba891e2bdfc976d0728592bbfcb1e101,1255,assets/minecraft/optifine/cit/cefi/hats/anubis/anubis.png
c736a655618c36e6be7fce7f5742e3e2bd4ce72a,4418,assets/minecraft/optifine/cit/cefi/hats/anubis/anubis.json
8dc4a08a6a707c9bb51acde75fe15ab50db2369b,132,assets/minecraft/optifine/cit/cefi/hats/anubis/anubis.properties
6c1f9d739c7a0b56654ed5c28e49960cc6ade7a1,2530,assets/minecraft/optifine/cit/cefi/hats/masks/cizhka.png
2949e927442a0d3b84142619a17ca485fdce9131,2330,assets/minecraft/optifine/cit/cefi/hats/masks/nikitos.png
19325653a33f6e6fc8ecfaace9ba6b0181ec8031,2766,assets/minecraft/optifine/cit/cefi/hats/masks/fiuga.json
df2e20fbadc05c0c6458b3e8bb302b7e296284ba,2797,assets/minecraft/optifine/cit/cefi/hats/masks/sirmrcewa.json
01f11dbb4ba27fa1c4466566520bd77a7162af2b,147,assets/minecraft/optifine/cit/cefi/hats/masks/mourtin.properties
51f3f224dd3031ea2c866ea36a6d9678e93d5cae,2769,assets/minecraft/optifine/cit/cefi/hats/masks/dravenit.json
fbda6d5c1d8362357d6d42f774d11a3c4a5c122a,2427,assets/minecraft/optifine/cit/cefi/hats/masks/m1lyan.png
903720053614eee9127936d910dcc99e1e199330,3363,assets/minecraft/optifine/cit/cefi/hats/masks/dravenit.png
3e7b7ba81114e99665cb5240ebef8f84965d4e2a,2113,assets/minecraft/optifine/cit/cefi/hats/masks/fiuga.png
4c5d1c02d2d5992390378da708231fa5ba61523f,2900,assets/minecraft/optifine/cit/cefi/hats/masks/sirmrcewa.png
3dc47f4df4f2b843597d53c5a8c6e859a338b054,143,assets/minecraft/optifine/cit/cefi/hats/masks/cizhka.properties
e1333f459d806cf55af92b6be7da821ee604c786,147,assets/minecraft/optifine/cit/cefi/hats/masks/nikitos.properties
9646beb8af659a7671e29cbcd1036955e82bd051,139,assets/minecraft/optifine/cit/cefi/hats/masks/fiuga.properties
03f14e190086d8e346affabe99fe9025f3cccdda,264,assets/minecraft/optifine/cit/cefi/hats/masks/texture.png
05d1c5abeb9ff7a9fed4eb11c79ebbd41b2802e5,2767,assets/minecraft/optifine/cit/cefi/hats/masks/milyan.json
a59e1da859c0b459c1683b741461692847186a57,143,assets/minecraft/optifine/cit/cefi/hats/masks/milyan.properties
0d8f2e5582aa65f02c244bc24854ce16f377d04f,2768,assets/minecraft/optifine/cit/cefi/hats/masks/mourtin.json
082a95edcbc5a174d94f83ad13516dc96336765e,155,assets/minecraft/optifine/cit/cefi/hats/masks/sirnrcewa.properties
b5e9bfcb80fb3045b869336a724236f39f6a85bc,2793,assets/minecraft/optifine/cit/cefi/hats/masks/nikitos.json
f7cb5d4dba590455bc41075b23c2a0d2c611c2df,151,assets/minecraft/optifine/cit/cefi/hats/masks/dravenit.properties
f0cf1cdced3b6a8959701f5b9cd1ebdac72e0bb9,2608,assets/minecraft/optifine/cit/cefi/hats/masks/mourtin.png
206e06233431d435a8fa7daed611351d6f6acc16,2791,assets/minecraft/optifine/cit/cefi/hats/masks/cizhka.json
c16804e569b2fd7fe2e6a4617ccf39cd76ec02db,142,assets/minecraft/optifine/cit/cefi/hats/surikat/surikat.properties
ae6b428fdf7a23116ae2526164ca0ebc0bcb9b3f,1195,assets/minecraft/optifine/cit/cefi/hats/surikat/surikat.png
a107e5e500aa800b2c3e80c7eee8ad9bef6ee13d,5597,assets/minecraft/optifine/cit/cefi/hats/surikat/surikat.json
