b95ee22aacfd7968cfa3952d98392481aee4bb1d,9683,c.json
ec2efe33311bb5bd45efbd96fbcc50f6d27870d9,4370,assets/minecraft/optifine/cit/broken_heroes/omega3.json
5b700d35288239c6c2e73ad1b934bbb4e8d2ffa6,163,assets/minecraft/optifine/cit/broken_heroes/bikers.properties
3751996471c6876c5ac41cafcc901c3eab2b5595,2747,assets/minecraft/optifine/cit/broken_heroes/mrkotovasik.json
1924fbf095a9fbc97dfa70789a82da108b5deff9,738,assets/minecraft/optifine/cit/broken_heroes/kerryass.png
8162cc894216680241d9aefb49d2c9d182354b80,438,assets/minecraft/optifine/cit/broken_heroes/pascals.png
ad0b9c4920e07f763c0ed53c163c2b8daba3e4ef,3362,assets/minecraft/optifine/cit/broken_heroes/frogpaws.json
7d2c291667ee6315d27a47c3e1cfaaf3cd087306,4175,assets/minecraft/optifine/cit/broken_heroes/triad.json
2138e2283113d0fd2ad7bcf381867f594eb793d4,162,assets/minecraft/optifine/cit/broken_heroes/mrkotovasik.properties
b9b770ee74837db322a2c634548c2b47072edb55,213,assets/minecraft/optifine/cit/broken_heroes/schoolboy_2020.properties
24ae03d61b745be09772293d99de0f4ed4616912,1516,assets/minecraft/optifine/cit/broken_heroes/qugerts_.json
1a2cdb773b9c498197e43ce446b0d23bcd81b659,157,assets/minecraft/optifine/cit/broken_heroes/rjlaba.properties
d70f434f928570b9e5e81e488068279b384ebd1b,3881,assets/minecraft/optifine/cit/broken_heroes/zhoper.json
71f305dd01f9eef011c8a99dcbf020bf2b4843d5,1134,assets/minecraft/optifine/cit/broken_heroes/starleague.png
fa39f5b387b3bcebf7146a32fe699faa237b443c,170,assets/minecraft/optifine/cit/broken_heroes/maltese.properties
ba78d8899a4675f2388655e570a6cb97b3e43c9b,203,assets/minecraft/optifine/cit/broken_heroes/starleague.properties
b7c1b744fef3500ff257727f15a8aa35ab142498,198,assets/minecraft/optifine/cit/broken_heroes/sierramadre.properties
a5d1ed44739a7ea995b4c91b58686d1dd5099003,163,assets/minecraft/optifine/cit/broken_heroes/omega3.properties
04d17d6d334720f1adc1e6e2534443d3502b2158,1350,assets/minecraft/optifine/cit/broken_heroes/triad.png
7d7293c20fe6fbb6b5001161e10b85af28dcbbc7,164,assets/minecraft/optifine/cit/broken_heroes/moretti.properties
d5a270f5b71ef3eeee94328bc1bf172b55aaacee,526,assets/minecraft/optifine/cit/broken_heroes/qugerts_.png
57fdfa57c33338ef136c123d1e7c5beff80647f5,151,assets/minecraft/optifine/cit/broken_heroes/zhoper.properties
26f06dcf8322fe0698cd799a99351580123b0243,172,assets/minecraft/optifine/cit/broken_heroes/renegates.properties
485f789927cd86418f9aa2a5008c631e1e0386f3,541,assets/minecraft/optifine/cit/broken_heroes/frogpaws.png
bf5892ba172a56cb5a7273d18070245886a0c080,164,assets/minecraft/optifine/cit/broken_heroes/pascals.properties
a74fd91d2cfb3c0000e0c6db172c16ed8f237162,1074,assets/minecraft/optifine/cit/broken_heroes/50blessings.png
0cdeee0ae447fbb5571fc73690884cba5a9474d7,799,assets/minecraft/optifine/cit/broken_heroes/moretti.png
55645575586df6ae8671dd7e87dcee7ac0ad19c9,171,assets/minecraft/optifine/cit/broken_heroes/waidelos.properties
4e8c502704f4c191f1da4bf777b04d2c760382e4,1140,assets/minecraft/optifine/cit/broken_heroes/waidelos.png
70cd4226cb381a2cba0e82a525c8133e14625242,3313,assets/minecraft/optifine/cit/broken_heroes/sierramadre.json
68f84d73244fbb87462d9974456cdb1c5c671699,1059,assets/minecraft/optifine/cit/broken_heroes/rjlaba.png
f3b0794442fc736ad7ff5c6dfebfc2f2df13327a,666,assets/minecraft/optifine/cit/broken_heroes/bikers.png
d130f01b830183dcdf2b943ca3e291843c60e708,4407,assets/minecraft/optifine/cit/broken_heroes/schoolboy_2020.json
ed7f148e14fe46e27292c7d5585d37e00ead4df3,1908,assets/minecraft/optifine/cit/broken_heroes/sadzero.json
972185299e3c140ca9d99882ea9ba0d65f8252e8,3395,assets/minecraft/optifine/cit/broken_heroes/rjlaba.json
24b0872ce02a47d89a8a6f56b1ff06127918758f,164,assets/minecraft/optifine/cit/broken_heroes/sadzero.properties
5c1afc542bc28b9fd15696591e4baff38fadeb20,576,assets/minecraft/optifine/cit/broken_heroes/sierramadre.png
f9e5e52552be18d379ecf0410fb193bbb1fdfd80,184,assets/minecraft/optifine/cit/broken_heroes/salvatore.properties
5b90409436e4ef6e999a836c92ef0539752a4261,3568,assets/minecraft/optifine/cit/broken_heroes/kerryass.json
5f004073b9995f2c79fa4308fa15d81bcbf1a738,771,assets/minecraft/optifine/cit/broken_heroes/sadzero.png
2dcb58fae3f1ce2bc3d447a290bd55d7adedb19b,585,assets/minecraft/optifine/cit/broken_heroes/zhoper.png
0fa44dd76942c8653a2f1f3089ca95d5c54968a2,918,assets/minecraft/optifine/cit/broken_heroes/renegates.png
bd5d85f4a7c56d56e1f33fe849898a095c70f939,3800,assets/minecraft/optifine/cit/broken_heroes/pascals.json
7e61b2053b35e958b3b48189e7ba0487a0b184f9,6596,assets/minecraft/optifine/cit/broken_heroes/imperiumofhumanity.json
30f653c6b439fe1b961085f055b27d303ca42793,6134,assets/minecraft/optifine/cit/broken_heroes/50blessings.json
efb104d9230ae1e9c9defcfc85d06495cff35781,245,assets/minecraft/optifine/cit/broken_heroes/50blessings.properties
2fd577993569b370a691f0e06e9259683713523e,198,assets/minecraft/optifine/cit/broken_heroes/captainzaky.properties
a7cd2a64d75dc3d2af09ddf73022b29946884f13,5686,assets/minecraft/optifine/cit/broken_heroes/waidelos.json
75a4edb1aa51f7f5191dd02ea2067cdd15b769e1,231,assets/minecraft/optifine/cit/broken_heroes/frogpaws.properties
ac28607ee2e318852fa9f4d3eeb88f04cfce8077,844,assets/minecraft/optifine/cit/broken_heroes/omega3.png
20841b7920d3c6e13b69e6107b3847ab2238be5a,3761,assets/minecraft/optifine/cit/broken_heroes/salvatore.json
9454309b5d449cf67a9fe6f4f80114fbef384648,156,assets/minecraft/optifine/cit/broken_heroes/triad.properties
840692a708bf502fb46f07377424a709a47299b6,500,assets/minecraft/optifine/cit/broken_heroes/salvatore.png
3b80135a170ad1ccb41a1646594b396ae1f13c03,3313,assets/minecraft/optifine/cit/broken_heroes/starleague.json
1136ab641e87b55b1d30e2905cb35138584951c0,171,assets/minecraft/optifine/cit/broken_heroes/kerryass.properties
1866fbc717f4aeec222b7feb65599865efbda528,2684,assets/minecraft/optifine/cit/broken_heroes/captainzaky.json
0592590e3f9a68cf5db023052d4f25937a0d6a41,3495,assets/minecraft/optifine/cit/broken_heroes/maltese.json
72798536a0327c27de535096475e894a9dd4dba2,171,assets/minecraft/optifine/cit/broken_heroes/qugerts.properties
f8b78bd59874850d8c5481e6536450ba0e3149d1,795,assets/minecraft/optifine/cit/broken_heroes/imperiumofhumanity.png
cd40a424d447ed7bce42e9d99c2b6cc32479b783,2956,assets/minecraft/optifine/cit/broken_heroes/bikers.json
20dcdfbb4de1e49a139ac18ec65bd1102494702d,5315,assets/minecraft/optifine/cit/broken_heroes/moretti.json
59adf86a1755c07f4d866f5dc3b63f1c2ec949b5,259,assets/minecraft/optifine/cit/broken_heroes/imperiumofhumanity.properties
24526a27ae3bce31011a87361e660023ac1f9617,793,assets/minecraft/optifine/cit/broken_heroes/schoolboy_2020.png
ba23cf0a5fe016392b1c5b6c7ce3ca1441e60f6f,928,assets/minecraft/optifine/cit/broken_heroes/captainzaky.png
740c60299455ef4f8796ed31a1fbe9c5a5c469ae,1023,assets/minecraft/optifine/cit/broken_heroes/mrkotovasik.png
f0446a55678bd06eb412a92252390b5ff5134a1c,4081,assets/minecraft/optifine/cit/broken_heroes/renegates.json
