47b14ce71bf090d18d9ec3b01e62fdff8a28775f,58573,c.json
343d733ed771e31b3d0c18a8b53cfe4cff37183b,118,assets/minecraft/optifine/cit/reality_order/botles.properties
8d0f6d165192f9537aca4a51f9128de97efeb2c9,3677,assets/minecraft/optifine/cit/reality_order/botleD.json
38aac1bd2b369a025114872213da785051affae3,1369,assets/minecraft/optifine/cit/reality_order/exit.json
78f1f0f47b49ebfcccd88388cad6e5f97c61c400,18398,assets/minecraft/optifine/cit/reality_order/arcade.png
cd627fadead3a6e501eb810e228710053ccff7be,158,assets/minecraft/optifine/cit/reality_order/box.properties
d07f63109bc5f5955058ae69f8a5d721b17215e6,114,assets/minecraft/optifine/cit/reality_order/cart0.properties
ed81c673e457d0bf12ed267f1f9f700a01d0284a,191,assets/minecraft/optifine/cit/reality_order/orre.properties
c4888bd365f3dfa45a63da2ea15cbb95dd384d01,17924,assets/minecraft/optifine/cit/reality_order/botles.json
c4dd3d28ca28d633bcfe20adbecca2206ac2793f,74,assets/minecraft/optifine/cit/reality_order/video.properties
5983f207380af4a2f794a699e606b0ca660774c2,112,assets/minecraft/optifine/cit/reality_order/danceTW.properties
578d207c136021050df2333fe717fba29a6fe8ca,114,assets/minecraft/optifine/cit/reality_order/botleK.properties
806d3ecee43169f84a080a06ee6926ad001d464f,3581,assets/minecraft/optifine/cit/reality_order/botleR.json
5c1413314484909c67f0f5d9e97ff1e5df6768f5,9531,assets/minecraft/optifine/cit/reality_order/gunar.json
8c8a6238001e548ee368d9aefb4760fe5f6fc153,102,assets/minecraft/optifine/cit/reality_order/botleR.properties
c071b55347e7dc48d90b84f4579bf6f51da82260,126,assets/minecraft/optifine/cit/reality_order/botleO.properties
2f8379818aaed817dce0156103bdec692daa9d70,102,assets/minecraft/optifine/cit/reality_order/botleL.properties
6df82a7d5fa20353803f6bb9f67110592a07c1b4,3529,assets/minecraft/optifine/cit/reality_order/botleL.json
83081d35aea0eece0c0b1b76069169fc9f19f77e,224,assets/minecraft/optifine/cit/reality_order/dance.properties
8b3496fd3f1452f25a4459ad1aa816d10b7f0f12,72,assets/minecraft/optifine/cit/reality_order/exit.properties
fc2a6902c0d1816563b6718e923cd4769f5f185e,2047,assets/minecraft/optifine/cit/reality_order/danceTW.json
133ee8a0baa3bc3ace9c3a9a1d17ab766006622a,36707,assets/minecraft/optifine/cit/reality_order/fotbal.json
e2b9e60b0a0eb6391abbaf55c4db9064426645f8,208,assets/minecraft/optifine/cit/reality_order/gunar.properties
51fcd60e97ac6a5897293bfb76bec6ed58b13cdb,117,assets/minecraft/optifine/cit/reality_order/pong.properties
1233ac33d048014961aeb5164eb7f2f27e462cc1,159,assets/minecraft/optifine/cit/reality_order/bike.properties
6c6c17a7cf69813e6ea3aa474c64a45c78652db2,76,assets/minecraft/optifine/cit/reality_order/arcade.properties
06f54f096c653ae7856dd8c913ba9095e4359d8d,3609,assets/minecraft/optifine/cit/reality_order/botleO.json
70a1e6f4746bc2af306ae8a2f662b328d05bcc0f,1925,assets/minecraft/optifine/cit/reality_order/cart0.json
d2ccb0555ede8e1eabea9a9836c9b3523b5345ec,3609,assets/minecraft/optifine/cit/reality_order/botleF.json
3db4add65371c882395cc868c9ff11b6ac418937,1474,assets/minecraft/optifine/cit/reality_order/staff.json
fd99300949a068093247fc15c5bdc81a4d07df04,75,assets/minecraft/optifine/cit/reality_order/bekind.properties
880f8d86d299830fdb6846f64aed80aa1554b324,185,assets/minecraft/optifine/cit/reality_order/fotbal.properties
69f0f62896e1fffa5587f7120c011b8600767cb0,1490,assets/minecraft/optifine/cit/reality_order/bekind.json
901d10d97f87aa58ab7e6503f488cb85f7ee8c01,12705,assets/minecraft/optifine/cit/reality_order/pong.json
e89e3fc0a108d83de523619687e8b51866309a1b,3571,assets/minecraft/optifine/cit/reality_order/botleK.json
0eb95edc874379b28387a26898e9edfc23e4f739,148,assets/minecraft/optifine/cit/reality_order/hok.properties
8359f578019a1c545de112f95b1e8b7065ae7f15,3258,assets/minecraft/optifine/cit/reality_order/dance.json
f16e0cc795fcfca84a081ea513ee726cde56762f,4324,assets/minecraft/optifine/cit/reality_order/box.json
66cd19c80771fd431e33e28020ab38183a1e110a,11022,assets/minecraft/optifine/cit/reality_order/hok.json
f5ad3675f9ee488adf239b13a488ac4260f6bf3a,1301,assets/minecraft/optifine/cit/reality_order/orre.json
71c2e51777e8da1334b60fe848668c403bfe7675,1358,assets/minecraft/optifine/cit/reality_order/video.json
4c3815a99a4e7e7d6de478378445fcf2687dda5b,114,assets/minecraft/optifine/cit/reality_order/botleF.properties
d6fb58abeb9df9e2542095e30e4b38c593197d79,1300,assets/minecraft/optifine/cit/reality_order/arcade.json
d525aad7dca4ada29e188eab42cb7577c51fc2eb,1441,assets/minecraft/optifine/cit/reality_order/originaltaste.png
c3f5527cd0ede85ad824998e47e2640258fe95ae,17276,assets/minecraft/optifine/cit/reality_order/bike.json
e6a63b763fa7b8b1abe6d26fa58995f3318bf546,75,assets/minecraft/optifine/cit/reality_order/staff.properties
89a5fd9a8f537347b2d4841a8f9383ae40a8db3e,102,assets/minecraft/optifine/cit/reality_order/botleD.properties
9d8020c5fb3f567c39134aa776eef079e26f66a4,5433,assets/minecraft/optifine/cit/reality_order/mul_cloack/multiverse_cloack.json
0ba808c2f054f2afcc9c52cdf4e96802c2d815c4,250,assets/minecraft/optifine/cit/reality_order/mul_cloack/multiverse_cloack.properties
876b19b4db2cf00eea49ad6d637bdcb36be24a8b,607,assets/minecraft/optifine/cit/reality_order/mul_cloack/multiverse_cloack.png
f63d6c23d83b2453179d502a394ce3fc8c6f5855,173,assets/minecraft/optifine/cit/reality_order/toybox/toybox.properties
49e60c15fd54bdb18d320fcedf773f005e072674,3808,assets/minecraft/optifine/cit/reality_order/toybox/toybox.png
4d29716b3dd9eb241522d6e6e27f55dc6f8b3005,11106,assets/minecraft/optifine/cit/reality_order/toybox/toybox.json
b8770e5c776dbd95ce0083d540de4fc9c0bc2708,8617,assets/minecraft/optifine/cit/reality_order/rakpushka/rakpu_pulling_0.json
79eacd1d986b183eebbb640cce5b8d5c3fccdcb4,8614,assets/minecraft/optifine/cit/reality_order/rakpushka/rakpu.json
2903eaaa547485a2a7e7211a1a9d5ab86fee3a21,139,assets/minecraft/optifine/cit/reality_order/rakpushka/rakpu_ind.png
72fbdacfefe4e570b94a8adcd359f7e0d61cb5ee,8617,assets/minecraft/optifine/cit/reality_order/rakpushka/rakpu_pulling_1.json
5e6073ba6e30f39b67d95a368ac21fc39db825f7,200,assets/minecraft/optifine/cit/reality_order/rakpushka/rakpu_ind_1.png
2a39ba9194bea9fc89e01fea0d1d567d29fa1e83,533,assets/minecraft/optifine/cit/reality_order/rakpushka/rakpu_ind_2.png
3287c417f6cb063a5f95eb4d9e7a9b792ba3096f,69,assets/minecraft/optifine/cit/reality_order/rakpushka/rakpu_ind_2.png.mcmeta
7f15dc20035776d88d7983606167fe4216b9c174,8617,assets/minecraft/optifine/cit/reality_order/rakpushka/rakpu_pulling_2.json
51c3768c1d268afa04d6a8e2bae184a8244ff871,281,assets/minecraft/optifine/cit/reality_order/rakpushka/rakpu.properties
209f9b45e5590c348b28401f1d33319d778a3312,1441,assets/minecraft/optifine/cit/reality_order/rakpushka/rakpu.png
eab58fb0235c497864343d8e7fa4f3f3da2f9e24,190,assets/minecraft/optifine/cit/reality_order/rakpushka/rakpu_ind_0.png
ef5eb13d3a551980105932730a2daccd8809722d,314,assets/minecraft/optifine/cit/reality_order/cum1/clawa.properties
50b00879ceae01fc162083df7ce27084ff568e28,863,assets/minecraft/optifine/cit/reality_order/cum1/clawa.png
5292540353d0e62434acaac265d35a98da5b5223,2776,assets/minecraft/optifine/cit/reality_order/cum1/clawa.json
fb2db6bc84343a32e6448c9efb2d76704398cf17,2887,assets/minecraft/optifine/cit/reality_order/vnater/vnater_2.png
a1525b75faa6faed835f028b7959cb91ec39d845,244,assets/minecraft/optifine/cit/reality_order/vnater/univ1.properties
0297e19fd8c803af4bdd25a0f8f39b3b96f8d6d4,14850,assets/minecraft/optifine/cit/reality_order/vnater/vnater_1.json
ed31ae18e2a60e04dda562bf525ba8de3193af2e,2887,assets/minecraft/optifine/cit/reality_order/vnater/vnater.png
9e9c1e4fbf9b2a85bcd2a3de3cde2393b6345820,2890,assets/minecraft/optifine/cit/reality_order/vnater/vnater_1.png
d15af6e459903ed6c25528c8224365cc368b70a0,14850,assets/minecraft/optifine/cit/reality_order/vnater/vnater_0.json
4cf8e9284f27d31104d0c1a2c9542a8d5c5f3438,2891,assets/minecraft/optifine/cit/reality_order/vnater/vnater_0.png
d4331564b3b9ad2c7b052201efffa9c6b28322dd,14850,assets/minecraft/optifine/cit/reality_order/vnater/vnater_2.json
f6490569b68bee164a53f297859764e95d4c906e,14838,assets/minecraft/optifine/cit/reality_order/vnater/univ1.json
6b9fc02723d3106086cf54d0eefbb46493cdeddf,145,assets/minecraft/optifine/cit/reality_order/an_gr/an_gr.properties
ea072efd981d97fc6f5226ac2752ee9b26b606b8,2994,assets/minecraft/optifine/cit/reality_order/an_gr/an_gr.json
34bc31ad1d231fe91f3b8e33fc62bf07ffd2a0be,581,assets/minecraft/optifine/cit/reality_order/an_gr/an_gr.png
d6d4e702e5547fd168793d9bb2ceb2182d171965,1149,assets/minecraft/optifine/cit/reality_order/pf/fish_por.png
976134a6985bc7c8eec6a346a50f08b46408a9d7,6748,assets/minecraft/optifine/cit/reality_order/pf/portal_fish.json
23b45e8911cf54366efb8b270f8213d8b9734bec,100,assets/minecraft/optifine/cit/reality_order/pf/portal_fish.properties
d32d8a6f225986a0c3e50c182be81a76644c28fd,306,assets/minecraft/optifine/cit/reality_order/v2/leg_protez_v2_icon.png
49fcfa1ed3bc4c035f4c6df58232a80e0511e434,772,assets/minecraft/optifine/cit/reality_order/v2/leg_protez_v2.png
974700aef5a363b073107b4ff2b18eeb58adda6c,593,assets/minecraft/optifine/cit/reality_order/v2/leg_protez_v2.properties
31aaca0269f00eb660a5dfa58f4ae4c1fcaf0f90,359,assets/minecraft/optifine/cit/reality_order/v2/leg_protez_v2_icon.properties
e8d539335da88e8d8f24418704a7c391687432fb,973,assets/minecraft/optifine/cit/reality_order/an_gun/pixil-frame-0-176.png
8406800094feaba443f30f26b623cc0209fe263d,4069,assets/minecraft/optifine/cit/reality_order/an_gun/an_gun_pulling_0.json
8eb5ce959ce786be1a7d78bad61af353371a7bf7,4069,assets/minecraft/optifine/cit/reality_order/an_gun/an_gun_pulling_1.json
4dbd9e8039fd46ceeb8c311f8d92a971534d08cb,980,assets/minecraft/optifine/cit/reality_order/an_gun/pixil-frame-0-819.png
4368588ae98e1d7a1518e2b54eb8611d5d52021c,4064,assets/minecraft/optifine/cit/reality_order/an_gun/an_gun.json
6a1d883c70558c3fb8ae7ebb64d082f3ef14d55a,981,assets/minecraft/optifine/cit/reality_order/an_gun/pixil-frame-0-083.png
23e7be7773dde42dcae65f916d33b01044423975,354,assets/minecraft/optifine/cit/reality_order/an_gun/an_gun.properties
5d6cd9abc66188b11d7d26b6ef6ff23499e95ebe,4068,assets/minecraft/optifine/cit/reality_order/an_gun/an_gun_pulling_2.json
f85e64e4ceddf55fc895dca53bdd897ddfecf138,5649,assets/minecraft/optifine/cit/reality_order/an_gun/an_gun_arrow.json
f1a226ec403a0138d5167e6d7a3822dd4c16460a,976,assets/minecraft/optifine/cit/reality_order/an_gun/pixil-frame-0-520.png
4b3eabbbd80ebbc9954fbafb318119d36ef05cd8,5653,assets/minecraft/optifine/cit/reality_order/an_gun/an_gun_f.json
a8b058c6c342d137a028a522973a1fbe382a58a0,975,assets/minecraft/optifine/cit/reality_order/an_gun/pixil-frame-0-846.png
03f691becc90bc6597162d44826d53e0c6981af4,1090,assets/minecraft/optifine/cit/reality_order/twrom/TWrom.png
addb42f96ae92bb5cff749c309a28bb5cf82df27,165,assets/minecraft/optifine/cit/reality_order/twrom/TWrom.properties
b9475fa8bec1fa919f403e8abafb976a0cfba69a,3065,assets/minecraft/optifine/cit/reality_order/twrom/TWrom.json
f77524308b5ecc4c5a899750c272ba646694f362,381,assets/minecraft/optifine/cit/reality_order/cum3/cumotator_load.properties
c19597a600778e4e006334a3dec62c49ce60c38a,4690,assets/minecraft/optifine/cit/reality_order/cum3/cumotator_load.json
df67830fff0fb6b73f2d3801e11dd04919b9999a,1398,assets/minecraft/optifine/cit/reality_order/cum3/cum_load.png
08499882b92e959534c983e63a0246fee7fae9eb,638,assets/minecraft/optifine/cit/reality_order/cum3/load.png
e8c4033371d5a351a2795d7fe06f1ab4159409b7,69,assets/minecraft/optifine/cit/reality_order/cum3/load.png.mcmeta
3f8d90cd26c5a7a181edcc051040d0264a2e3794,361,assets/minecraft/optifine/cit/reality_order/cyp/ultercross.properties
f3806799d61ab3a25872686762cd8cb8a70b1aa4,8723,assets/minecraft/optifine/cit/reality_order/cyp/cyp0.json
ceeb1367ff70fbc8b2d193fe0f5f5d559efcc9f0,70,assets/minecraft/optifine/cit/reality_order/cyp/iscre.png.mcmeta
98c1eaad89230e9b42596f4d89eea30baafac90c,234,assets/minecraft/optifine/cit/reality_order/cyp/iscre.png
90258ca5175d83766b04ce24be22dfd2bac60abe,8727,assets/minecraft/optifine/cit/reality_order/cyp/cyp1.json
2afe62fe06781c65db26c648c96a32db8f84594b,9622,assets/minecraft/optifine/cit/reality_order/cyp/cyp2fi.json
194d722c207ab8436cc6b739a5311b6922289bb0,8703,assets/minecraft/optifine/cit/reality_order/cyp/cyp2ar.json
dcb86887c9ee177bbf1571a174eb0e844d9daf60,8727,assets/minecraft/optifine/cit/reality_order/cyp/cyp2.json
9aa3be2e1ec15b37d6dc6f7f89b9a6268d0ac197,1056,assets/minecraft/optifine/cit/reality_order/cyp/cyp.png
aa617d240e9c2dfd145095a69e5b6f883a81e228,8627,assets/minecraft/optifine/cit/reality_order/cyp/cyp.json
7a064e4026932fd54e50c9149473b5ded930e0aa,662,assets/minecraft/optifine/cit/reality_order/curugi_armor_for_legs/leg_protez_v1.png
6575a7f6495d390442b93ac841258bef02e99771,511,assets/minecraft/optifine/cit/reality_order/curugi_armor_for_legs/leg_protez_v1.properties
1e3b3cedb609c23b661f20145f8e3b483e501f73,304,assets/minecraft/optifine/cit/reality_order/curugi_armor_for_legs/leg_protez_v1_icon.png
1d27759c8a54005623ee377697a17e085289c91a,298,assets/minecraft/optifine/cit/reality_order/curugi_armor_for_legs/leg_protez_v1_icon.properties
1328e97b21dcc113f654a5808c0fe3dd89ce83a3,1911,assets/minecraft/optifine/cit/reality_order/vaib_mach/tex_vmb.png
92a9dbe503821bd6510e00520f09685b19ff9b5a,1645,assets/minecraft/optifine/cit/reality_order/vaib_mach/tex_vaib_m.png
33835cfb8c487bb7cac7b77136501912b54b1824,165,assets/minecraft/optifine/cit/reality_order/vaib_mach/vaib_machine.properties
4f9335cae47e6385b3fbc8140f0b82a4c297c44d,2111,assets/minecraft/optifine/cit/reality_order/vaib_mach/vaib_machine.json
606f42bc01b5e3c7380bcd45b6718803f70b106b,221,assets/minecraft/optifine/cit/reality_order/vaib_mach/vaib_m_bok.properties
f70da8dc7ab5a09c1ab185d9dde74426e5f1348b,1071,assets/minecraft/optifine/cit/reality_order/vaib_mach/vaib_m_bok.json
0fd4ecb5bbfa541dfe2b473e05cab95d19137c7c,130,assets/minecraft/optifine/cit/reality_order/bubar/bubar.properties
b539a4389c272959d40ad40b56e6d2968be79e25,2776,assets/minecraft/optifine/cit/reality_order/bubar/bubar.png
05f54ca32d80e0261be7f4439e67f14eff30a328,10093,assets/minecraft/optifine/cit/reality_order/bubar/bubar.json
9c3b3b6c4a59445db63c438bdc5d7b55c6e173d3,13782,assets/minecraft/optifine/cit/reality_order/kasko/kasko.json
eef0ecbcb1e29599701464a0ab9f3a44a6d73eb6,1631,assets/minecraft/optifine/cit/reality_order/kasko/kasko.png
f78c9edd2fb419eabac1e19b79c90e0ea4b8e81d,172,assets/minecraft/optifine/cit/reality_order/kasko/kasko.properties
acfcbecb41c84058576e70701c92b9da06284660,102,assets/minecraft/optifine/cit/reality_order/kapo/kas.properties
171179e19ad2ba4ba746d1003c4bb570e93f8ace,148,assets/minecraft/optifine/cit/reality_order/kapo/polka3.properties
6a8511f9d4bf2dd28b01a7dada23cbc36781b68d,1298,assets/minecraft/optifine/cit/reality_order/kapo/kapo.png
f6a11dce9d4715cbb73a838b1b6734da17207022,11695,assets/minecraft/optifine/cit/reality_order/kapo/polka3.json
fde3f8a0f1c28ed3825624546aee9dc37b54b18c,2686,assets/minecraft/optifine/cit/reality_order/kapo/kas.json
779f055468c014611883fd6c4ecae6d45f30067e,6276,assets/minecraft/optifine/cit/reality_order/oslabinator/oslabinator_pulling_2.json
096c61ff8f4c1736e8eed7258114c52aae5a7893,4183,assets/minecraft/optifine/cit/reality_order/oslabinator/oslabinator.json
7ecd95da70bf562f517eafb3b4dec93affd15cdb,4565,assets/minecraft/optifine/cit/reality_order/oslabinator/oslabinator_pulling_0.json
7e8088d786ae68d193604909bcafeac389b0d2ec,295,assets/minecraft/optifine/cit/reality_order/oslabinator/oslabinator.properties
189dbb385589e41ff2e2bb9dd5793fb0d86eba65,69,assets/minecraft/optifine/cit/reality_order/oslabinator/luch.mcmeta
ba0ba8bd19c87e08b94dad3b086c12253065ca27,461,assets/minecraft/optifine/cit/reality_order/oslabinator/luch.png
4d3e9bd34a0442e17f096d5d717766b393aa64e0,4569,assets/minecraft/optifine/cit/reality_order/oslabinator/oslabinator_pulling_1.json
189dbb385589e41ff2e2bb9dd5793fb0d86eba65,69,assets/minecraft/optifine/cit/reality_order/oslabinator/luch.png.mcmeta
ecc02c77af036eb0273432a2d16a417095b49787,572,assets/minecraft/optifine/cit/reality_order/oslabinator/cab.png
2c6d8db239acc33c27cc5aeba989e996e8f90a68,5701,assets/minecraft/optifine/cit/reality_order/orden_cloack_ord/multiverse_cloack_ord.json
bac280598c40bd03e2e00460de96efd10608784c,840,assets/minecraft/optifine/cit/reality_order/orden_cloack_ord/uni_st_ord.png
714ce622a1c2a59b5e74252e1e74895c3d529da6,266,assets/minecraft/optifine/cit/reality_order/orden_cloack_ord/uni_gl.png
1e92c0020007ca017f186ada77912fb5e3110e9b,69,assets/minecraft/optifine/cit/reality_order/orden_cloack_ord/uni_st_ord.png.mcmeta
fbb8422e72e186d6d0a157f1a797c282dec4bdd7,160,assets/minecraft/optifine/cit/reality_order/orden_cloack_ord/multiverse_cloack_ord.properties
e82a9e0744a04607b4c25de2b09812f321e1ec59,804,assets/minecraft/optifine/cit/reality_order/act3/act3.png
bfddd8733fef60a0893da91d96d138f48d4978cb,6247,assets/minecraft/optifine/cit/reality_order/act3/act3.json
feb927ac16c5e92a6a2777c167d6181792593b72,288,assets/minecraft/optifine/cit/reality_order/act3/act3.properties
fadb642c97bc5051636224fcf942e94d95e9a4cd,8208,assets/minecraft/optifine/cit/reality_order/act3/act3_2.json
574900f8f8d1f5373f6f00698f11a296db7a809b,7722,assets/minecraft/optifine/cit/reality_order/act3/act3_1.json
2620cf019a0696cba1f29db87413871f04c7be06,7230,assets/minecraft/optifine/cit/reality_order/act3/act3_0.json
4163acb3d60583691d5e078fc2396b17ec5b6157,17674,assets/minecraft/optifine/cit/reality_order/vnat/vnat_1.json
2981a070315068defb16478f44b3b8c916e04271,17674,assets/minecraft/optifine/cit/reality_order/vnat/vnat_2.json
48a85a8363bd4142bf95dcafbc07a9c2faa8f2a4,2220,assets/minecraft/optifine/cit/reality_order/vnat/vnat_2.png
665ccd51175e02ac66c577f8c6513c64cfa7c84c,2210,assets/minecraft/optifine/cit/reality_order/vnat/vnat_1.png
9f90a8925f3e1c65180db97a7a39debf02c72068,17674,assets/minecraft/optifine/cit/reality_order/vnat/vnat_0.json
0a0b8a9c069ddb836774cfe8a167fa6e5bb4ebde,17673,assets/minecraft/optifine/cit/reality_order/vnat/univ0.json
601366da30d916556e7dcc8df9d700d11d50dcd7,2201,assets/minecraft/optifine/cit/reality_order/vnat/vnat.png
b909b3bb2bd9cbffd024c48871853676eea9552e,2205,assets/minecraft/optifine/cit/reality_order/vnat/vnat_0.png
1133a14790ba1cb9173fc5cc8a67d5bec93eb3e0,238,assets/minecraft/optifine/cit/reality_order/vnat/univ0.properties
a0c90b3a15c4d6921fd3f924c661a47fc34a8eba,153,assets/minecraft/optifine/cit/reality_order/caseta/caseta3.properties
ebc1f918ceb297f0a5c40bdcc709a6eabe48714c,1905,assets/minecraft/optifine/cit/reality_order/caseta/caseta4.json
3dd866ccc178e95b49fa83837c739e39517768b3,1887,assets/minecraft/optifine/cit/reality_order/caseta/caseta1.json
0650657a0127686fba5cd83c4f68b8745bf22c13,153,assets/minecraft/optifine/cit/reality_order/caseta/caseta5.properties
a65c9c871b9c7b2b53ada1db1d63f8d5af39b39c,1887,assets/minecraft/optifine/cit/reality_order/caseta/caseta2.json
2e79e8de331c7e24317755608430c4c4b042def8,165,assets/minecraft/optifine/cit/reality_order/caseta/caseta1.properties
35a64797d07d3b9fe03c0765fb51efd751cefdd1,585,assets/minecraft/optifine/cit/reality_order/caseta/caseta.png
94915ffc198c90a3e884499972635b3035401cd6,1893,assets/minecraft/optifine/cit/reality_order/caseta/caseta6.json
1840b80de626c3f61795107456347e739ff418b6,1893,assets/minecraft/optifine/cit/reality_order/caseta/caseta5.json
6466ddb97eec85affd2fbc63708287870e5c9d06,1899,assets/minecraft/optifine/cit/reality_order/caseta/caseta3.json
32d7cabd8eef34a7b7e1c908ccbd7a145a24cc70,159,assets/minecraft/optifine/cit/reality_order/caseta/caseta2.properties
2b28a018d0c7095c425cdc94aa6005a5b855c827,165,assets/minecraft/optifine/cit/reality_order/caseta/caseta6.properties
7cfa4404dcc0e082a448ece315ae554cd5aed471,183,assets/minecraft/optifine/cit/reality_order/caseta/caseta4.properties
c9556c3b15970c54a866e7a5f2d6019e82f3b51e,1540,assets/minecraft/optifine/cit/reality_order/ultrecross/ultercross.png
9ddd99d53ce73440cde8083fda132e4d3867cf1d,382,assets/minecraft/optifine/cit/reality_order/ultrecross/ultercross.properties
4b1204fd5494cb6459e2a79d21b52cff6c53fe6b,11679,assets/minecraft/optifine/cit/reality_order/ultrecross/ultercross_1.json
c48728ea13a90936809b4148c1c910bc01d1e09c,11912,assets/minecraft/optifine/cit/reality_order/ultrecross/ultercross_2.json
9595a2c150957faae51040a2a0e04b9a3407a78c,12805,assets/minecraft/optifine/cit/reality_order/ultrecross/ultercross_ar.json
47f63e9132444afc3e9c5d034bb068995e721f6b,10869,assets/minecraft/optifine/cit/reality_order/ultrecross/ultercross.json
db30d5a9d22d920989b12c0756f3c40ae50ab62b,11779,assets/minecraft/optifine/cit/reality_order/ultrecross/ultercross_0.json
ccf26f4776405b1391974dcc220d30b4061f80c5,13992,assets/minecraft/optifine/cit/reality_order/ultrecross/ultercross_FI.json
3f32a2861c91d92e296c405275ae8d814f82cbfd,114,assets/minecraft/optifine/cit/reality_order/amnezi/amnez.properties
564b0b5d749c9b1b579c904d5413121861cbeca6,321,assets/minecraft/optifine/cit/reality_order/amnezi/amnez.png
26efbe654435b5c2ad424a0642e96f25043071b6,6848,assets/minecraft/optifine/cit/reality_order/cum4/cum_r.png
8f5ac38ae70078511f1c65a70b519fb1e1a2cd13,232,assets/minecraft/optifine/cit/reality_order/cum4/cumotator_inv.properties
697bde1114d4b378d1681f0304bf1440ee15d53e,1649,assets/minecraft/optifine/cit/reality_order/cum4/cumotator_inv.json
b8dcd032e21bbf74d70fcbcf8fdc42e501bb61d5,115,assets/minecraft/optifine/cit/reality_order/caronyabanay/cart11.properties
2dcf906c5e27371fef1da46361f44afe7e532e23,1878,assets/minecraft/optifine/cit/reality_order/caronyabanay/cart4.json
200bc15f39038279093cc1723226e12e32ce4588,75710,assets/minecraft/optifine/cit/reality_order/caronyabanay/12.png
6e240887a3bd7f721e3e511108dbddfc0cb330da,197,assets/minecraft/optifine/cit/reality_order/caronyabanay/carton.png
ba9ab109fb0bd4d0f27831bbcbfc71f591d24389,52635,assets/minecraft/optifine/cit/reality_order/caronyabanay/13.png
78f1f0f47b49ebfcccd88388cad6e5f97c61c400,18398,assets/minecraft/optifine/cit/reality_order/caronyabanay/arcade.png
81348062100af611f62a7708d540ae8faa571cb2,1878,assets/minecraft/optifine/cit/reality_order/caronyabanay/cart6.json
4a0e693cf16ee3b4621f5d10df1f97d8358a36ec,114,assets/minecraft/optifine/cit/reality_order/caronyabanay/cart4.properties
ace20230603f41fe3c847ff92cc33985d0fae3e2,114,assets/minecraft/optifine/cit/reality_order/caronyabanay/cart1.properties
80a8570628902fb891ab609dd3af04b60b4dc33a,1878,assets/minecraft/optifine/cit/reality_order/caronyabanay/cart8.json
f0c31e1a1ed4f777ea4f7da2b53976cbd49f2464,61329,assets/minecraft/optifine/cit/reality_order/caronyabanay/6.png
aa9cbdb7da67587b9dee63396249f9eb70726d6a,1897,assets/minecraft/optifine/cit/reality_order/caronyabanay/cart1.json
b1fc1983f6631d3ca142074f263218a725567f3c,55407,assets/minecraft/optifine/cit/reality_order/caronyabanay/7.png
1b8701c509d51a9e281170951ad039e854a53376,61354,assets/minecraft/optifine/cit/reality_order/caronyabanay/5.png
8b34522b10d8642135303128c1009d11cabdf27a,66510,assets/minecraft/optifine/cit/reality_order/caronyabanay/3.png
a23a9ddac2243f77b820d2ea64d93ccf5cea5265,1880,assets/minecraft/optifine/cit/reality_order/caronyabanay/cart10.json
8e2fefbb627306cf962b4394f75f1725b5ca2ed3,1878,assets/minecraft/optifine/cit/reality_order/caronyabanay/cart5.json
4ba77ea7570178a212da9988b5b3e38d576755c9,114,assets/minecraft/optifine/cit/reality_order/caronyabanay/cart6.properties
50135eedd97924c3473fc6cad083783b18089723,114,assets/minecraft/optifine/cit/reality_order/caronyabanay/cart5.properties
ef5ef5f9c7af16ef6df1dc101b0c980f3b61c884,1879,assets/minecraft/optifine/cit/reality_order/caronyabanay/cart9.json
f08e0047f9a0ba6a4a63b6231e20bc89565c12dd,48089,assets/minecraft/optifine/cit/reality_order/caronyabanay/4.png
51892a7b8b1b45d5228d91c216d4584f4f93ddc3,53163,assets/minecraft/optifine/cit/reality_order/caronyabanay/1.png
deeec4c8789d65b59c3f2a5d1db90d10917da8da,114,assets/minecraft/optifine/cit/reality_order/caronyabanay/cart3.properties
81ef8f7c8574bfc436747366151059d1051708b8,1878,assets/minecraft/optifine/cit/reality_order/caronyabanay/cart2.json
7c2385a8a7bc7d870ef7f1e837bebae4e15e1ed1,114,assets/minecraft/optifine/cit/reality_order/caronyabanay/cart7.properties
a1787e3fd391cb20ed3b3b5ece29a6556c8b7b1a,63305,assets/minecraft/optifine/cit/reality_order/caronyabanay/11.png
1d2208a1a8b5dfb27c6d2deca3b065bd655e6e2b,65431,assets/minecraft/optifine/cit/reality_order/caronyabanay/2.png
dea0d4ad0cf8d4590b75ad8fda933d5d30a94510,75,assets/minecraft/optifine/cit/reality_order/caronyabanay/bekind.properties
54c2a51da2768c0b74b18de554c124a43d9ca055,1494,assets/minecraft/optifine/cit/reality_order/caronyabanay/bekind.json
2673345e565c2834098497bf66144d2ff7ae9038,1878,assets/minecraft/optifine/cit/reality_order/caronyabanay/cart7.json
e1f9f8ffdfeb2a52d70a3be5d77bd34da0d48d58,1880,assets/minecraft/optifine/cit/reality_order/caronyabanay/cart12.json
e902488b1793a7996d4d4d2cd87dadb2a7bee8c8,115,assets/minecraft/optifine/cit/reality_order/caronyabanay/cart12.properties
a8edc130414cf37a80cd93926d44a44f4345d352,67205,assets/minecraft/optifine/cit/reality_order/caronyabanay/8.png
43d56097faea086f96063209909525b5bb7d9a5a,48448,assets/minecraft/optifine/cit/reality_order/caronyabanay/10.png
d103c82b08d4cbd156b57aa70b4fafd0f2a7c66c,114,assets/minecraft/optifine/cit/reality_order/caronyabanay/cart9.properties
035edfeb3fb90a26d6b549fe05c87a4911d69990,48626,assets/minecraft/optifine/cit/reality_order/caronyabanay/9.png
7723b2a6183ee411f05401ce544b32b1aa10a5a2,1880,assets/minecraft/optifine/cit/reality_order/caronyabanay/cart11.json
eb861f92f2681890a2fc912df41c71efca401265,116,assets/minecraft/optifine/cit/reality_order/caronyabanay/cart10.properties
e0f526c14e85841ef7597c3ffbf2c624f1481afe,114,assets/minecraft/optifine/cit/reality_order/caronyabanay/cart2.properties
3f623dee206bf98d6e5b9594ee3ec5100b144cba,1878,assets/minecraft/optifine/cit/reality_order/caronyabanay/cart3.json
836aa0626c2e5bc36aedee97073d4b05f076f123,114,assets/minecraft/optifine/cit/reality_order/caronyabanay/cart8.properties
d07f63109bc5f5955058ae69f8a5d721b17215e6,114,assets/minecraft/optifine/cit/reality_order/cart0/cart0.properties
70a1e6f4746bc2af306ae8a2f662b328d05bcc0f,1925,assets/minecraft/optifine/cit/reality_order/cart0/cart0.json
51892a7b8b1b45d5228d91c216d4584f4f93ddc3,53163,assets/minecraft/optifine/cit/reality_order/cart0/8.png
3269a7a9e3651d006858a3890c90ffe7fa0aa08c,10483,assets/minecraft/optifine/cit/reality_order/destr/emo.json
8b00271aab2f83eff57c18f66d8d7e04110d4adf,228,assets/minecraft/optifine/cit/reality_order/destr/kart1.properties
928d63cce91a0ea27a07b7711d1ca4137ab4447c,143,assets/minecraft/optifine/cit/reality_order/destr/gleg.properties
be73f88b1e84e7b51e7cd7d9039e36cb648bce9d,1461,assets/minecraft/optifine/cit/reality_order/destr/kart2.json
0087f9b11a20dfd1857a3374e8584d78b85c10db,151,assets/minecraft/optifine/cit/reality_order/destr/kart2.properties
b48d825a1e4a9e16cb8e8ff34262169d4765e877,10482,assets/minecraft/optifine/cit/reality_order/destr/emoar.json
f1d095dc58c26e25f30790b09541dde6790dd26e,162,assets/minecraft/optifine/cit/reality_order/destr/cub.properties
ca2578fe257a121fd8d239d1ab2b594303c767ca,6994,assets/minecraft/optifine/cit/reality_order/destr/5G.json
dcc6550350493cba3951961faf28a26448253902,177,assets/minecraft/optifine/cit/reality_order/destr/mirrow.properties
198fad04e4d1a0487280e33f92ab087db5b8b896,190,assets/minecraft/optifine/cit/reality_order/destr/datel.properties
2d0e095668b9253504031b1c09768c87acdc98d1,158,assets/minecraft/optifine/cit/reality_order/destr/destr.properties
198c35fb03f48b89796c795f84356c74ede5b45d,69,assets/minecraft/optifine/cit/reality_order/destr/poin.png.mcmeta
e6b3afb7ec006230168fa294d79c550a4e20a7aa,4874,assets/minecraft/optifine/cit/reality_order/destr/minigun0.json
5a12eff641b510dfe357d18f3f7ee1263e20c15c,180,assets/minecraft/optifine/cit/reality_order/destr/kart0.properties
8591fd6cd3a2323bac22535a075fedc179d6e0e7,146,assets/minecraft/optifine/cit/reality_order/destr/fea.properties
6e39034590adfc8d74a84361f0c6f9b642df5203,146,assets/minecraft/optifine/cit/reality_order/destr/nleg.properties
872cd63e807df8341d3d5a90d84351272d38161e,410,assets/minecraft/optifine/cit/reality_order/destr/chick_icon.png
68af6384b63038c74917eac08e1a629671506cf4,3222,assets/minecraft/optifine/cit/reality_order/destr/pan.json
5946ef64822d8c09f482c5a44db8da12d1dee124,144,assets/minecraft/optifine/cit/reality_order/destr/dleg.properties
f4f358afb22a51096d839d4d954bf5df2a62e9dd,329,assets/minecraft/optifine/cit/reality_order/destr/emo.properties
bd7050cf496c9d363101452cc783e0af513ceed0,4383,assets/minecraft/optifine/cit/reality_order/destr/minigun.json
aac58073e2bea0e9d7ebb15515bc61781a833580,6398,assets/minecraft/optifine/cit/reality_order/destr/dleg.json
056c1d6ebbef22a17e8aca6c7d7b4296a54bd411,16910,assets/minecraft/optifine/cit/reality_order/destr/1714334066199.png
8bc7b789ac7cc1d05ef526e8b5163f4daa2be6dd,303,assets/minecraft/optifine/cit/reality_order/destr/meteor.properties
4865e1286dd11bdbf051d4e961ab4eb7893267fc,6922,assets/minecraft/optifine/cit/reality_order/destr/nleg.json
1f0fe623b586f1e647e5567f867293baba34bdc5,20595,assets/minecraft/optifine/cit/reality_order/destr/cub.json
147d131bd96895d379f0e321875027ef85e887c7,5344,assets/minecraft/optifine/cit/reality_order/destr/flash1.json
9e3b9e31f244565c9d0260365c532fd9310a2a29,1461,assets/minecraft/optifine/cit/reality_order/destr/kart1.json
fdf972ed6361c0d0b90b15eb574b78735c033b16,139,assets/minecraft/optifine/cit/reality_order/destr/kart3.properties
280746a9fca31ebdb45bbdb9dfcbebaedc0c5817,156,assets/minecraft/optifine/cit/reality_order/destr/chick_icon.properties
f03a6c26f5c66b1acc45b02ec448fd7c7a66d1df,357,assets/minecraft/optifine/cit/reality_order/destr/efl.png
f61a3df2817277d90a82778caeb3ab42299c727f,1473,assets/minecraft/optifine/cit/reality_order/destr/kart0.json
87a1cfc3ef49ddf81720f7dc5518354902bceec2,142,assets/minecraft/optifine/cit/reality_order/destr/sleg.properties
8851aad318331f892162984307e54cf14734c1e0,22564,assets/minecraft/optifine/cit/reality_order/destr/1714334150006.png
425515e0dceebab0c06f39e064df882f6f7bb89b,306,assets/minecraft/optifine/cit/reality_order/destr/laser.png
461a3df1d43b32630daeb584cfdb6e0a1dbd68e1,5930,assets/minecraft/optifine/cit/reality_order/destr/meteor0.json
1e3df4442d7cdd4ef3227beddf39fc5f451e964b,220,assets/minecraft/optifine/cit/reality_order/destr/minigun.properties
9b6ee00e03d3870f519839074d4465c1204f2b19,180,assets/minecraft/optifine/cit/reality_order/destr/woody.properties
70a5484a8be7faf385987fefd393f3e898b63f6f,148,assets/minecraft/optifine/cit/reality_order/destr/compr.properties
7840d38029c7f1bddce1f7ff85f073b19d1437e4,5340,assets/minecraft/optifine/cit/reality_order/destr/flash0.json
5de0dd3e463f2b5658396c297f165ac60f62a064,6936,assets/minecraft/optifine/cit/reality_order/destr/meteorar.json
9934e844030b8018faf7c730571faaeed07162c1,25754,assets/minecraft/optifine/cit/reality_order/destr/gnombu.json
7f6bd47456406b63121d861246b8c22534e60bf5,17591,assets/minecraft/optifine/cit/reality_order/destr/las.json
99616815f43ec55fd997cdd0f67475ae205ec485,561,assets/minecraft/optifine/cit/reality_order/destr/chick.png
9298ad8774cdb629f7882a98024a3532c33955ca,6900,assets/minecraft/optifine/cit/reality_order/destr/meteorfi.json
25d9096751452234bdd6a0728a980ca84c3ff165,2101,assets/minecraft/optifine/cit/reality_order/destr/wleg.json
b65b5438aef02e9752b7184d41b880746b8a2e90,6574,assets/minecraft/optifine/cit/reality_order/destr/compr.json
13558dc5d9c212e310be7e122d24fdb9d8cc85e6,412,assets/minecraft/optifine/cit/reality_order/destr/chick_broken.png
7470c6069ea1c52baf3f51b3c99d07ea9e3be8f5,4787,assets/minecraft/optifine/cit/reality_order/destr/meteor.json
1985c243f0636ff5e8ac4bcec6ce407a735180e1,5828,assets/minecraft/optifine/cit/reality_order/destr/datel.json
c121c1a2b2c6d7259f047bb03bbff51889708f9b,141,assets/minecraft/optifine/cit/reality_order/destr/ileg.properties
c0a7bfec996052630824016742c1df268dc66565,107,assets/minecraft/optifine/cit/reality_order/destr/5G.properties
4d35dd72a44eacdd7e6142fd4638c30bff1a04be,179,assets/minecraft/optifine/cit/reality_order/destr/flash.properties
3487a90a461005d0598e1b5c63b0a99c2385b29a,843,assets/minecraft/optifine/cit/reality_order/destr/met.png
467e0d87771493355ba7003830a33fa421eb7549,6958,assets/minecraft/optifine/cit/reality_order/destr/meteor2.json
7b1fa4590253311c9c0214b2b34712b2f2231aa1,4322,assets/minecraft/optifine/cit/reality_order/destr/destr.json
b3f63f4b38cee1063eff2cd961b61ad61820951a,3673,assets/minecraft/optifine/cit/reality_order/destr/mirrow0.json
723753c1c516d72a60162252541974323445ae32,12916,assets/minecraft/optifine/cit/reality_order/destr/all.png
80ff9980e34bb05de77c167ca97e6d776d4ecd9b,6866,assets/minecraft/optifine/cit/reality_order/destr/ileg.json
c5129fbb73dfb5bc7776e808d8703283c76e6ae2,4778,assets/minecraft/optifine/cit/reality_order/destr/flash.json
e417bfc06b510f2fb5a4854b5bcaebe6688c1957,1473,assets/minecraft/optifine/cit/reality_order/destr/kart3.json
db80207aedfd05b96266fdbb3c4453b3779e52bb,5885,assets/minecraft/optifine/cit/reality_order/destr/flash2.json
3fbb8f299422b7e45683edb803864abe96073d8d,8238,assets/minecraft/optifine/cit/reality_order/destr/woody.json
a81aff33d26ed35930e3093f3f262897510ebf72,197,assets/minecraft/optifine/cit/reality_order/destr/gnombu.properties
6758a79b44b7f86bbd5227c130d0dc03ac488c4c,4144,assets/minecraft/optifine/cit/reality_order/destr/all2.png
abef25aa0167a4ff9f898afd8360521cd62b08ce,4393,assets/minecraft/optifine/cit/reality_order/destr/sleg.json
07e927818d069ad8e04e557506c676ad3eca6029,16045,assets/minecraft/optifine/cit/reality_order/destr/1714334124361.png
189dbb385589e41ff2e2bb9dd5793fb0d86eba65,69,assets/minecraft/optifine/cit/reality_order/destr/efl.png.mcmeta
691dc44ceff09b5950e5cf8b36868c94b85782ad,10482,assets/minecraft/optifine/cit/reality_order/destr/emo1.json
1dbd04ba62397fbe6d5fdda4e01f295065d65a01,6807,assets/minecraft/optifine/cit/reality_order/destr/gleg.json
d8d07cbe547efe851f58bcd99d0dcdd1a0008dd1,414,assets/minecraft/optifine/cit/reality_order/destr/pan.properties
5e3c66d29d6e9e7d26ad45a86c661394781e9fee,143,assets/minecraft/optifine/cit/reality_order/destr/wleg.properties
01113e766f00eeb2f1a040d30a4a49b0ac6d23fd,126,assets/minecraft/optifine/cit/reality_order/destr/chick.properties
3001cfdc68a2c9a586c48517c019b89e7886e9f4,4871,assets/minecraft/optifine/cit/reality_order/destr/minigun2.json
431718d4b1017078a30ebfc0587731442b4696b7,3666,assets/minecraft/optifine/cit/reality_order/destr/mirrow.json
7fe32f289b33b97218d186c135526781a3c83a51,8892,assets/minecraft/optifine/cit/reality_order/destr/fea.json
8d670e9ea65e344f504858196cc4e7553dd6dbc4,18017,assets/minecraft/optifine/cit/reality_order/destr/1714334095006.png
1d63e5134303dc01f99c39607100594be77dd7a2,10482,assets/minecraft/optifine/cit/reality_order/destr/emo0.json
514940067c10954d812fdf15d0859282a906025f,973,assets/minecraft/optifine/cit/reality_order/destr/poin.png
c67650f7fbb0fa4a7bc20d95ef9f2b4060678651,6462,assets/minecraft/optifine/cit/reality_order/destr/meteor1.json
c4700ab4077fde832bded594ac497ff6b1102850,196,assets/minecraft/optifine/cit/reality_order/destr/las.properties
693fce23b1aeecdae590f2708c4c4f7030df9cbb,4875,assets/minecraft/optifine/cit/reality_order/destr/minigun1.json
47c25e757dcfc13f7d60911e59f5c8eb0144f3a7,214,assets/minecraft/optifine/cit/reality_order/destr/heavy_gold.png
9c89c8477bdf01f5b5e7fb43f9d0f0324519fbec,10482,assets/minecraft/optifine/cit/reality_order/destr/emo2.json
189dbb385589e41ff2e2bb9dd5793fb0d86eba65,69,assets/minecraft/optifine/cit/reality_order/destr/met.png.mcmeta
b375ede801a857b9549a7a8cfaf0acf040f39f78,12573,assets/minecraft/optifine/cit/reality_order/destr/emofire.json
904b35b5f6fadb2c164248086adb505107ae79f2,182,assets/minecraft/optifine/cit/reality_order/destr/stick.png
81a9cc57c763757eab9bc4b61ee0d60cfb0795ee,5397,assets/minecraft/optifine/cit/reality_order/canaliz/canaliz2.json
e9a56f378980a551af32917913f32f1127eb1455,270,assets/minecraft/optifine/cit/reality_order/canaliz/canaliz.properties
1e901d95b8246ec39ebd80bc1c02571d09660906,824,assets/minecraft/optifine/cit/reality_order/canaliz/canaliz.png
b7de68f578e18fe10bd3ec7b5e8e080b3d94f391,5396,assets/minecraft/optifine/cit/reality_order/canaliz/canaliz0.json
66e583b196b7203c37860a0e8ccab53448f4cf39,5397,assets/minecraft/optifine/cit/reality_order/canaliz/canaliz1.json
4fa742b76aaeb4656ae06135c4945b1a814b22c0,4939,assets/minecraft/optifine/cit/reality_order/canaliz/canaliz.json
615c21d316e9e0e1e36635183b6e4d33089f3e4f,2378,assets/minecraft/optifine/cit/reality_order/i_h/i_h_3_fucking_spaces__blyat/iron_hand_otb.json
1c69e4a535142c044f5eb9c626d7a4d5e519d79d,589,assets/minecraft/optifine/cit/reality_order/i_h/i_h_3_fucking_spaces__blyat/iron_hand_otb.png
0610e50890d29edcce5097bdb12339712e01540e,411,assets/minecraft/optifine/cit/reality_order/i_h/i_h_3_fucking_spaces__blyat/iron_hand_otb.properties
be20a9f3ec97ea4d00aa9275778110d86f1ae319,215,assets/minecraft/optifine/cit/reality_order/i_h/i_h_2_fucking_spaces__blyat/iron_hand.properties
7d970805b3bb75e2108208adea07f7916630a648,458,assets/minecraft/optifine/cit/reality_order/i_h/i_h_2_fucking_spaces__blyat/iron_hand.png
7a272f34b78c46e67fe3e2aedb4d44f2795c45d0,1566,assets/minecraft/optifine/cit/reality_order/i_h/i_h_2_fucking_spaces__blyat/iron_hand.json
43653a1309b14237c7511e2f512835e9c1912fed,662,assets/minecraft/optifine/cit/reality_order/i_h/i_h_4_fucking_spaces__blyat/iron_hand_lazer.png
6b96329ffd7a14ad318579f7c4df07b972879f3b,2908,assets/minecraft/optifine/cit/reality_order/i_h/i_h_4_fucking_spaces__blyat/iron_hand_lazer_pulling_2.json
3081e0820b644c39bed9d67ba51ac6e719fb46f7,3785,assets/minecraft/optifine/cit/reality_order/i_h/i_h_4_fucking_spaces__blyat/iron_hand_lazer_f.json
db119cb50ecfad89ad6511925db3a2119db38f68,668,assets/minecraft/optifine/cit/reality_order/i_h/i_h_4_fucking_spaces__blyat/lazer.png
73f5df4d7919bb5fbb93b73e4c6597a798f75b2b,2502,assets/minecraft/optifine/cit/reality_order/i_h/i_h_4_fucking_spaces__blyat/iron_hand_lazer_pulling_1.json
5029cafc99586dbd973fea2df9d83c0462c5df34,2502,assets/minecraft/optifine/cit/reality_order/i_h/i_h_4_fucking_spaces__blyat/iron_hand_lazer_pulling_0.json
141e8b82fad9eb274da4735abbc49d2475dc8ee3,2556,assets/minecraft/optifine/cit/reality_order/i_h/i_h_4_fucking_spaces__blyat/iron_hand_lazer.json
f4f422e4c288106dc5aaca7d9a72695e85583b25,3763,assets/minecraft/optifine/cit/reality_order/i_h/i_h_4_fucking_spaces__blyat/iron_hand_lazer_arrow.json
2f8cbaa1f7e390e86ee299a168c80c077327f484,524,assets/minecraft/optifine/cit/reality_order/i_h/i_h_4_fucking_spaces__blyat/iron_hand_lazer.properties
1e92c0020007ca017f186ada77912fb5e3110e9b,69,assets/minecraft/optifine/cit/reality_order/i_h/i_h_4_fucking_spaces__blyat/lazer.png.mcmeta
48722a310bf4c598b0a138e0ea34d8e526ce39a2,4323,assets/minecraft/optifine/cit/reality_order/puzirpush/puzgun_pulling_0.json
a82eefba3c7f00f65d2ce59fb964402ad7902566,264,assets/minecraft/optifine/cit/reality_order/puzirpush/puzir.png
61b7c490092519397bf92dcf57c3a71ab928a1b2,3902,assets/minecraft/optifine/cit/reality_order/puzirpush/puzirgun.json
776999bbc1eaa22b99bcca30661087366bcd3c75,632,assets/minecraft/optifine/cit/reality_order/puzirpush/parogun.png
db74e5f51c1fb4af7ac8246aa04725139751ef8f,4323,assets/minecraft/optifine/cit/reality_order/puzirpush/puzgun_pulling_2.json
9d6121add82c57ba3d5334d5f39e4449081bda22,4331,assets/minecraft/optifine/cit/reality_order/puzirpush/puzgun_pulling_1.json
239933ab7548c3c3134ca1eb8f6d2b2def3f77a8,311,assets/minecraft/optifine/cit/reality_order/puzirpush/modeargun.properties
9948af93c833ec25d9750fb39740a484ce187faf,2145,assets/minecraft/optifine/cit/reality_order/cum2/ek_1.png
3287c417f6cb063a5f95eb4d9e7a9b792ba3096f,69,assets/minecraft/optifine/cit/reality_order/cum2/ek_1.png.mcmeta
5fbcea648db1b95bafbc0efac8a43d3c2d7c420a,402,assets/minecraft/optifine/cit/reality_order/cum2/cumotator_eter_ek_1.properties
23607360705dddc1e66cee26c441860f67fba28c,1961,assets/minecraft/optifine/cit/reality_order/cum2/cum_ek_1.png
b5209f33b14c6e00b6604670e0456e4b66af7d81,4727,assets/minecraft/optifine/cit/reality_order/cum2/cumotator_eter_ek_1.json
849070c8ffc0c042fe9b4849aef0a21f3f535f8a,36364,assets/minecraft/optifine/cit/reality_order/univ2/univ2_fi.json
e6841865f153d4f35c60cdc9ffdbd7ed14457ccd,3770,assets/minecraft/optifine/cit/reality_order/univ2/univ2_p1.png
86292b00081309187c129fdff2007d87705806af,34311,assets/minecraft/optifine/cit/reality_order/univ2/univ2_ar.json
8f2bb6e64c7ddf475bb230edecb955d2df4f7691,2636,assets/minecraft/optifine/cit/reality_order/univ2/gstr.png
8b453cbee59ef1d757d74279ecfff180aa11bbe9,34316,assets/minecraft/optifine/cit/reality_order/univ2/univ2_p0.json
41edb84e3ccbba9fa1f08103c2d91c8b08251182,3755,assets/minecraft/optifine/cit/reality_order/univ2/univ2.png
0535c83bf8727c6c4a69110b96fc2aadbc9edbd5,34316,assets/minecraft/optifine/cit/reality_order/univ2/univ2_p1.json
8f71a54491a026fe3bd77d4bdb78a52ab22cb508,33881,assets/minecraft/optifine/cit/reality_order/univ2/univ2.json
ac95f40f9981a2c0ce63e15cb492341ff7a6031c,315,assets/minecraft/optifine/cit/reality_order/univ2/univ2.properties
8651ae375a496779d500da6d79640e45af79a541,34315,assets/minecraft/optifine/cit/reality_order/univ2/univ2_p2.json
a127f97191df155a9324484a027f7caafe76049d,3762,assets/minecraft/optifine/cit/reality_order/univ2/univ2_p0.png
aa4cec6db01c087979f6f7b150517f0b04583623,3767,assets/minecraft/optifine/cit/reality_order/univ2/univ2_p2.png
f6717dca207acc20230711cf1939a13381c08c13,3768,assets/minecraft/optifine/cit/reality_order/univ2/univ2_ar.png
f6717dca207acc20230711cf1939a13381c08c13,3768,assets/minecraft/optifine/cit/reality_order/univ2/univ2_fi.png
8ffa16639aa4c6c105eaecb942d9c55c5b192914,8300,assets/minecraft/optifine/cit/reality_order/pg/portal_gun.json
d6d4e702e5547fd168793d9bb2ceb2182d171965,1149,assets/minecraft/optifine/cit/reality_order/pg/portal_gun.png
4c3637be1275d6de15da1928dc9bf42d17da4578,198,assets/minecraft/optifine/cit/reality_order/pg/portal_gun.properties
970efe4b9cf94ef26e0a70d708c3b42c1c52ec53,348,assets/minecraft/optifine/cit/reality_order/ordar/orden_boots_icon.png
438c11be55747fb2d28debc1491a0c4c3ca9c73b,383,assets/minecraft/optifine/cit/reality_order/ordar/orden_ch_icon.png
e8ace4cb7963fc2d98402d895eb19ac727db0525,281,assets/minecraft/optifine/cit/reality_order/ordar/orden_hf_icon.png
1e3bf9f5cd76141cef21b1d16aa32512311d2f9d,434,assets/minecraft/optifine/cit/reality_order/ordar/orden_boots.properties
36b83fcdb22699eeb10cb1899d592fae76a88998,477,assets/minecraft/optifine/cit/reality_order/ordar/orden_ch.properties
07275f817be1182623ae1004fe53986dd05d9a8d,376,assets/minecraft/optifine/cit/reality_order/ordar/orden_ch_icon.properties
970efe4b9cf94ef26e0a70d708c3b42c1c52ec53,348,assets/minecraft/optifine/cit/reality_order/ordar/orden_boots.png
ec07a8cd6d0d91cc8c40e1aa02fe780ffc1be0b2,330,assets/minecraft/optifine/cit/reality_order/ordar/orden_boots_icon.properties
9b5d00ec9694f167140912e97d7e3bad6e75ef7d,813,assets/minecraft/optifine/cit/reality_order/ordar/orden_armor.png
c15e9b258afeb79543513fe5a42ebe3c0cda992c,445,assets/minecraft/optifine/cit/reality_order/ordar/orden_hf.properties
fa54800d8c67614deaebfadc52a3b71bc973ad55,340,assets/minecraft/optifine/cit/reality_order/ordar/orden_hf_icon.properties
0a561b3731b1bc6d21705f28cdf66fee719cc3ba,7157,assets/minecraft/optifine/cit/reality_order/pmc/pcmch.png
d3b0525e5f9d7e36801c72510babb2cadaeeb9c1,172,assets/minecraft/optifine/cit/reality_order/pmc/pcmch.properties
2c09e8e69f6cec4b9e1befc929e4bad2f3043369,9720,assets/minecraft/optifine/cit/reality_order/pmc/pcmch.json
faf9f2018edd9aaab87025835273488579e9c1e6,21773,assets/minecraft/optifine/cit/reality_order/ferb/ferb.json
29c04302dfcbc4308569724bc5e6fa051732b1fd,2309,assets/minecraft/optifine/cit/reality_order/ferb/ferb.png
f931bab1859b548247b4ca47a6f6a86710b9bdfd,168,assets/minecraft/optifine/cit/reality_order/ferb/ferb.properties
2cf36fb9833b4c94a2c16febfa6936fd28a90bbc,3456,assets/minecraft/optifine/cit/reality_order/popcum/popcum.json
0da9d01d666eee51e9ff1be9eccd710d1b99c1c0,7668,assets/minecraft/optifine/cit/reality_order/popcum/popcumBX.json
2e80d00387b7885efb916d2f03790605b4942856,181,assets/minecraft/optifine/cit/reality_order/popcum/popcumBX.properties
7c403534a74fddf87cab6273ac447092608107db,180,assets/minecraft/optifine/cit/reality_order/popcum/popcumB.properties
79d3d1b172287d4bb5c784e02d043ee92b8b171b,3465,assets/minecraft/optifine/cit/reality_order/popcum/popcumB.json
f0889a9df3915b0a31b7bce4313304e8a8e5a322,751,assets/minecraft/optifine/cit/reality_order/popcum/popcum.png
31bcc9fd951c1d54f2d72a82e8a5789aa61c6f0c,367,assets/minecraft/optifine/cit/reality_order/popcum/pop.png
dda740009341ec66da41e3ae706f60ac140ea2ca,111,assets/minecraft/optifine/cit/reality_order/popcum/popcum.properties
a2c6963fe25795a653af4edb44df1cc7124e1ad2,128,assets/minecraft/optifine/cit/reality_order/hati/uli.properties
a711ca94852b0f48721a63b86fa1d7e66be5ba14,114,assets/minecraft/optifine/cit/reality_order/hati/sopla.properties
895c9a85d631a3a9579de2bbcde4666f91263379,933,assets/minecraft/optifine/cit/reality_order/hati/uli.png
edca88b2ee9d7195ce394796906d0ff4d217c88c,2955,assets/minecraft/optifine/cit/reality_order/hati/sopla.json
2dcb9a74489ff94bc21b7c8a2b9f3ef8dca2f4e5,3026,assets/minecraft/optifine/cit/reality_order/hati/uli.json
b9a0f87545c04748325525f270e23e1362785be2,178,assets/minecraft/optifine/cit/reality_order/automts/red/avtomat6.properties
c58587ae2976b758df78ad6fbe6bcfe5d0f91e4f,3391,assets/minecraft/optifine/cit/reality_order/automts/red/6.png
741b0db4d774f4ab3bcc8001eb8becd7e8191189,10342,assets/minecraft/optifine/cit/reality_order/automts/red/avtomat6.json
85327c7b0925c31f45b52626ce6d9419bc779c14,179,assets/minecraft/optifine/cit/reality_order/automts/cyan/avtomat3.properties
946b85df85c87b1dd4f3d35ef9f564410a66c245,3669,assets/minecraft/optifine/cit/reality_order/automts/cyan/3.png
1fb286354f9dbbb8e726fb335b4483e795f3a634,10342,assets/minecraft/optifine/cit/reality_order/automts/cyan/avtomat3.json
b8ba0e1a2a153cfde4c2cbda1ac436df0565bd1c,10342,assets/minecraft/optifine/cit/reality_order/automts/white/avtomat5.json
a24d3668fae050b2c361f43293f21eaaecc61c0e,3759,assets/minecraft/optifine/cit/reality_order/automts/white/5.png
a7d275474c3b54516791138a2ce72638d153143c,180,assets/minecraft/optifine/cit/reality_order/automts/white/avtomat5.properties
720426c32e20d33fcce807c30b2d80ade2a3a6f7,10342,assets/minecraft/optifine/cit/reality_order/automts/magenta/avtomat1.json
6858320e2cf55b8c0ca2ffa82056120d04fe1d1c,182,assets/minecraft/optifine/cit/reality_order/automts/magenta/avtomat1.properties
401df4e0ae31597eb4930d14f430b4f0e13100aa,4064,assets/minecraft/optifine/cit/reality_order/automts/magenta/1.png
4c6e7bef47260fd196bcfcbb24868f1f0557a5a2,3581,assets/minecraft/optifine/cit/reality_order/automts/purple/2.png
4c2c5148e4e742d3fd0d26dbe2f1f264e4d48539,181,assets/minecraft/optifine/cit/reality_order/automts/purple/avtomat2.properties
180b57cfd2e9ab373dbccbb1e4506ad8102b2d58,10342,assets/minecraft/optifine/cit/reality_order/automts/purple/avtomat2.json
607f909795c3430363812c209f3795f3ad928f14,4100,assets/minecraft/optifine/cit/reality_order/automts/lime/4.png
3a7895dbd047d4f52e62afb6c91b5974b61c628d,10342,assets/minecraft/optifine/cit/reality_order/automts/lime/avtomat4.json
aa2e065a3032f66975c981825849a546a2261db4,179,assets/minecraft/optifine/cit/reality_order/automts/lime/avtomat4.properties
1b3b8507503db192a774c5910d023e44f1c0af98,289,assets/minecraft/optifine/cit/reality_order/bilet/oneadm.png
eb8382780adefb673dced5cadc93e077a18e895d,105,assets/minecraft/optifine/cit/reality_order/bilet/bilet.properties
f8a95c5effb0a06eb06d4e6a1031459e4bbdf179,7406,assets/minecraft/optifine/cit/reality_order/bilet/bilet.json
eba1345e06b77ee17662f956fcd0defed7631feb,236,assets/minecraft/optifine/cit/reality_order/bilet/heavy_gold.png
