d16a6f26-1861-4fc8-8fe1-0ce02defb7f1,sp_main,sp_main/files.csv.gz,2d80e393d3b867e157f2c39882e28e683b9e015d
6984f308-cdd5-4053-ad6a-9e5d42f6a287,sp_main_models,sp_main_models/files.csv.gz,89f7f62e075fb51060a8b0885aa0cf704fb9a6b9
2b961eca-e7fb-444a-aff8-d7f15b1b9c22,sp_main_shaders,sp_main_shaders/files.csv.gz,291d7703e581f416c9656e4b989ea3e41d8bd7fd
602d84cc-c98c-4637-b6b1-fbee1eedc2c5,sp_splashes,sp_splashes/files.csv.gz,d3f561ce36a81b08d44c4e627255b80de05c8f5c
330437bf-4547-496a-ae93-e8521873eaf5,sp_item_frame_small,sp_item_frame_small/files.csv.gz,83c4c045b0d704d206954e1efa3d5a2988ec0dd8
dd8786fc-5d95-4a0f-ae1c-933323717d75,sp_transparent_pumpkin,sp_transparent_pumpkin/files.csv.gz,1328b878c0dc7a1e322b0e793ef99322909de2b6
bcf295e3-b74c-47be-b108-94cdebf0c0be,sp_renamed_entities,sp_renamed_entities/files.csv.gz,3ee4192764a2e7ced6dfc1fab2eb3bc3dbf961d3
0ff9f16b-e8d3-466b-bc27-19e5a3626e53,sp_extra,sp_extra/files.csv.gz,3da8eb3e3e32a4011f285918c0049d5c3e1fdad7
2039cead-07c1-45ae-8473-78e355c9f12e,merged_packs/amid/censored,merged_packs/amid/censored/files.csv.gz,a0fb4ee4eabc2c8e296e074b6150b829e34c5fc1
2b89f2ec-8abc-4052-a6a5-f8bfeccbbdb1,merged_packs/amid/uncensored,merged_packs/amid/uncensored/files.csv.gz,61b297d00188cd9767dc4fb581c2e2350b8e3958
b47659e4-4740-4915-ab60-d5c4001aa9fa,merged_packs/anime_cafe,merged_packs/anime_cafe/files.csv.gz,085ffbc60b1d6a1c221df795641968f2b3879efd
f9f2ccb3-aa85-4c7a-a4d1-1837dcb875db,merged_packs/cefi,merged_packs/cefi/files.csv.gz,db3f3ad2ae42972b77270768a592e8366de67863
e7c17111-0546-4051-b595-e12aed61787a,merged_packs/cream_pie,merged_packs/cream_pie/files.csv.gz,5db36363edebe617df594b4e7f4a5bb73e10a6ef
6eb3bd0b-8e45-4f6f-a978-aecfb6a8de2b,merged_packs/cult_omega,merged_packs/cult_omega/files.csv.gz,36d79a9a5472bb388d6dc406a6c00f2a6e349139
730197a6-f2b6-4893-9e6f-75f0d3db4bbe,merged_packs/funko_store,merged_packs/funko_store/files.csv.gz,8b4b4071573f97cddc9b9159830b0e551602371f
2f2aece3-3cd8-4cfa-b1d0-0a440773598a,merged_packs/kotelok,merged_packs/kotelok/files.csv.gz,a5f24f2cff024ad12a9be02ff7b83782f2830f79
f8e6164b-1ee6-4e6d-8274-4cf1eb21088b,merged_packs/ksepsp,merged_packs/ksepsp/files.csv.gz,e85467ff0fd77b14d011106418975e15805b8025
2f34c8ee-19c1-456f-8d2a-dd4d9ab0c281,merged_packs/legendary_feather,merged_packs/legendary_feather/files.csv.gz,b4bb5dc9aa19f41f94975143efde23e6a69b1dd2
47cf3b1b-3795-4517-9df6-2a4ff2a0527f,merged_packs/plushie,merged_packs/plushie/files.csv.gz,7e59a43d5902c85b3508804e51b68171a302728e
0791c3ff-2f6d-49b9-a223-2826f247bc17,merged_packs/reality_order,merged_packs/reality_order/files.csv.gz,bee6a1eb702fb87dc6b502cb30df28aba4ed27e5
6b76f032-3d42-495c-ba03-27e615330ab2,merged_packs/spcities,merged_packs/spcities/files.csv.gz,acfd22d7e31437b70f437c124383cc1f30f6d9f0
f1a5de4a-f8a5-4d8b-93bd-e48f642bbfa4,merged_packs/spgeek,merged_packs/spgeek/files.csv.gz,5ff28c8b328f3e75458ac6d379b490b4ce4fc2e8
6f9b2443-4b1f-4272-9225-f32d3cfba948,merged_packs/sphospital,merged_packs/sphospital/files.csv.gz,8fea96894de1d9ba7b19dc185376f303fb5a1429
81fa3973-1f84-4348-91be-e93020ffea8a,merged_packs/sprp,merged_packs/sprp/files.csv.gz,0578b4cc822dc512984d404c901da857b6622ebc
78f83bd3-3f2b-4808-8e29-e8372b47df95,merged_packs/tesrp,merged_packs/tesrp/files.csv.gz,81e1fad9a5f88c78207093ef6ae279caed801002
2b4f0839-abd4-4b68-9add-0509de86e8c8,merged_packs/the_bar_of_broken_heroes,merged_packs/the_bar_of_broken_heroes/files.csv.gz,6a8a166d75ae2d4cfe50546718db69fb06d77d70
73a3135b-80fb-4cf3-ac09-76a15bc16d8b,merged_packs/warhammer,merged_packs/warhammer/files.csv.gz,18a5b17b90034ffc4b9ab8254a99d8be4fe064b1
