363a3e22fde3a644d7cc4a505101b4727acee1ca,55265,assets/minecraft/optifine/cem/chest_minecart.jem
bac97a7b41a782f0b2e617d93258933d2db0a710,5980,assets/minecraft/optifine/cem/cat_collar2.jem
42c5ee1bf1723bb8b7b3f6be046ba395206d00cf,5973,assets/minecraft/optifine/cem/cat2.jem
363a3e22fde3a644d7cc4a505101b4727acee1ca,55265,assets/minecraft/optifine/cem/minecart.jem
363a3e22fde3a644d7cc4a505101b4727acee1ca,55265,assets/minecraft/optifine/cem/furnace_minecart.jem
188668e978fa46e9b4515efd6bfd65bada281acc,54,assets/minecraft/optifine/cem/cat_collar.properties
363a3e22fde3a644d7cc4a505101b4727acee1ca,55265,assets/minecraft/optifine/cem/commandblock_minecart.jem
363a3e22fde3a644d7cc4a505101b4727acee1ca,55265,assets/minecraft/optifine/cem/tnt_minecart.jem
7f66a515b9197005b1e1ef27ac5c9e9a0295ee63,6068,assets/minecraft/optifine/cem/snow_golem.jem
188668e978fa46e9b4515efd6bfd65bada281acc,54,assets/minecraft/optifine/cem/cat.properties
d1ac0aae2bc895282cdbd61bd0583c00a3b6e986,97236,assets/minecraft/optifine/cem/skeleton_horse.jem
363a3e22fde3a644d7cc4a505101b4727acee1ca,55265,assets/minecraft/optifine/cem/hopper_minecart.jem
100e52e1e5056482170a2eb835d145bab2b4e07a,686,assets/minecraft/optifine/random/entity/snow_golem.properties
1562baca7d7e92e7d93589b9e3ab344c2acca6f1,58970,assets/minecraft/optifine/random/entity/minecart5.png
04ca6c32b7ce618d4550827380a9bfeed8be7913,11313,assets/minecraft/optifine/random/entity/minecart2_e.png
2d149a06e29701e2c298890cece94e6313c126c3,3438,assets/minecraft/optifine/random/entity/snow_golem2.png
1923fb4dc984cf7fb31f0cfdcd84f0103492ced4,23742,assets/minecraft/optifine/random/entity/minecart7.png
619abc084ad5e80ba209049e15d9eb9fd7da6c24,12355,assets/minecraft/optifine/random/entity/minecart9_e.png
09d2818a4d99861850d753714faa6ad775620b59,2303,assets/minecraft/optifine/random/entity/snow_golem3_e.png
fe8806217c1aed228370f06d0385299a27a4f7c8,17426,assets/minecraft/optifine/random/entity/minecart6.png
3bce741b4aab97cf208b5bc109150a555a4067e1,75674,assets/minecraft/optifine/random/entity/minecart4.png
5f8f64d6867182adfa6a82482963307794948e96,12613,assets/minecraft/optifine/random/entity/minecart7_e.png
de0e2762f95fb8a38dbf4378b2dd8664f23ecc26,12342,assets/minecraft/optifine/random/entity/minecart6_e.png
d5d37c1536b4a65c65e455b859331be11ebf617e,13669,assets/minecraft/optifine/random/entity/minecart2.png
2c3209c1748aa5f4d15d3e36ea66dd2615e019a2,3115,assets/minecraft/optifine/random/entity/snow_golem3.png
f8bdaa05dbedf2fc23b6163659014f7f1f628776,2304,assets/minecraft/optifine/random/entity/snow_golem5_e.png
95ba2259ad8d48bc306d081827bf822cfaf00c1a,12609,assets/minecraft/optifine/random/entity/minecart8_e.png
5655a1c0394a54aeed0bf9ddd8c3d2457426f476,3485,assets/minecraft/optifine/random/entity/snow_golem4.png
b19a2e79143c64685f0a9586dd7dbb1666a557d0,1003,assets/minecraft/optifine/random/entity/minecart.properties
e744a4b1921332e72df6a273d04a17e513ff76ec,17614,assets/minecraft/optifine/random/entity/minecart9.png
cacf477fbe3d9daa0c01c3eeff40582eaa083a0b,23530,assets/minecraft/optifine/random/entity/minecart8.png
a556b076fe3c122e455537da5a88f95fe143f581,59345,assets/minecraft/optifine/random/entity/minecart3.png
3fbbfc1a00f5c49c6221bd7fa4dc255491f629b6,3115,assets/minecraft/optifine/random/entity/snow_golem5.png
9d9f333a959c150f80bae841be14952fc80c030d,6695,assets/minecraft/optifine/random/entity/horse/horse_skeleton9.png
7d43eb6a725fb6c202ddf0359c39b7de164b97af,4053,assets/minecraft/optifine/random/entity/horse/horse_skeleton5_e.png
3f03430cfb936017f15d15dae92f09f5219fa0e2,3608,assets/minecraft/optifine/random/entity/horse/horse_skeleton4_e.png
9c82951cf11e0418abbf49dae6eb4419e359ed97,3605,assets/minecraft/optifine/random/entity/horse/horse_skeleton3_e.png
c6c534d0c7348883444ec14d6a6ac563e11bac9a,12602,assets/minecraft/optifine/random/entity/horse/horse_skeleton5.png
31fce692e9538db7ccd4e723a602f929da64aba7,18711,assets/minecraft/optifine/random/entity/horse/horse_skeleton7.png
1fc9d1eef3a393383ce4cd6351c2a271f850c827,583,assets/minecraft/optifine/random/entity/horse/horse_skeleton.properties
61cedac76ee0485425e16faf940369036ea3a3e3,15351,assets/minecraft/optifine/random/entity/horse/horse_skeleton6.png
ee01159af98fb7a8c43aa75a51e3b5492dcc19ee,16500,assets/minecraft/optifine/random/entity/horse/horse_skeleton2.png
642d121fea2ab9da919c08d103aca365df2b9ae2,5228,assets/minecraft/optifine/random/entity/horse/horse_skeleton4.png
8afb0aeedd32a465c6f2997504419373a9d532f7,5160,assets/minecraft/optifine/random/entity/horse/horse_skeleton3.png
bf1a7cbc18f68370a57bf98a34a8a9bd1d691700,12893,assets/minecraft/optifine/random/entity/horse/horse_skeleton8.png
0194167661ea87f4d1ee7c27f9f1bc46c633124e,3329,assets/minecraft/optifine/random/entity/horse/horse_skeleton9_e.png
559d02aa5645cac99d23c85f3757494d5be35d18,3188,assets/minecraft/textures/entity/snow_golem.png
3b17aeb027e3b218f71698906ca039f876bea7e4,14059,assets/minecraft/textures/entity/minecart.png
77365de4dc171d0bffc8e3878ecd1c4399e81770,131,assets/minecraft/textures/entity/cat/hedgehog_collar.png
d0d3e0d27307717f41722bf843331031296e4dca,311,assets/minecraft/textures/entity/cat/hedgehog.png
1ceab14433dfaca6adc74765c142ee909128e49d,3507,assets/minecraft/textures/entity/horse/horse_skeleton.png
