543bfb2b8b0ba0b0f9c143c99b27fe3c32459602,60021,c.json
ef9ff6d55b470423c1b688df25e1724ec0fbf0a0,190,assets/minecraft/optifine/cit/sprp/gun/rickportalgun.properties
40cceeba9d8b6c3e08b214dd4ca00036ea000dfd,6245,assets/minecraft/optifine/cit/sprp/gun/uzi.json
d6993f902dc9942589825580f8d3bf13b00fdb3a,247,assets/minecraft/optifine/cit/sprp/gun/rickportalgun_e.png
1742205fd5ee2f79889f0c33a6fc87bcfc34992c,365,assets/minecraft/optifine/cit/sprp/gun/pistol.png
6728c1bb53e53a255559a3ac8d6ba929cf56fefb,85,assets/minecraft/optifine/cit/sprp/gun/uzi.properties
98f8ee1df3c0831e7ac7e770e6bde51934b78d21,2494,assets/minecraft/optifine/cit/sprp/gun/rickportalgun.json
a4a78d10f04fe7b811364e72f9a71dca68f7f01c,75,assets/minecraft/optifine/cit/sprp/gun/pistol.properties
12c495ddcb7111c7a4617d5b336bebbec20a756a,313,assets/minecraft/optifine/cit/sprp/gun/uzi.png
0845865147ea9b446b99d20a69ab60a4b6e6e08b,562,assets/minecraft/optifine/cit/sprp/gun/ak47.png
90abf80d0467b7bfe30fa00aed6c53a83657c542,4618,assets/minecraft/optifine/cit/sprp/gun/ak47.json
aae67a830ce6b3b22b51f1f2a9ebf88f74ffd44f,67,assets/minecraft/optifine/cit/sprp/gun/ak47.properties
adbedfb09fef6a0e1a915a76201bbc4bff22ce26,410,assets/minecraft/optifine/cit/sprp/gun/rickportalgun.png
f823d9ac5589c5bbf8441d6f9338c59077d09475,2641,assets/minecraft/optifine/cit/sprp/gun/pistol.json
82de566a652d872af27d09d8cf1754c3a5644cbd,2153,assets/minecraft/optifine/cit/sprp/items/warning.json
c1d7985419e1878a2864c78723a1a74ea963dcc6,125,assets/minecraft/optifine/cit/sprp/items/foliant_t.properties
e6bc141b0371d0066cf291b2aa53dff60c7d6cf4,6221,assets/minecraft/optifine/cit/sprp/items/fance.json
a655b483d8f7ab7fa923b0d1107fbd49392b9825,3919,assets/minecraft/optifine/cit/sprp/items/tennis_red.json
9eb1cd2652f9f1e8d491cc780e111ace983e980b,865,assets/minecraft/optifine/cit/sprp/items/future.png
4efae6151ca079e13a6d588ee5e7bfd72452e292,2781,assets/minecraft/optifine/cit/sprp/items/gall_j_e.png
363ee72f4448a530089525262cb096ab141b8084,235,assets/minecraft/optifine/cit/sprp/items/prob.png
43424226f2a283973221cc826681e236e01b2607,1931,assets/minecraft/optifine/cit/sprp/items/cocainum.json
97784c834b2d00d4617dba8de43aab705afcb4a8,300,assets/minecraft/optifine/cit/sprp/items/macbook_e.png
637cea8e591c5ea6164bfc602d3a4b081206ab4b,105808,assets/minecraft/optifine/cit/sprp/items/tv2.png
3a6b30a96d35f9494df792b7a09f611540002c3b,2815,assets/minecraft/optifine/cit/sprp/items/sovest.json
01993af2e4f26eb2832e9b0a90202fa2225e047e,3959,assets/minecraft/optifine/cit/sprp/items/tv_wall.json
061fd519b22986cf5bc93f10de273ff5d50cb0ce,264,assets/minecraft/optifine/cit/sprp/items/tennis_red.png
794da7ead94f19f0e3973e6bd8be374118b014fa,4943,assets/minecraft/optifine/cit/sprp/items/smartphone_black_e.png
f246e7305870ea6f822d8ffb1c630db10737369f,212,assets/minecraft/optifine/cit/sprp/items/future.properties
f9c1ab12aefca671433a6ec28ebaad7354786d2f,1293,assets/minecraft/optifine/cit/sprp/items/smartphone_white.json
f3141063a0ceb123f44f1f927f1a272fea20441d,105,assets/minecraft/optifine/cit/sprp/items/message_t.properties
cd5f747a3eea9bf8842c601bb93d5fbabb3806a0,175,assets/minecraft/optifine/cit/sprp/items/tv_wall.properties
25dc3165862f8a986c6bad5e351484df8f0bb3f7,90,assets/minecraft/optifine/cit/sprp/items/spaceship.properties
b7e41c42cb3df74f98a983729f7a493fbaf861df,2159,assets/minecraft/optifine/cit/sprp/items/texts.json
8bde623e3c14b1b9970f7c38d3cbaecf78e11518,160,assets/minecraft/optifine/cit/sprp/items/prob_red.properties
9c9cf4fc4be7b2ba3258ff755a16125e479c8f53,626,assets/minecraft/optifine/cit/sprp/items/texts.png
65326cf8d899d079e622f86fddc0a11f4d30b6f2,296,assets/minecraft/optifine/cit/sprp/items/foliant.png
3bd308fde76792868da3099fea5ec1bbca51058f,133,assets/minecraft/optifine/cit/sprp/items/microscope.properties
ca6c3a6dfc411c6194682668ec0c174e5aeaf9d4,2677,assets/minecraft/optifine/cit/sprp/items/gall_light.png
f7472ab507a92ffc883721e382877ca89909ba94,2012,assets/minecraft/optifine/cit/sprp/items/prob_green.json
7bd7d2228031248a04bb0234a91a5e4924e16fff,121,assets/minecraft/optifine/cit/sprp/items/macbook.properties
06eec7056cee97fa72d96eda0d9ce01b9f353aef,151,assets/minecraft/optifine/cit/sprp/items/table_white.properties
bc729bbc3710a15dc4205c5d893ce0ae86f91ed3,424,assets/minecraft/optifine/cit/sprp/items/monitor.png
8405f476468cc115e4e40c8a8d9a9f2a7a9cf365,3921,assets/minecraft/optifine/cit/sprp/items/tennis_blue.json
1624981db47d1c0f59c05dbf727ff478c583594a,37,assets/minecraft/optifine/cit/sprp/items/bedrock.json
b002f9cee1ddfd72f144a0126c14432e639382a9,149,assets/minecraft/optifine/cit/sprp/items/prob_blue.properties
a8a14a506c7d118ec95798824c6dcbf9c60157e2,6478,assets/minecraft/optifine/cit/sprp/items/oscar_kvak.json
7e313260dd62d658f78b8404162f922d343a73e1,162,assets/minecraft/optifine/cit/sprp/items/prob_green.properties
f01374b66c41d56f16f85d24aa2a7d201578ac3f,139,assets/minecraft/optifine/cit/sprp/items/fance.properties
637cea8e591c5ea6164bfc602d3a4b081206ab4b,105808,assets/minecraft/optifine/cit/sprp/items/tv2_e.png
aba2d345f2b9690a2bf77aa14c257e9f078d5965,1314,assets/minecraft/optifine/cit/sprp/items/gall_glass.png
6b60002e56c37747e03e4aa2b2ccd7e712e495d3,631,assets/minecraft/optifine/cit/sprp/items/cocainum.png
8ec4aee1db77beed2f0fdb40b0abe409ea2d4121,1927,assets/minecraft/optifine/cit/sprp/items/week.json
09cd0a3709ddf9ee9d3de1a9b6a249c83b4ce3ec,142,assets/minecraft/optifine/cit/sprp/items/august.properties
0bd57a44552c98760fb17ad0489ffd59aaffd4c1,1262,assets/minecraft/optifine/cit/sprp/items/spaceship.png
fd724c73e460b2bc9328050f2c9d39aa7d692045,15010,assets/minecraft/optifine/cit/sprp/items/spaceship.json
e1704624f54eca16a247e2047febdfaac1d9282c,2321,assets/minecraft/optifine/cit/sprp/items/tv_wall.png
caa3a25d96c1b8046b2830ee5897db552145c5a1,9814,assets/minecraft/optifine/cit/sprp/items/crackegg2.png
d2c54f3562836cb109dc94907d63f7649147b1a4,1293,assets/minecraft/optifine/cit/sprp/items/smartphone_black.json
f32d74372eb026033274234da62f4ad21c4ddc43,10036,assets/minecraft/optifine/cit/sprp/items/crackegg2_e.png
01a379794c4dcada04e8e2e0577b4fe1f715930b,2012,assets/minecraft/optifine/cit/sprp/items/prob_red.json
8cb091d76f92a88a6d50afb1be443e54e4518da8,44,assets/minecraft/optifine/cit/sprp/items/tv2.png.mcmeta
e571a47a47e04906ea4ca7b60507acef353a061a,264,assets/minecraft/optifine/cit/sprp/items/tennis_blue.png
87373f7dfc5ceb70b5793d3de5840817bcae020b,8074,assets/minecraft/optifine/cit/sprp/items/gall_5.png
b97a28dfc619a308d1cf64703235f2a2f5e0f64e,4337,assets/minecraft/optifine/cit/sprp/items/tv.json
18e4fd3d6c828e3246ec760cd5736a57357c5dba,24220,assets/minecraft/optifine/cit/sprp/items/gall_j.json
ee744f9b4f14f92811392d3225b3f2bdaa23a99d,2346,assets/minecraft/optifine/cit/sprp/items/fance.png
8cb091d76f92a88a6d50afb1be443e54e4518da8,44,assets/minecraft/optifine/cit/sprp/items/tv2_e.png.mcmeta
acc730773e1162572f198403afa3c44561b8cbaf,146,assets/minecraft/optifine/cit/sprp/items/gall_5.properties
d5fcf08d4f000fecd1de498ff59369adfe001d8d,148,assets/minecraft/optifine/cit/sprp/items/tennis_blue.properties
21824387ebde329a1333bf9795de3b2ab1270286,99,assets/minecraft/optifine/cit/sprp/items/bedrock.properties
152a1a72e49a0af3dc4e413588f4ce94caecbd9c,24350,assets/minecraft/optifine/cit/sprp/items/gall_5.json
e88f9860e4352ce78bf346bcc4a1d337343c8360,5009,assets/minecraft/optifine/cit/sprp/items/smartphone_black.png
34710d3abb3dd49d2360620b84bdceddae934658,151,assets/minecraft/optifine/cit/sprp/items/ball.properties
b80195a48b60bc656c9fdb070407f3430bf8fd87,182,assets/minecraft/optifine/cit/sprp/items/standprob.properties
4612fec3c738a8568c7093fd98c1bdd661eabf8e,8439,assets/minecraft/optifine/cit/sprp/items/crackegg.json
e02ac10716281e0f36cdcec0e207a4adae1ed6a1,2817,assets/minecraft/optifine/cit/sprp/items/foliant.json
8fb39c509a146a0b2e46e23a066a0904c167f5a8,295,assets/minecraft/optifine/cit/sprp/items/sovest.png
b50fcdf160332020ac7acd7a6b8f12a17324575b,1675,assets/minecraft/optifine/cit/sprp/items/future.json
e8e38b3b3b9e5382a331c4c8d49730203940dbec,1736,assets/minecraft/optifine/cit/sprp/items/macbook.json
0f5bd531cf6b1eb53858bcd15a2e914254cb4ed6,816,assets/minecraft/optifine/cit/sprp/items/future_e.png
abd761a73c4187ee100b47b3f2ce0b52d29ceca3,165,assets/minecraft/optifine/cit/sprp/items/warning.properties
edb26043ae3bf47a432724206bd83e48cb96daf0,7228,assets/minecraft/optifine/cit/sprp/items/microscope.json
d178808cdff9e9b33506d8211bc6b576a387a888,192,assets/minecraft/optifine/cit/sprp/items/crackegg.png
a8dc3486a2b5810f5e3a4b53a9475f98480607ef,2347,assets/minecraft/optifine/cit/sprp/items/warning.png
5ebc6bcaa953c754132b7f535e1db899bc217cad,613,assets/minecraft/optifine/cit/sprp/items/week.png
996da84d06450a5090403cfb22b06e5efa186cfd,156,assets/minecraft/optifine/cit/sprp/items/week.properties
992cbcc53c4356398e38a2694ad3cac2b868c475,213,assets/minecraft/optifine/cit/sprp/items/crackegg.properties
fad2a0604a336a4c941a7c5af42fc0ead74c3c55,300,assets/minecraft/optifine/cit/sprp/items/table_white_e.png
6fb8202d173263a2def11bb9c48c9d71a8159029,2677,assets/minecraft/optifine/cit/sprp/items/gall_light_e.png
9de9f15dfd135afb7c50a9553de4674276a1e567,166,assets/minecraft/optifine/cit/sprp/items/cocainum.properties
4aa04bbf5609365c020402f0aefacc65036aba24,11260,assets/minecraft/optifine/cit/sprp/items/standprob.json
70a98226ac6938ba92a523f1c3710cffaf32a2ec,132,assets/minecraft/optifine/cit/sprp/items/foliant.properties
992c7a82f9423c30e6863bd18e67ce4a143669eb,581,assets/minecraft/optifine/cit/sprp/items/ball.png
cf2b56347cf275b3913a4debb086bcec26090bb2,1243,assets/minecraft/optifine/cit/sprp/items/table_white.json
89cf3952906e7982e4c31072ed0a138951ee7a45,1243,assets/minecraft/optifine/cit/sprp/items/table_black.json
78a70c5560255cf40a634345adc98d718a25ce27,162,assets/minecraft/optifine/cit/sprp/items/smartphone_black.properties
9f85b101c29b92e37ef4e9ca439f6a935048260d,1239,assets/minecraft/optifine/cit/sprp/items/august.png
d7ad63aec74f22b02752cb854dd95dd25a942574,124,assets/minecraft/optifine/cit/sprp/items/texts.properties
1edba79ec5031f0f8eec35b7b8269bb21fe1e1f8,2127,assets/minecraft/optifine/cit/sprp/items/monitor.json
d71c8bce69e126fcd16a8fa30b0f91c3eb857632,1051,assets/minecraft/optifine/cit/sprp/items/ball.json
2ee5a3b31fb021f74df5343e664a36fd72f61e61,417,assets/minecraft/optifine/cit/sprp/items/microscope.png
fae6c871b258a6789b77f533dce63b0549e16eae,9726,assets/minecraft/optifine/cit/sprp/items/gall_5_e.png
afcd3d8fa4385a7699f73521790ae0516bf895f2,126,assets/minecraft/optifine/cit/sprp/items/tv.properties
794da7ead94f19f0e3973e6bd8be374118b014fa,4943,assets/minecraft/optifine/cit/sprp/items/smartphone_white_e.png
bbb15bf2bd7bc027ea97c6628b3b150c34fe197a,2357,assets/minecraft/optifine/cit/sprp/items/tv.png
c08d7e331245f9a41ed44fb231beaa73747bdb50,1220,assets/minecraft/optifine/cit/sprp/items/message.json
fad2a0604a336a4c941a7c5af42fc0ead74c3c55,300,assets/minecraft/optifine/cit/sprp/items/table_black_e.png
79424b937853fea3eaa97b334d3210265713a477,157,assets/minecraft/optifine/cit/sprp/items/table_black.properties
2379d7f8e4e6e1184bf8ae5ac6eefee08fd81fcb,527,assets/minecraft/optifine/cit/sprp/items/oscar_kvak.png
95d1f8cbccf1128455058d8fa866c39c65657225,5883,assets/minecraft/optifine/cit/sprp/items/august.json
72d2fea469628667bfb6752259011dc9b77a4cb3,405,assets/minecraft/optifine/cit/sprp/items/table_white.png
e5d79ac6ed89323667141ef1bf049e2b23286353,300,assets/minecraft/optifine/cit/sprp/items/monitor_e.png
c3737ccdb87ee25f7ee368920a8331f5b596e5b7,140,assets/minecraft/optifine/cit/sprp/items/oscar_kvak.properties
1faf4ed42be437952d98d8a6001d4488a5bf871e,2140,assets/minecraft/optifine/cit/sprp/items/message.png
9f8316d1543adee5d5f544c6f5f54dff3b472a46,2107,assets/minecraft/optifine/cit/sprp/items/prob_blue.json
5f4c017beac1005c81e6ce957d621db16e82844b,181,assets/minecraft/optifine/cit/sprp/items/sovest.properties
f1d58b5b4ecf5f629d42cd5846d569c1aff886c8,117,assets/minecraft/optifine/cit/sprp/items/texts_t.properties
fa991c5439d2e24e552497cdc5cbb32c55a536d2,121,assets/minecraft/optifine/cit/sprp/items/monitor.properties
20aa86212cd56e7e2420bd8a622cdaf884921626,126,assets/minecraft/optifine/cit/sprp/items/message.properties
0acc2b48461b6950a76c9dfe070f72b9f368ecb3,144,assets/minecraft/optifine/cit/sprp/items/gall_j.properties
167e710812b16be05362671df8357aa45f31788a,5012,assets/minecraft/optifine/cit/sprp/items/smartphone_white.png
12e4a8093d2cf4d1edf99db861f1681f7e318427,44,assets/minecraft/optifine/cit/sprp/items/crackegg2_e.png.mcmeta
b91d8d4da2a1a8b562f5109cba1086491cb5bc89,159,assets/minecraft/optifine/cit/sprp/items/tennis_red.properties
12e4a8093d2cf4d1edf99db861f1681f7e318427,44,assets/minecraft/optifine/cit/sprp/items/crackegg2.png.mcmeta
fda0d9971f6c38a80d6dd84f63934d15870f53fa,406,assets/minecraft/optifine/cit/sprp/items/table_black.png
a912a9b9aa2b835f3729a881d833be944a718af0,562,assets/minecraft/optifine/cit/sprp/items/standprob.png
c5ff5e13f3bb96aabdd6d28f4285174228e3d386,156,assets/minecraft/optifine/cit/sprp/items/smartphone_white.properties
ad0f48b6dbd16fa9d6f2c8242e909b43395e542a,509,assets/minecraft/optifine/cit/sprp/items/macbook.png
4efae6151ca079e13a6d588ee5e7bfd72452e292,2781,assets/minecraft/optifine/cit/sprp/items/gall_j.png
aab7189d372e545169c59686e1223fba555e3bd1,164,assets/minecraft/optifine/cit/sprp/musicbyfaradey/hand_microphone.properties
638def7d500e482f24ba11a1be1409f009540644,130,assets/minecraft/optifine/cit/sprp/musicbyfaradey/saxophone.properties
9ec52bfa2d0c7f938ab2c8fc6abb68b204641fea,248,assets/minecraft/optifine/cit/sprp/musicbyfaradey/hand_microphone.png
0bac5a2031f1b90f877b2cf21ecc4c6f7a799f87,1949,assets/minecraft/optifine/cit/sprp/musicbyfaradey/saxophone.json
7f2ad0114903f295b879e3eeedb7a23bd8672d03,399,assets/minecraft/optifine/cit/sprp/musicbyfaradey/saxophone.png
523727d5a8dc2052293832bdb2d27633d9de9484,1939,assets/minecraft/optifine/cit/sprp/musicbyfaradey/hand_microphone.json
be6c32bc945d0a2c17a698696cb8c1afb808bdf8,214,assets/minecraft/optifine/cit/sprp/musicbyfaradey/spotlight/big/red.properties
6c52c208f079349e354c2ba2f937d9e15fab5760,209,assets/minecraft/optifine/cit/sprp/musicbyfaradey/spotlight/big/blue.png.mcmeta
b1a5f27c6b81d48f930da55e9c2c45cf8b5f45e7,511,assets/minecraft/optifine/cit/sprp/musicbyfaradey/spotlight/big/red.png
15b98d25195640e82229f403e44e4ae33260b7f0,511,assets/minecraft/optifine/cit/sprp/musicbyfaradey/spotlight/big/green.png
3a4b5e4480c9ad898f79a6cf6dd07589dc4ff312,203,assets/minecraft/optifine/cit/sprp/musicbyfaradey/spotlight/big/blue.properties
6c52c208f079349e354c2ba2f937d9e15fab5760,209,assets/minecraft/optifine/cit/sprp/musicbyfaradey/spotlight/big/green.png.mcmeta
6c52c208f079349e354c2ba2f937d9e15fab5760,209,assets/minecraft/optifine/cit/sprp/musicbyfaradey/spotlight/big/yellow_e.png.mcmeta
161dd85457b692caed59009ab6314886e9398833,211,assets/minecraft/optifine/cit/sprp/musicbyfaradey/spotlight/big/yellow.properties
0e5ae19ea6dab1a1ee000e6d0cdfa68da02f91f0,129,assets/minecraft/optifine/cit/sprp/musicbyfaradey/spotlight/big/yellow.json
6c52c208f079349e354c2ba2f937d9e15fab5760,209,assets/minecraft/optifine/cit/sprp/musicbyfaradey/spotlight/big/yellow.png.mcmeta
791e73e0f47badd395d02f240d5f0e5800e2c0d1,125,assets/minecraft/optifine/cit/sprp/musicbyfaradey/spotlight/big/green.json
a4831bedc2719b7157bec0c914d186b6e8c26594,244,assets/minecraft/optifine/cit/sprp/musicbyfaradey/spotlight/big/mix.properties
a9db093d2ba7724ffde2ffb02c2f262519aa0507,270,assets/minecraft/optifine/cit/sprp/musicbyfaradey/spotlight/big/green_e.png
6c52c208f079349e354c2ba2f937d9e15fab5760,209,assets/minecraft/optifine/cit/sprp/musicbyfaradey/spotlight/big/red.png.mcmeta
55c3117456e5c443868560bde5c0059573f5482a,270,assets/minecraft/optifine/cit/sprp/musicbyfaradey/spotlight/big/yellow_e.png
0504e6d6d8a9e687841f2cc8b7d9a846f0227aec,216,assets/minecraft/optifine/cit/sprp/musicbyfaradey/spotlight/big/green.properties
b974bc3689f4b978326199ffc1c5747a16160ac9,121,assets/minecraft/optifine/cit/sprp/musicbyfaradey/spotlight/big/blue.json
6c52c208f079349e354c2ba2f937d9e15fab5760,209,assets/minecraft/optifine/cit/sprp/musicbyfaradey/spotlight/big/green_e.png.mcmeta
6c52c208f079349e354c2ba2f937d9e15fab5760,209,assets/minecraft/optifine/cit/sprp/musicbyfaradey/spotlight/big/red_e.png.mcmeta
2a90d710b09d0a574df87aa86f0c9f0f7c2b1756,511,assets/minecraft/optifine/cit/sprp/musicbyfaradey/spotlight/big/blue.png
79bfd96bb66ef744a247ee6675c94093d2ed3537,270,assets/minecraft/optifine/cit/sprp/musicbyfaradey/spotlight/big/red_e.png
ceaa4da5f79d94358c7df9bca403edb4bba66512,511,assets/minecraft/optifine/cit/sprp/musicbyfaradey/spotlight/big/yellow.png
ef028b7d32e21540c0681f2f55ae1a8859e25565,270,assets/minecraft/optifine/cit/sprp/musicbyfaradey/spotlight/big/blue_e.png
d06e1a34b413ea415c8d53ec82574f678fd12862,117,assets/minecraft/optifine/cit/sprp/musicbyfaradey/spotlight/big/red.json
6c52c208f079349e354c2ba2f937d9e15fab5760,209,assets/minecraft/optifine/cit/sprp/musicbyfaradey/spotlight/big/blue_e.png.mcmeta
2025b1485a2ff9b72c6c1a5512e38c1822aeab3f,123,assets/minecraft/optifine/cit/sprp/musicbyfaradey/spotlight/big/mix.json
17d5b40b159cd1d34c532a8a849308945a9f1694,226,assets/minecraft/optifine/cit/sprp/musicbyfaradey/spotlight/small/red.properties
6c52c208f079349e354c2ba2f937d9e15fab5760,209,assets/minecraft/optifine/cit/sprp/musicbyfaradey/spotlight/small/blue.png.mcmeta
b1a5f27c6b81d48f930da55e9c2c45cf8b5f45e7,511,assets/minecraft/optifine/cit/sprp/musicbyfaradey/spotlight/small/red.png
15b98d25195640e82229f403e44e4ae33260b7f0,511,assets/minecraft/optifine/cit/sprp/musicbyfaradey/spotlight/small/green.png
fa281a965bb30eba8a7f2067e5ff979c36c8437c,215,assets/minecraft/optifine/cit/sprp/musicbyfaradey/spotlight/small/blue.properties
6c52c208f079349e354c2ba2f937d9e15fab5760,209,assets/minecraft/optifine/cit/sprp/musicbyfaradey/spotlight/small/green.png.mcmeta
6c52c208f079349e354c2ba2f937d9e15fab5760,209,assets/minecraft/optifine/cit/sprp/musicbyfaradey/spotlight/small/yellow_e.png.mcmeta
ff14cf4c89ba6ae187868d06ffd30c039adc91ad,223,assets/minecraft/optifine/cit/sprp/musicbyfaradey/spotlight/small/yellow.properties
5220916c79c9550506c627bb05f5b4926ff57f7b,80,assets/minecraft/optifine/cit/sprp/musicbyfaradey/spotlight/small/yellow.json
6c52c208f079349e354c2ba2f937d9e15fab5760,209,assets/minecraft/optifine/cit/sprp/musicbyfaradey/spotlight/small/yellow.png.mcmeta
8b80abc757f8e54a6388f258a97ec820d6450e07,79,assets/minecraft/optifine/cit/sprp/musicbyfaradey/spotlight/small/green.json
a9db093d2ba7724ffde2ffb02c2f262519aa0507,270,assets/minecraft/optifine/cit/sprp/musicbyfaradey/spotlight/small/green_e.png
6c52c208f079349e354c2ba2f937d9e15fab5760,209,assets/minecraft/optifine/cit/sprp/musicbyfaradey/spotlight/small/red.png.mcmeta
55c3117456e5c443868560bde5c0059573f5482a,270,assets/minecraft/optifine/cit/sprp/musicbyfaradey/spotlight/small/yellow_e.png
8a6b8405b96280d49cb904681a431c9ee7189635,228,assets/minecraft/optifine/cit/sprp/musicbyfaradey/spotlight/small/green.properties
cd918bee498331f24324f4ca678094bd3abc82e3,78,assets/minecraft/optifine/cit/sprp/musicbyfaradey/spotlight/small/blue.json
6c52c208f079349e354c2ba2f937d9e15fab5760,209,assets/minecraft/optifine/cit/sprp/musicbyfaradey/spotlight/small/green_e.png.mcmeta
6c52c208f079349e354c2ba2f937d9e15fab5760,209,assets/minecraft/optifine/cit/sprp/musicbyfaradey/spotlight/small/red_e.png.mcmeta
2a90d710b09d0a574df87aa86f0c9f0f7c2b1756,511,assets/minecraft/optifine/cit/sprp/musicbyfaradey/spotlight/small/blue.png
79bfd96bb66ef744a247ee6675c94093d2ed3537,270,assets/minecraft/optifine/cit/sprp/musicbyfaradey/spotlight/small/red_e.png
ceaa4da5f79d94358c7df9bca403edb4bba66512,511,assets/minecraft/optifine/cit/sprp/musicbyfaradey/spotlight/small/yellow.png
ef028b7d32e21540c0681f2f55ae1a8859e25565,270,assets/minecraft/optifine/cit/sprp/musicbyfaradey/spotlight/small/blue_e.png
48c3aed9b54fa9753017c398f1597b6decbc8794,77,assets/minecraft/optifine/cit/sprp/musicbyfaradey/spotlight/small/red.json
6c52c208f079349e354c2ba2f937d9e15fab5760,209,assets/minecraft/optifine/cit/sprp/musicbyfaradey/spotlight/small/blue_e.png.mcmeta
b806d02602efb1b725bef9d90fdebcd624c35ee9,63,assets/minecraft/optifine/cit/sprp/up/2.properties
6bbe18ac587f0e3649cf902c9ffe0f65f3cfe658,67,assets/minecraft/optifine/cit/sprp/up/top.properties
6cf16ff9e3332e56dd12003e31fb39e70e8edffa,63,assets/minecraft/optifine/cit/sprp/up/7.properties
f7a692be3cfb8ace8b0be317d5cebf494e0407b2,185,assets/minecraft/optifine/cit/sprp/up/top.png
7c89b1f82a8046eb2928b21424b6ad3394c0530d,87,assets/minecraft/optifine/cit/sprp/up/ban.properties
f23ea326cb22201ebabd2ac4b91a6db4644b976f,62,assets/minecraft/optifine/cit/sprp/up/6.properties
edd1c74e51cd8d8ab1cbcdfbcbccdb2ed6c216b4,65,assets/minecraft/optifine/cit/sprp/up/0.json
0e69357841e0cdebd34329440dd84e02c7e3ea35,184,assets/minecraft/optifine/cit/sprp/up/6.png
b27c15ea5e1f9beb720377ebcd53ec27e4c06eea,65,assets/minecraft/optifine/cit/sprp/up/3.json
3aa118965c0e37995e18536452732449ff023d22,66,assets/minecraft/optifine/cit/sprp/up/10.json
6b3ac093ee9a90b1ddea6cd27fcb6fe970c7e46e,63,assets/minecraft/optifine/cit/sprp/up/9.properties
44695900faf8ba424da38bb2d9d6e0dd5c7d5906,65,assets/minecraft/optifine/cit/sprp/up/5.json
6edf9f47316425b2511b2180cf094f073176ff16,159,assets/minecraft/optifine/cit/sprp/up/7.png
4e86d6c2d504fa434b657737d15deb17344d2b96,173,assets/minecraft/optifine/cit/sprp/up/0.png
80348b0e5eb5f6e3637dcda2eb841ea19ae3178d,1041,assets/minecraft/optifine/cit/sprp/up/afk.json
415b47617687e0fe52350a25dbcc5e53cf87a5f5,1086,assets/minecraft/optifine/cit/sprp/up/ban.json
6ebc71ea37cc1221e8426fb0bd491dabdd973a37,1091,assets/minecraft/optifine/cit/sprp/up/top.json
1ebf6240b4342620b507c134a1d64b2ca075f66f,65,assets/minecraft/optifine/cit/sprp/up/9.json
a0a0eff87fdcf3596eac07ab90e5ccb86e93da8e,175,assets/minecraft/optifine/cit/sprp/up/5.png
9a1c06636f59e06bb7bb9d5c1553524397ceb163,181,assets/minecraft/optifine/cit/sprp/up/3.png
df009db570c1a34ce42adfbf91a581ccb58d613a,65,assets/minecraft/optifine/cit/sprp/up/7.json
834db0022224a61c1c34e8f8394b977804af5eb8,71,assets/minecraft/optifine/cit/sprp/up/anime.properties
d01ec22a90151e66f82b2fde00371f1e34754dae,177,assets/minecraft/optifine/cit/sprp/up/afk.png
7186a0b249bcc7d0fb3e4a52b3a4175ca5142f84,65,assets/minecraft/optifine/cit/sprp/up/4.json
ef0aba0e6a4077e014e8c4277bf95ed52e3681bd,167,assets/minecraft/optifine/cit/sprp/up/4.png
4ea7f8c0a9c59ffcf0701d90171fee57ed25fe5f,155,assets/minecraft/optifine/cit/sprp/up/1.png
b82e821de12dbee2009f82a48e7b0991bd6bea85,63,assets/minecraft/optifine/cit/sprp/up/4.properties
751e8ad3f1684cdcb452a88a23bb1a91a377bd80,204,assets/minecraft/optifine/cit/sprp/up/ban.png
77bb32645fb6a0bd81a0a07abfbac9f6d981995b,65,assets/minecraft/optifine/cit/sprp/up/2.json
592dbf757c4fd70336c6607d757492fdaa52adfb,244,assets/minecraft/optifine/cit/sprp/up/anime.png
876abda22e7fab33bbd5c5a1f5109f02b7a1f632,176,assets/minecraft/optifine/cit/sprp/up/2.png
9e937159147257795a7e25fb40d2bc8ed95a974c,1109,assets/minecraft/optifine/cit/sprp/up/masl.json
2f0ab06d418bb7a042f037c83ae9e3f31df4c01f,65,assets/minecraft/optifine/cit/sprp/up/8.json
1b9496e1dcbe5cc5e722512ae085822ee5bc61f4,63,assets/minecraft/optifine/cit/sprp/up/1.properties
6d47c9b80bd30a964c510f0277970db0063c5201,63,assets/minecraft/optifine/cit/sprp/up/3.properties
6ec83502d7afc8b5a28181d417b9d11e4f631dea,63,assets/minecraft/optifine/cit/sprp/up/8.properties
7dc960b9de41b73d4935cdb0719d2081e576c895,65,assets/minecraft/optifine/cit/sprp/up/6.json
f19bfc085f010c18b35cd497e7ec4a18c025c6a7,233,assets/minecraft/optifine/cit/sprp/up/masl.png
a11871208e44ae3e332a1b0ab9c90bdc4c113973,179,assets/minecraft/optifine/cit/sprp/up/8.png
9fc5da632a05c653e287be2884c82461db067866,72,assets/minecraft/optifine/cit/sprp/up/afk.properties
3b8d7b3c8c4dbbbebea6b807459728ae2119468a,100,assets/minecraft/optifine/cit/sprp/up/masl.properties
010ae5b4e4c35e23e6c990dbc112b2378afb0f4e,1166,assets/minecraft/optifine/cit/sprp/up/anime.json
c47b6a575398b6401cfa726a94c3c648a8e4b940,188,assets/minecraft/optifine/cit/sprp/up/10.png
c6d925c6f0e36dbd3834430ea555455405aeae1f,63,assets/minecraft/optifine/cit/sprp/up/0.properties
b166f323a18ce48c46ec2421bbc89cc2b156a38f,65,assets/minecraft/optifine/cit/sprp/up/10.properties
262fb52a434999faeacaf6308488685f6f9e4d20,63,assets/minecraft/optifine/cit/sprp/up/5.properties
7029c986160837a426948071e8345de37ccda3ab,183,assets/minecraft/optifine/cit/sprp/up/9.png
108b7ee0c43f6a86eaa47a83b7ba01dcfeddb4b3,65,assets/minecraft/optifine/cit/sprp/up/1.json
056d6d41ba36bd32d16d41b1027876b76221427c,4688,assets/minecraft/optifine/cit/sprp/pic/pic2.json
f848afcc2f29609f4e368cc4b9c702e086c39a9a,2139,assets/minecraft/optifine/cit/sprp/pic/diamond_axe.png
f8138b65d74e3e4b35b0902ce7ae60b69c2c125d,164,assets/minecraft/optifine/cit/sprp/pic/pic3.properties
76da71befbb509ea817550641677b25508494308,1975,assets/minecraft/optifine/cit/sprp/pic/potion_bottle_absorption.png
1e0cf5b17ffdadceb97cb65f1a0021b0ff11e49b,136,assets/minecraft/optifine/cit/sprp/pic/stonedelija.properties
8c1dca953d1c9b2bb4ee8ee7709237331c5646f9,34167,assets/minecraft/optifine/cit/sprp/pic/pic1.png
78f978c8ce4c07b4dba54c7e7c7ca475a8983293,4720,assets/minecraft/optifine/cit/sprp/pic/picwaidelos.json
cbf6314ae5ee1eed846c7d6c24ae0aa9ad775bf5,33671,assets/minecraft/optifine/cit/sprp/pic/pic2.png
4fb7e7320062a5d1a3ecf9f090d8cdec23d89ed6,24954,assets/minecraft/optifine/cit/sprp/pic/stoneking.json
9e75742bdf9fba9195de3b64ff5039d6316dc22e,5761,assets/minecraft/optifine/cit/sprp/pic/osuc.png
6b428ca74150bf93e7a4efd321b86566aaf8d5dc,117794,assets/minecraft/optifine/cit/sprp/pic/pic7.png
dd7f26c0b2668313fe922852ee2ed5881ce0c771,1931,assets/minecraft/optifine/cit/sprp/pic/diamond_sword.png
d682f92ec0b3baf659e6b6f63cc5872696a14e47,136102,assets/minecraft/optifine/cit/sprp/pic/pic8.png
82491b5155509dbc0b07f703e53e0665d832fcdd,140,assets/minecraft/optifine/cit/sprp/pic/pic4.properties
bed694497fafa2c016e6c4d9a11713717c47fbbf,140,assets/minecraft/optifine/cit/sprp/pic/pic6.properties
fd7369e821b222b495b7a641427f4e859c1dfd5b,29138,assets/minecraft/optifine/cit/sprp/pic/stonedelija.json
9fcc8f9acaa87853ddc4c0a044df66c7324bfb1d,66448,assets/minecraft/optifine/cit/sprp/pic/pic3.png
45c4111bd6e801339275a008a7c637248b84c8f9,304,assets/minecraft/optifine/cit/sprp/pic/yellow_concrete_e.png
d968214cd215e109f9610da4c51b4f58467244ed,191,assets/minecraft/optifine/cit/sprp/pic/pic7.properties
2cb214722e92e6902ccd4ef639ec5cbec4231cc6,4688,assets/minecraft/optifine/cit/sprp/pic/pic1.json
75a096e68d0844f4a89bd6bbbd527d105c7186eb,94,assets/minecraft/optifine/cit/sprp/pic/stoneocus.properties
df538e342aca96a5ec0c7442fefc3d491f5dcb95,140,assets/minecraft/optifine/cit/sprp/pic/pic2.properties
4da8b0647925453345d1a421331b3caab1e91dd8,106,assets/minecraft/optifine/cit/sprp/pic/stoneking.properties
d40a4b7b93680c379a9df7cb826824d3dd4a6cf4,108,assets/minecraft/optifine/cit/sprp/pic/stonecasper.properties
e85e0076d4c0b684d0b9fe019221157a8e913484,263,assets/minecraft/optifine/cit/sprp/pic/dark_oak_planks.png
efad3bed7045ceb87ee45a9f9afd373324f8ccd2,325,assets/minecraft/optifine/cit/sprp/pic/stone_andesite_smooth.png
3fb11b09001642b8fe0a0eb69534c0daff5504b3,5296,assets/minecraft/optifine/cit/sprp/pic/pic10.json
aac39ddac22923cf7be4873be2c92429e4416346,101,assets/minecraft/optifine/cit/sprp/pic/stonebulka.properties
5c440fb7816c9abc19845b1598477c7de26ef363,5077,assets/minecraft/optifine/cit/sprp/pic/stonecasper.png
d053d74b1fbea763fa0af98d19ca4d1d5f28bdee,38026,assets/minecraft/optifine/cit/sprp/pic/pic9.png
c1bcecd3bd1d03cadc5863e25c490872f638ae66,27796,assets/minecraft/optifine/cit/sprp/pic/stonebulka.json
c9923bd6f6023e02006a4627427fc12c79f4eb18,1869,assets/minecraft/optifine/cit/sprp/pic/trident.png
65b0b900e9f9cf5c6c82e3d8deda5d196237f99e,172438,assets/minecraft/optifine/cit/sprp/pic/pic4.png
6ac8aefb1e51b32b257e73a3cea46b8e5982d099,4983,assets/minecraft/optifine/cit/sprp/pic/vecker.png
04f7d567da2883b048c18092ffac9fd233ef7abc,4192,assets/minecraft/optifine/cit/sprp/pic/pic3.json
6e7f0544b82be96ee77a73b2ba312b484a6874d7,146,assets/minecraft/optifine/cit/sprp/pic/pic8.properties
52ad6f8245aefecf0e2c2656efc67baad2769a51,136,assets/minecraft/optifine/cit/sprp/pic/pic10.properties
04fa6db7f67c22f553fe8e7d5fc021b90ecc60a6,116,assets/minecraft/optifine/cit/sprp/pic/pic1.properties
31b104c4eefbdad9a8e1c08df33ec11a36d7f940,5879,assets/minecraft/optifine/cit/sprp/pic/bulka.png
a555269874ffb1065ceb525b7f7f62c20d57cf2f,24072,assets/minecraft/optifine/cit/sprp/pic/stoneocus.json
8030b56afb0b7a549d60747fa7ee69bfc4e5ff24,4688,assets/minecraft/optifine/cit/sprp/pic/pic6.json
20cc8fd51e109d0197f47bd3bcb4b3deae416d7a,4688,assets/minecraft/optifine/cit/sprp/pic/pic8.json
e081b741a76fb0f3f43c9f1b5e707e798aaabdc6,140,assets/minecraft/optifine/cit/sprp/pic/pic5.properties
45c4111bd6e801339275a008a7c637248b84c8f9,304,assets/minecraft/optifine/cit/sprp/pic/yellow_concrete.png
5e5bae2a7846b2c20fca821515ee0e37aaaa86c8,5070,assets/minecraft/optifine/cit/sprp/pic/pic4.json
c59d6d4fa47daee68122f92925a0408c7bce50a0,6006,assets/minecraft/optifine/cit/sprp/pic/stonedelija.png
586ac40ccf190fbd4190fe2021304e0373dbe69c,6287,assets/minecraft/optifine/cit/sprp/pic/pic6.png
2b46c3b534ff24eca147602ad5add22d1757774e,148,assets/minecraft/optifine/cit/sprp/pic/picwaidelos.properties
6e627c6a9d12d24f8e4f1ef7dcf930676d7689c4,290707,assets/minecraft/optifine/cit/sprp/pic/pic5.png
bd06c9be93700ba53019425ad5fa3e91b3fc807b,4688,assets/minecraft/optifine/cit/sprp/pic/pic5.json
0b51aec9f38adefb9ffacc85549198cbe2dac10b,2136,assets/minecraft/optifine/cit/sprp/pic/golden_sword.png
3d8116312ba128a7d57f078a934a8b24906adb52,5294,assets/minecraft/optifine/cit/sprp/pic/pic9.json
c5fa933d33fdadd7b63681c72882cb20c52e57aa,40114,assets/minecraft/optifine/cit/sprp/pic/picwaidelos.png
3d23a7dc4a7d9309c537031a5bde6d7a490a0be5,122,assets/minecraft/optifine/cit/sprp/pic/pic9.properties
e644daca9258fb0ba380bd7156064856092ea591,266,assets/minecraft/optifine/cit/sprp/pic/gold_block.png
563e8ad8fa934280f0bf6d35252536ef8c41f89b,4688,assets/minecraft/optifine/cit/sprp/pic/pic7.json
839adcd6da2fce642d311a56720fbbc936e9f849,330741,assets/minecraft/optifine/cit/sprp/pic/pic10.png
80dd47f0b0889f7af1bed01125c24308ef6ff52d,30515,assets/minecraft/optifine/cit/sprp/pic/stonecasper.json
bbca3f3e49e1119ac3934bc004ef9a2f01115a07,280,assets/minecraft/optifine/cit/sprp/food/vine.png
f50027996eca6b7d9c798a9754b3cee78cf589ae,114,assets/minecraft/optifine/cit/sprp/food/oliv.properties
c35f4616bf26c04c0918c4f94a78e7fa52d729f3,154,assets/minecraft/optifine/cit/sprp/food/muffin_glow_e.png
b911aeb6f6100e9e7f9aa81c31ea81e8ae77324e,98,assets/minecraft/optifine/cit/sprp/food/choco_white.json
18868953d17424afb50bdf7bdd63df72d0a74ed8,192,assets/minecraft/optifine/cit/sprp/food/big_burger_black.properties
cbbf6f864a028e72ab3caf1ec524cb8c6f6af18b,170,assets/minecraft/optifine/cit/sprp/food/muffin_glow.properties
672fddc099ba2517079809ce618ab2fb7ede5eb5,77,assets/minecraft/optifine/cit/sprp/food/muffin_sweat.json
1e185a3b5988b96b209c4707af594087229b588c,2343,assets/minecraft/optifine/cit/sprp/food/big_cake.json
90d090be7b74e0aad7694a9937c158383704a6c8,8783,assets/minecraft/optifine/cit/sprp/food/big_burger.json
2ce2644ef76b7cb6a682c0b392f61911a1486949,128,assets/minecraft/optifine/cit/sprp/food/sham.properties
a7132c10500204a12b7cb9c825ab680fdbdbf553,1277,assets/minecraft/optifine/cit/sprp/food/oliv.png
6417482dcfe50e0b2a062ad4743ef64ea8a697d7,2864,assets/minecraft/optifine/cit/sprp/food/sham.json
7e487842a066499a7f0b5362ca74ff78b408b738,221,assets/minecraft/optifine/cit/sprp/food/choco2.png
02edcdcc0acbe8e7004b3d0447fc3ec7f8ede0c4,470,assets/minecraft/optifine/cit/sprp/food/burger.png
4c890e1382da4c8592ac8497acb37bde63b619d8,5056,assets/minecraft/optifine/cit/sprp/food/beer.json
53397638b6b5381a100d59825176abf1d8793079,108,assets/minecraft/optifine/cit/sprp/food/colas.properties
420f6cc350f6bbb9d544848793a6afa9562cccfe,357,assets/minecraft/optifine/cit/sprp/food/coffi.png
de02321197b2ab230f8f4c21e87b459f6268bd89,421,assets/minecraft/optifine/cit/sprp/food/cola.png
1b16e1343320bef403939c04659a8e56a906e30a,145,assets/minecraft/optifine/cit/sprp/food/vino.properties
8512e9bbec4c7c57598eb0a1344203171e77dac1,86,assets/minecraft/optifine/cit/sprp/food/choco.json
acde5429b77020eb75c96002e7d8726933b6f4bc,259,assets/minecraft/optifine/cit/sprp/food/muffin_glow.png
36ecdb1d379dd2fcdcca03dd94045acfbcc3eb6a,359,assets/minecraft/optifine/cit/sprp/food/donut.png
c6ed0e16db213f1a2bb7820dd81f4e158778f1b1,1614,assets/minecraft/optifine/cit/sprp/food/sha.json
53b5137a883722d7f33b015e45425fd66cd2fba8,4715,assets/minecraft/optifine/cit/sprp/food/cola.json
fa57ebb9df0d30b5024b63573ab7103cd6691c81,259,assets/minecraft/optifine/cit/sprp/food/muffin_sweet.png
b38ed84c93fd19e30c814c90d0ae236b81ef3747,126,assets/minecraft/optifine/cit/sprp/food/tea.properties
1a454451eda948466fb3e05c4193fca33b57e3e8,109,assets/minecraft/optifine/cit/sprp/food/choco.properties
fe34a63d675f436312b8cf5cc0c16d42130705c7,242,assets/minecraft/optifine/cit/sprp/food/colas.png
8ce6a0830d736026207f08a227faf1ddf1aa4e95,5359,assets/minecraft/optifine/cit/sprp/food/burger_black.json
2da78c1a13ab3e7ebec7cb567daf519c133fae18,221,assets/minecraft/optifine/cit/sprp/food/choco_dark2.png
fe49285e5774a6863625b4d63c52c1814c05ab14,4508,assets/minecraft/optifine/cit/sprp/food/tea.json
039252d5a3227fef71d399b76be4b730447d127d,1734,assets/minecraft/optifine/cit/sprp/food/colas.json
441ff9d176226cec368a0d5caeaf6e479fea67d4,251,assets/minecraft/optifine/cit/sprp/food/sushi2.png
8a79fe167da1ad92313326f69e510ab9bbc251b1,583,assets/minecraft/optifine/cit/sprp/food/rolton.png
3bf6ef8a17f50673dff9ab2d83842d9e554fd0ea,8732,assets/minecraft/optifine/cit/sprp/food/potato_fried.json
99a1bd812b64e2cc3793b695b642446d98775f78,7963,assets/minecraft/optifine/cit/sprp/food/sushi.json
f060f6ce4568e886eb200b8cbcaf310bdfc82005,254,assets/minecraft/optifine/cit/sprp/food/sha.png
1cafb7e335490f0949814ef64d23ab4c8beb26fc,133,assets/minecraft/optifine/cit/sprp/food/beer.properties
8eeb46b6a7f5f4558d373a5c39fae02cfbee1515,349,assets/minecraft/optifine/cit/sprp/food/beer.png
07cd1c601fe12a51538fe83a21fcaefae3907077,96,assets/minecraft/optifine/cit/sprp/food/choco_dark.json
fd56c4385888b853e0151f564cf147fc6675f1d2,97,assets/minecraft/optifine/cit/sprp/food/sushi.properties
d0215aa24667ce8395eec0d12afaf56c013cdc60,146,assets/minecraft/optifine/cit/sprp/food/big_cake.properties
f2492b55ac796cc57892bec6eec6751446d34b39,1999,assets/minecraft/optifine/cit/sprp/food/vino.json
0fe5c9494a6115305ca7996284bf55f254e0c73a,338,assets/minecraft/optifine/cit/sprp/food/sham.png
6883886978d40e4668e9d08ec64ad12c54c6cfda,222,assets/minecraft/optifine/cit/sprp/food/sha2.png
db92b4e161f82e3541ada45ca6f0549420bac741,132,assets/minecraft/optifine/cit/sprp/food/cola.properties
b9331fb0e9a35a6e93ae0bb009e1651bf913b2f9,432,assets/minecraft/optifine/cit/sprp/food/kon.png
2a08bf11e5dfb143954a8b3bfee8e12245f20b6c,5347,assets/minecraft/optifine/cit/sprp/food/burger.json
669633577eb025e8d233178558e21f85c3bc71c0,265,assets/minecraft/optifine/cit/sprp/food/choco.png
0b907ba8b6b2d96004ce0ffa5cc25bf698828474,265,assets/minecraft/optifine/cit/sprp/food/choco_white.png
d1240a4bbcfdb7e56df79878a6e165f2492b1d08,146,assets/minecraft/optifine/cit/sprp/food/potato_fried.properties
5afb7b242016610322d26330420aed3fdee871f3,330,assets/minecraft/optifine/cit/sprp/food/potat.png
0694383340030815b5433443cad23120926051a4,153,assets/minecraft/optifine/cit/sprp/food/muffin_sweat.properties
1402562dc24e008bdf72f1b81c0f00168b64bda8,3455,assets/minecraft/optifine/cit/sprp/food/oliv.json
c8f6445c226662ffc7edca88e284ba835524d186,100,assets/minecraft/optifine/cit/sprp/food/sha.properties
127c8afc7a9d686e6f0fdda91bb06e6f8c74f050,269,assets/minecraft/optifine/cit/sprp/food/tea.png
4b95eefdbb3b8ea4f953f0d253a6d339a8cc74ab,108,assets/minecraft/optifine/cit/sprp/food/ponch.properties
c9cf6765242e297ef11f729b256052e28d947334,265,assets/minecraft/optifine/cit/sprp/food/choco_dark.png
c2895c163a500a6b12593e3d67c2d68345fb786f,2003,assets/minecraft/optifine/cit/sprp/food/big_cake.png
4d5889398bba26e4fc8e1bdbbe0dfb2a708a1f94,102,assets/minecraft/optifine/cit/sprp/food/burger.properties
3359bc708c5f72690401b37c9b8ae704dc629df1,76,assets/minecraft/optifine/cit/sprp/food/muffin_glow.json
0c03131aa1b44c5d9e16403490d46fbfb25b5642,103,assets/minecraft/optifine/cit/sprp/food/kon.properties
bc56e68a108c2fa91cc4378d80b61e9de2560c78,121,assets/minecraft/optifine/cit/sprp/food/coffi.properties
757fc00667237b77bebd6a39fe1ecbdc6f7de4f9,4510,assets/minecraft/optifine/cit/sprp/food/coffi.json
4b71f052ad1b8edf7ab5a4c6b2c064471134d926,485,assets/minecraft/optifine/cit/sprp/food/black_burger.png
fc453c25317fc52cbdfcd76a64062b280d2a3c71,103,assets/minecraft/optifine/cit/sprp/food/mohito.properties
b8be6076c35fae4cd91266f4b0c71c510368d301,146,assets/minecraft/optifine/cit/sprp/food/choco_white.properties
77d45ce79320a9cb04c431ddcbf8689a7e582071,149,assets/minecraft/optifine/cit/sprp/food/big_burger.properties
8a9f75d7b9de74406e25d7aef383bea725a59355,2975,assets/minecraft/optifine/cit/sprp/food/kon.json
1c241a8ace904fab2b78e37d65e15c50aec0cb82,145,assets/minecraft/optifine/cit/sprp/food/burger_black.properties
a82af0c03c9be2ad5455baa788ea00c2e2b9a78c,902,assets/minecraft/optifine/cit/sprp/food/oliv2.png
e21f004ec0fdfd6ddb12dfb9840658856553488b,5221,assets/minecraft/optifine/cit/sprp/food/rolton.json
4e402208097e263edeec4c866ccbf04b71b6e0c5,383,assets/minecraft/optifine/cit/sprp/food/mohito.png
964872d4ad64d070731485e6341fe5c80f3a0b2b,221,assets/minecraft/optifine/cit/sprp/food/choco_white2.png
fc54d6e7e487ba4cb2f1eddd4ddc720fd13a7f01,8352,assets/minecraft/optifine/cit/sprp/food/mohito.json
32c79eaa9d138ec38ccc43152bd1ef77556e766c,8795,assets/minecraft/optifine/cit/sprp/food/big_burger_black.json
46c8e4ad277460ee794fd33fbf5ae2793c699919,174,assets/minecraft/optifine/cit/sprp/food/sushi.png
356c238bf5239af788e0d093c5db61f9d7a4ef9e,2410,assets/minecraft/optifine/cit/sprp/food/ponch.json
f5f8b4f04b799ce389c9b6947f24a1528584103a,122,assets/minecraft/optifine/cit/sprp/food/rolton.properties
234b2c32fd3ab581b751f81c2abf5be14720fba6,151,assets/minecraft/optifine/cit/sprp/food/choco_dark.properties
4cd97955ed907c86729a33cf8e17690820cf4634,378,assets/minecraft/optifine/cit/sprp/food/rolton2.png
67bf08a94586eab5b1ee940330d97101e74391aa,171,assets/minecraft/optifine/cit/sprp/food/potat_p.png
3b7bba217d42e50cee75c6fd588e476a059c93ff,266,assets/minecraft/optifine/cit/sprp/emoji/hmm.png
d11b4dd1fc9f195c0c64f2575bd5bfc776a3cdde,1450,assets/minecraft/optifine/cit/sprp/emoji/diablo.json
cdc4a5ca29ff7394339e041375c59ad3ffa6206c,105,assets/minecraft/optifine/cit/sprp/emoji/0o0.properties
eac76781aaf1846dcec5921c91cd809031105864,102,assets/minecraft/optifine/cit/sprp/emoji/tilox.properties
ed9ddaf16c8a6ac69d854c6250613e67586abc93,329,assets/minecraft/optifine/cit/sprp/emoji/lol.png
ff30aadef8f407a6d3c1bffca80c206f3b29de3a,67,assets/minecraft/optifine/cit/sprp/emoji/0_0.json
7bebfbf82019185452603af773f3f40b7cb0e106,108,assets/minecraft/optifine/cit/sprp/emoji/diablo.properties
c2456b4ac9d55a10e22138dfc157fe8daa681ded,339,assets/minecraft/optifine/cit/sprp/emoji/zzz.png
d0c5023d909cbe3d166e2f8ec36371e48921d4eb,70,assets/minecraft/optifine/cit/sprp/emoji/krutoi.json
a48c99310d704353da5e569286ff0394882aa85f,94,assets/minecraft/optifine/cit/sprp/emoji/0_0.properties
1dbb4600e46fa027360eba82e83d7a1b54b55ca6,315,assets/minecraft/optifine/cit/sprp/emoji/perevern.png
f34ac6b7fef83dfc7c9cc0e8559f9f629c248a77,72,assets/minecraft/optifine/cit/sprp/emoji/perevern.json
376e5b05096aae16c72b8b87c80564c72e0f45dc,305,assets/minecraft/optifine/cit/sprp/emoji/love.png
4c0d2446a1cbd7a2417535d4a6e648c63fa669ca,291,assets/minecraft/optifine/cit/sprp/emoji/kaef.png
646208d002c1cbffaa90beec91352cc1a27d7df0,146,assets/minecraft/optifine/cit/sprp/emoji/perevern.properties
158687130788eb5b5bc646b5a78e290f036f5f44,93,assets/minecraft/optifine/cit/sprp/emoji/lol.properties
c19cbc6590c914df69ce422dd85ecb60c75b6df6,68,assets/minecraft/optifine/cit/sprp/emoji/kaef.json
8b84903c0eeec483312ae16469a2cf31e17ba0a0,108,assets/minecraft/optifine/cit/sprp/emoji/krutoi.properties
47f8d5e21c91b676014bc9f17fe29fd24f8e0a0f,299,assets/minecraft/optifine/cit/sprp/emoji/smile.png
258be4000d98159ed644928ff31800b96314d334,1426,assets/minecraft/optifine/cit/sprp/emoji/zzz.json
f47826e43eeee5acfd0cd1c60a49ae4930658729,99,assets/minecraft/optifine/cit/sprp/emoji/cry.properties
c05ec91c88648ed35e62a6853e436b09427e03f1,67,assets/minecraft/optifine/cit/sprp/emoji/0o0.json
cab5cfec91340b34c578cb3286e2c477c9c8d918,265,assets/minecraft/optifine/cit/sprp/emoji/bad.png
bd9d2c3524aaf5802782f71533134fcf691be5cb,67,assets/minecraft/optifine/cit/sprp/emoji/cry.json
2eb4fe3d759c5b45e2ebd6d7a6e1750a422b25fe,281,assets/minecraft/optifine/cit/sprp/emoji/zloy.png
1355b5a984745677c4e439893cb7926b3a5db1fa,67,assets/minecraft/optifine/cit/sprp/emoji/bad.json
e02022b664b87cb152480070b0aff2cc47e6f08e,67,assets/minecraft/optifine/cit/sprp/emoji/hmm.json
6ccda224f3d9984ea66f8ab6a9befdf04c0adbd1,302,assets/minecraft/optifine/cit/sprp/emoji/tilox.png
cb304db6e918a5b76506ddfc7747162f8a4e132f,94,assets/minecraft/optifine/cit/sprp/emoji/kaef.properties
0d06f5796ebc6ecf3aada95f431f1f740507b374,67,assets/minecraft/optifine/cit/sprp/emoji/lol.json
a3673ae9787d144fe8429b510d6a869e67d150f5,68,assets/minecraft/optifine/cit/sprp/emoji/love.json
3ed7498a799012176a978add19d979e344ba1ad8,94,assets/minecraft/optifine/cit/sprp/emoji/zloy.properties
aee6671d6d34bd4db563dab77e2bdf83c2ef1405,285,assets/minecraft/optifine/cit/sprp/emoji/0o0.png
a5a26b5483475d2fe4707899a95e1d77701246db,112,assets/minecraft/optifine/cit/sprp/emoji/love.properties
70944038c3caebb6e8e3d8c8f0758d3e18d868f5,325,assets/minecraft/optifine/cit/sprp/emoji/diablo.png
0e8a0b759df6a1f21a1daa93c2cd893bbe836b01,101,assets/minecraft/optifine/cit/sprp/emoji/smile.properties
28efecc50397b54ba8648fcf141528ef94fed410,285,assets/minecraft/optifine/cit/sprp/emoji/0_0.png
73af5b33005f933fd44e3ab572227dbcbedcd3ee,69,assets/minecraft/optifine/cit/sprp/emoji/smile.json
70a56ed5aff64fe179e93cf379ea46ab64cb935d,69,assets/minecraft/optifine/cit/sprp/emoji/tilox.json
361fafccbdc9eb4c72c87efe4fb70ec8bed1dc58,111,assets/minecraft/optifine/cit/sprp/emoji/bad.properties
d8d435ecf9726bc3e865c4941a8a31ab5fcfba5f,72,assets/minecraft/optifine/cit/sprp/emoji/zzz.properties
83c5091e5dbd2b4ee4f624ff0554a252f4c5c393,68,assets/minecraft/optifine/cit/sprp/emoji/zloy.json
518a3fd323cfeed44d145e87dbc71e378292ed47,93,assets/minecraft/optifine/cit/sprp/emoji/hmm.properties
6305d7bb12243b7d5c3c2969b1562dad0cdd13c0,306,assets/minecraft/optifine/cit/sprp/emoji/cry.png
2749f243c65f2fe23eb4863265416be0db898396,237,assets/minecraft/optifine/cit/sprp/emoji/krutoi.png
