9c24f11bf056efa55aba7468ab39c233f35eed7a,133067,c.json
8b894a4542f2ce8d3d22673e4dcd61fe863cd065,242,assets/minecraft/optifine/cit/plushie/dotacollectionvitrina/enchv.properties
96017786d526ce95f2ac85600782ae088969b3ac,244,assets/minecraft/optifine/cit/plushie/dotacollectionvitrina/sfspv.properties
f23b8d592a2d92e8ceea0b3b781bf1cf284e3ed0,244,assets/minecraft/optifine/cit/plushie/dotacollectionvitrina/mirezv.properties
c12a21cabe09d06e1433e3a6cafcdee87c94f40e,248,assets/minecraft/optifine/cit/plushie/dotacollectionvitrina/jgntv.properties
0993948f1a66c343b97f325c9bb8a292f6e016ff,2706,assets/minecraft/optifine/cit/plushie/dotacollectionvitrina/mirezv.png
c4dee9dc4cf1b6fd7c11b9c7eb1b1016eea9de3e,7362,assets/minecraft/optifine/cit/plushie/dotacollectionvitrina/axev.json
3ec6bf218201e8239f9bbb79ba2de21f66c1dbf9,2699,assets/minecraft/optifine/cit/plushie/dotacollectionvitrina/kunv.png
c9c454dc976705ee835b1379d48fbdd07438f75b,7363,assets/minecraft/optifine/cit/plushie/dotacollectionvitrina/svenv.json
2140a0cf22d84c3274d7b1c0a20c2a69a4d1d32b,223,assets/minecraft/optifine/cit/plushie/dotacollectionvitrina/invv.properties
0a8acfedee9752ea0aebe03a2c1797a6fb8556dc,260,assets/minecraft/optifine/cit/plushie/dotacollectionvitrina/phav.properties
77c470710984d52b5812710882d252c4127553fd,7763,assets/minecraft/optifine/cit/plushie/dotacollectionvitrina/lancerv.png
a5281903d82a6f7f566144b04e545196764d9aa9,3668,assets/minecraft/optifine/cit/plushie/dotacollectionvitrina/amv.png
407544ebfc7588b8f72e02bea43bf18bbd4acbff,7364,assets/minecraft/optifine/cit/plushie/dotacollectionvitrina/mirezv.json
79cffeceafcfcf341c3f2a15c57d3629b08b79bb,7363,assets/minecraft/optifine/cit/plushie/dotacollectionvitrina/sfspv.json
54a23757401fb85fa9816d4d9c7a8f35bcf22465,207,assets/minecraft/optifine/cit/plushie/dotacollectionvitrina/pudgev.properties
aed721d911094a818535563912235744ea785988,206,assets/minecraft/optifine/cit/plushie/dotacollectionvitrina/svenv.properties
15b1e099408f186cefaa8466a5bba80c0e054bef,5863,assets/minecraft/optifine/cit/plushie/dotacollectionvitrina/svenv.png
f5521800f9dc634ac67bf425d713b44157fe9bab,2415,assets/minecraft/optifine/cit/plushie/dotacollectionvitrina/phav.png
bbb87e95c04580cb0f717c7c240524e95a10bc0e,7361,assets/minecraft/optifine/cit/plushie/dotacollectionvitrina/amv.json
cf9a73608f5806d62d5714e6546478b677f100af,3155,assets/minecraft/optifine/cit/plushie/dotacollectionvitrina/invv.png
255e156fdb982ec132c788f053e2bd6d8802de40,7365,assets/minecraft/optifine/cit/plushie/dotacollectionvitrina/lancerv.json
8e9ef2b4712711eef7f10efcb250bbd4ba4685b7,7362,assets/minecraft/optifine/cit/plushie/dotacollectionvitrina/kunv.json
98e924e0602f0e1ae1a415c310a3110281f62d81,220,assets/minecraft/optifine/cit/plushie/dotacollectionvitrina/lancerv.properties
1512c5c5a57b290eba22236bccac2ad6b0c198ef,7363,assets/minecraft/optifine/cit/plushie/dotacollectionvitrina/enchv.json
b06af1354d03f2ceeb144fcca767903ce43dd728,199,assets/minecraft/optifine/cit/plushie/dotacollectionvitrina/axev.properties
cf48ba000017a2e9583188ea9185d8a43587724d,4200,assets/minecraft/optifine/cit/plushie/dotacollectionvitrina/sfspv.png
342127bb9177e37cebba3966c1b46107cb32c633,7362,assets/minecraft/optifine/cit/plushie/dotacollectionvitrina/phav.json
ee343ef48ad1e9f1acf2b68a6733d53235b5d5cf,217,assets/minecraft/optifine/cit/plushie/dotacollectionvitrina/kunv.properties
423b1522242dc60595b6d178ef69f8d0d5464a6e,223,assets/minecraft/optifine/cit/plushie/dotacollectionvitrina/amv.properties
c6f59fc67c31f086c0945279d2c6478e2eee5846,7388,assets/minecraft/optifine/cit/plushie/dotacollectionvitrina/pudgev.json
fce091290404c0a04133219056509d8a6aa8ea5a,3219,assets/minecraft/optifine/cit/plushie/dotacollectionvitrina/axev.png
42b4eeb295c51e1ab485ffd620c7be4264044dda,3594,assets/minecraft/optifine/cit/plushie/dotacollectionvitrina/jgntv.png
16875d37bde4d5504590d94497988a6bb6eda8ad,4796,assets/minecraft/optifine/cit/plushie/dotacollectionvitrina/enchv.png
8d01fa8348733c0ed516165f4e55e6f3eba35184,7362,assets/minecraft/optifine/cit/plushie/dotacollectionvitrina/invv.json
c1d89d68128cc24a42b60cb8813b1b9d412e7b0e,7386,assets/minecraft/optifine/cit/plushie/dotacollectionvitrina/jgntv.json
91b570dc5a5ec4aa73c5ef6c2898b54dfb7e5a3a,4699,assets/minecraft/optifine/cit/plushie/dotacollectionvitrina/pudgev.png
b9963405bad68ecdca8c5640aeb8261d639e4f58,8176,assets/minecraft/optifine/cit/plushie/exclusive/glitch.png
6dd6d047b26bda99fc9f501effa7a5bf7da7d4c7,167,assets/minecraft/optifine/cit/plushie/exclusive/glitch.properties
5b00f470cf551e0d991e3cab12b15d6a5f9b8a8e,7364,assets/minecraft/optifine/cit/plushie/exclusive/glitch.json
5a7711b9e06c1f88159560f87a8e45fed75d79a5,181,assets/minecraft/optifine/cit/plushie/youtubecollection/firamir.properties
a64c7a5f23c28a9094b8b7821934e5c22fbc9b1b,4321,assets/minecraft/optifine/cit/plushie/youtubecollection/frost.png
379b7c218547ad4e2de520e015fcc1e0ba1aa329,190,assets/minecraft/optifine/cit/plushie/youtubecollection/yariklapa.properties
dd65219b8a30a90ebecfbfc80107d635635dcdf3,7389,assets/minecraft/optifine/cit/plushie/youtubecollection/frost.json
f2781eb486aa254ed3278f2ebb7e6fdd1d835db3,7395,assets/minecraft/optifine/cit/plushie/youtubecollection/eeoneguy.json
13386e9ac5412d23f45dd8d79ee8e94844444c94,2663,assets/minecraft/optifine/cit/plushie/youtubecollection/eeoneguy.png
05eaa7506b894188211f98713223f208d0fb7e75,3290,assets/minecraft/optifine/cit/plushie/youtubecollection/lololowka.png
7d136ff47e7accfc1ffbddf76fd31a66165fa629,7397,assets/minecraft/optifine/cit/plushie/youtubecollection/yariklapa.json
cf43fdbaea8ff1578262638d9a6f56fb7a6b25bc,167,assets/minecraft/optifine/cit/plushie/youtubecollection/frost.properties
0826086711b94c068984fabdc3fcac9758289ade,180,assets/minecraft/optifine/cit/plushie/youtubecollection/unfiny.properties
293b13388b9a3c3a93f3b560a8ef93f7e29e0ba9,1068,assets/minecraft/optifine/cit/plushie/youtubecollection/minikotic.png
8e0d34b59bd335912f961a71152c3088902cdc3c,188,assets/minecraft/optifine/cit/plushie/youtubecollection/dilleron.properties
018b12fd6cdc2caf113af3c2155e26c6ebb96029,2652,assets/minecraft/optifine/cit/plushie/youtubecollection/mistik.png
05766fa74cd15f8b775334fc806d90f98e749209,3452,assets/minecraft/optifine/cit/plushie/youtubecollection/dilleron.png
0c84302da9cb3e5c3d241bf8db39585fc3f9ca4d,201,assets/minecraft/optifine/cit/plushie/youtubecollection/mrfreeze.properties
6bf42093f50b9f58a1cf904875b5b3110ebb571d,7392,assets/minecraft/optifine/cit/plushie/youtubecollection/mrfreeze.json
875b7b6f7e6c890359b9543caa7804ce0deab230,3293,assets/minecraft/optifine/cit/plushie/youtubecollection/firamir.png
dee86d8204b2e2b2e5ebdbee7f20e03b63229f2c,7391,assets/minecraft/optifine/cit/plushie/youtubecollection/unfiny.json
97239e2694e333f2c09fb8fbed4128616f1782f5,7370,assets/minecraft/optifine/cit/plushie/youtubecollection/lololowka.json
9beaaf053676fd886eb8f07d667b0bad032fe5df,174,assets/minecraft/optifine/cit/plushie/youtubecollection/mistik.properties
cd27c34934b625daad224f9369179ed1eaa8bf83,3324,assets/minecraft/optifine/cit/plushie/youtubecollection/aid.png
d3e31dc222538c91a43c5edc99a2c22a7134fa27,7385,assets/minecraft/optifine/cit/plushie/youtubecollection/aid.json
2c95c4fd8df745e55eba523e436ef6fd00fb99e0,7391,assets/minecraft/optifine/cit/plushie/youtubecollection/mistik.json
f7d4deb12f4d3ec6f8c32594082c4322df212277,7393,assets/minecraft/optifine/cit/plushie/youtubecollection/firamir.json
c147e508ec6c6e85dc6d58ba2e98d3195a8da455,1903,assets/minecraft/optifine/cit/plushie/youtubecollection/lagger.png
b8f9ccc1450507a2254e847a2e0dfddc67341923,7395,assets/minecraft/optifine/cit/plushie/youtubecollection/dilleron.json
c3b0abb1baf11e56433c4d7fc871c177e1c2f353,7397,assets/minecraft/optifine/cit/plushie/youtubecollection/minikotic.json
1b9185fb332d13282d775cbd56a36b12bdfc89ef,3352,assets/minecraft/optifine/cit/plushie/youtubecollection/unfiny.png
1d9d4d959f10bb8694d28e8e3ba078a3778efffb,7391,assets/minecraft/optifine/cit/plushie/youtubecollection/lagger.json
d484d08a6e503570b654870eb9ecc990dca4d89e,195,assets/minecraft/optifine/cit/plushie/youtubecollection/minikotic.properties
631ecb8324250f74569a6cb1920596f29d5c3de6,195,assets/minecraft/optifine/cit/plushie/youtubecollection/lololowka.properties
f23547e2827f31ecc7c87d7bf75b529c9fd0f67a,153,assets/minecraft/optifine/cit/plushie/youtubecollection/aid.properties
2ba934e864c72767d0702312c8f737b7e92445c1,174,assets/minecraft/optifine/cit/plushie/youtubecollection/lagger.properties
0fdf7686b6b3e49711781bbe917bf4e8b419542e,3056,assets/minecraft/optifine/cit/plushie/youtubecollection/mrfreeze.png
4554e219d8afefd656964d0eb24cac9388571b25,182,assets/minecraft/optifine/cit/plushie/youtubecollection/eeoneguy.properties
612f50777490bef83e7c11f4290c572daaac8828,4553,assets/minecraft/optifine/cit/plushie/youtubecollection/yariklapa.png
0f0726caa688f9dcba0392dba36fe3f5f7b3ab29,7386,assets/minecraft/optifine/cit/plushie/splegends2exclusive/gigiloe.json
004cb8dc000324834145e291064e773fac4481f0,2856,assets/minecraft/optifine/cit/plushie/splegends2exclusive/bannanniie.png
a3e90afbce7835d70a3cb4da933df4eeefa89446,7366,assets/minecraft/optifine/cit/plushie/splegends2exclusive/kotowasike.json
69d5fb62e3fbf7325b756497cb7048cbabf1ec4b,218,assets/minecraft/optifine/cit/plushie/splegends2exclusive/misterpyatorkae.properties
3176576c936f2db8f24f64b4d363b8ab80ca7fa4,7388,assets/minecraft/optifine/cit/plushie/splegends2exclusive/atriksse.json
cce41d2e2921be167d3a98348af0fd0dc22376a2,7392,assets/minecraft/optifine/cit/plushie/splegends2exclusive/bannanniie.json
c7df6f5ba65a9d7778ff95b160e332a5fc9a2150,201,assets/minecraft/optifine/cit/plushie/splegends2exclusive/mrekae.properties
7390cd609d9ffbe79aff368688cea3d893404dd6,202,assets/minecraft/optifine/cit/plushie/splegends2exclusive/mrfusye.properties
e302b981292bf7d1c0ab5fb0e9f5bd830733359b,3828,assets/minecraft/optifine/cit/plushie/splegends2exclusive/xycue.png
3aa9bc16ad68b77571148b962457cd1f206fc03e,210,assets/minecraft/optifine/cit/plushie/splegends2exclusive/kotowasike.properties
27d42087ba137a76837878980ee7a8b927945e47,7362,assets/minecraft/optifine/cit/plushie/splegends2exclusive/mrekae.json
83ce2d4bbec3ff38b42d3246042f723e8472e264,202,assets/minecraft/optifine/cit/plushie/splegends2exclusive/gigiloe.properties
aa0a67de200f80e21c17732b505439074bcb2f80,3942,assets/minecraft/optifine/cit/plushie/splegends2exclusive/atriksse.png
a57c5f57855c9e01a6599c4f1a345f498dc5cdab,2544,assets/minecraft/optifine/cit/plushie/splegends2exclusive/zakyyye.png
edf33b81b3b94daa9bc6100ab115cf6bd4d53e23,7361,assets/minecraft/optifine/cit/plushie/splegends2exclusive/xycue.json
d568454c99643f50276c8846f814559671624f23,2899,assets/minecraft/optifine/cit/plushie/splegends2exclusive/kirle.png
f0299e8ae6483fc294f8e11cdc0bf73f912fe2a8,210,assets/minecraft/optifine/cit/plushie/splegends2exclusive/bannanniie.properties
8c5f78b94595dc0a5e01076283ab516a3e9c79d3,204,assets/minecraft/optifine/cit/plushie/splegends2exclusive/cact00oe.properties
b7bdbb035d555c67d122d7ac5d0b8808017521ea,1179,assets/minecraft/optifine/cit/plushie/splegends2exclusive/misterpyatorkae.png
27a724e3788db0ab170d3ea005dfc3cb8cf4a0f4,2666,assets/minecraft/optifine/cit/plushie/splegends2exclusive/cact00oe.png
7a37f423fbdf3f871dfbb45553a27ce8903b0da9,7364,assets/minecraft/optifine/cit/plushie/splegends2exclusive/cact00oe.json
d49c01552431659b14b300623eaab6d41701718e,1807,assets/minecraft/optifine/cit/plushie/splegends2exclusive/kotowasike.png
d5e6322a2135c95a6a1fa05dd24ca50be234d1ff,7386,assets/minecraft/optifine/cit/plushie/splegends2exclusive/mrfusye.json
0c0dd87c2ed0bc210a85c00a74185d77fdfcb84a,198,assets/minecraft/optifine/cit/plushie/splegends2exclusive/xycue.properties
9bfefe08a44a1529b7a7f594c94c8de6c77162d0,667,assets/minecraft/optifine/cit/plushie/splegends2exclusive/mrekae.png
a04356be47e418ced26619eace1282b5147af8d4,7390,assets/minecraft/optifine/cit/plushie/splegends2exclusive/asbombere.json
63e5b8bad5bbb11bb229daf109db2660feedcc9c,2799,assets/minecraft/optifine/cit/plushie/splegends2exclusive/mrfusye.png
f2b1f4c01f2aa4478d5e8f5d83a98623e037bfd5,204,assets/minecraft/optifine/cit/plushie/splegends2exclusive/atriksse.properties
7d6a9502bb2355eaef100f4fd42d908eb2c6ef78,2664,assets/minecraft/optifine/cit/plushie/splegends2exclusive/gigiloe.png
0028c0ce7430cd624d31fd7a6cf0af4dd35cbadf,1247,assets/minecraft/optifine/cit/plushie/splegends2exclusive/asbombere.png
0ba0aec70de932f7af5438426c43ec166b5de77a,199,assets/minecraft/optifine/cit/plushie/splegends2exclusive/kirle.properties
910aaa36438be5ef2858b863e488ecb25806ac83,206,assets/minecraft/optifine/cit/plushie/splegends2exclusive/asbombere.properties
b263aa4b88c555da1fa12c8eb4da507cb44cee42,7382,assets/minecraft/optifine/cit/plushie/splegends2exclusive/kirle.json
28d11f10b5c83f0a9e62404cb550fd8c54f815bf,7386,assets/minecraft/optifine/cit/plushie/splegends2exclusive/zakyyye.json
9e7100194a713353c94ffb8d5444f01a61a2c82c,7402,assets/minecraft/optifine/cit/plushie/splegends2exclusive/misterpyatorkae.json
363f317d6a9f4c9c4e28073b8437bae06dca7603,209,assets/minecraft/optifine/cit/plushie/splegends2exclusive/zakyyye.properties
a399017b1f35641dbed5f5bf9ceeb51f7ebe44ab,7365,assets/minecraft/optifine/cit/plushie/videogamescollection/chashek.json
b005a48875273b3ffe8927e53568759454329741,7386,assets/minecraft/optifine/cit/plushie/videogamescollection/sonic.json
c04ea17e7560ca85887eeb1ff71b4bbb07e5debf,2106,assets/minecraft/optifine/cit/plushie/videogamescollection/engineer.png
ccc3a0c1df5f2df1c8c2f1558f481dbc79de15de,173,assets/minecraft/optifine/cit/plushie/videogamescollection/paimon.properties
a01df5f2f4c49256c84083b46c21dedd2b731c3f,7607,assets/minecraft/optifine/cit/plushie/videogamescollection/doom.png
9f7f5535e8c154b00254ecaa5c023fd4416f80b2,1882,assets/minecraft/optifine/cit/plushie/videogamescollection/chashek.png
2fa9569a31018d5d69b44de1a79ada1efaf532f3,4144,assets/minecraft/optifine/cit/plushie/videogamescollection/chief.png
a1ba32b140a9285aae419b7addf4c48d94b7903e,159,assets/minecraft/optifine/cit/plushie/videogamescollection/link.properties
1c56faebd45661e7b5853e9f1f1596bb12eefbd8,179,assets/minecraft/optifine/cit/plushie/videogamescollection/geralt.properties
95f36d23dce59240ae9443ae5db5687e6848c44c,168,assets/minecraft/optifine/cit/plushie/videogamescollection/chashek.properties
72247f472c534ecd7bbe42265b94b6ec62b6dec2,7392,assets/minecraft/optifine/cit/plushie/videogamescollection/engineer.json
368663609165224d70633bf6724599343bff350f,174,assets/minecraft/optifine/cit/plushie/videogamescollection/kratos.properties
d72f4455a5c0b7c2bf063fe02e501e6c1fc614e0,7384,assets/minecraft/optifine/cit/plushie/videogamescollection/fran.json
fbb06fda5d52c3c0ea0eb40150c2fad34afdcadc,7388,assets/minecraft/optifine/cit/plushie/videogamescollection/kratos.json
cae183da0022a51a891b6f20243d3c0e5c59af71,183,assets/minecraft/optifine/cit/plushie/videogamescollection/fran.properties
7b0d7b4172bb7420c8e57f512700b82a467c147c,191,assets/minecraft/optifine/cit/plushie/videogamescollection/chief.properties
45933fb7c528405e54137c2ab52376681d6d133f,4365,assets/minecraft/optifine/cit/plushie/videogamescollection/paimon.png
1a962f86ce9a659859bd5e21edf389d06550b01e,181,assets/minecraft/optifine/cit/plushie/videogamescollection/engineer.properties
c3902537aa69741dc6ee7891c78d84d44967f4c8,7388,assets/minecraft/optifine/cit/plushie/videogamescollection/paimon.json
75f75c6e0976b884486860e92a517014d8fe4c45,7384,assets/minecraft/optifine/cit/plushie/videogamescollection/neon.json
5cc1aa07fdee6be7b2be7d042e6b13994891e21f,5411,assets/minecraft/optifine/cit/plushie/videogamescollection/kratos.png
0654d1ecf1e36a4f74aa23e2dce09b81b08a27aa,172,assets/minecraft/optifine/cit/plushie/videogamescollection/doom.properties
27139684a1ace53abad23a1d9ba7cbfb4c9bdbe9,1638,assets/minecraft/optifine/cit/plushie/videogamescollection/sonic.png
7299d987ade35483a628e9ef9c25946f1eb38cc5,4497,assets/minecraft/optifine/cit/plushie/videogamescollection/neon.png
66e4593e19d22b7bcb5ade69bd315b4575101462,7384,assets/minecraft/optifine/cit/plushie/videogamescollection/ezio.json
acb9aeebcbccc049564f0f4cbd6c9115fa1e7190,4641,assets/minecraft/optifine/cit/plushie/videogamescollection/geralt.png
6a46066a435b50d16ff61b8df5fb93257251d6da,7384,assets/minecraft/optifine/cit/plushie/videogamescollection/link.json
832032418cd9883c8ad40d678d2d4b608201fa60,166,assets/minecraft/optifine/cit/plushie/videogamescollection/sonic.properties
09f1b83b2d5336006e5b495290588987630bcb79,4655,assets/minecraft/optifine/cit/plushie/videogamescollection/ezio.png
a225618ee5a75d3cadd28a6416fdfef71b420fc2,2027,assets/minecraft/optifine/cit/plushie/videogamescollection/fran.png
90dbc1bd639783a6be9614bb3fffb33ce06a003d,7384,assets/minecraft/optifine/cit/plushie/videogamescollection/doom.json
d6498f0ad9b96d6d764a5eb76496b734c67dcc58,7386,assets/minecraft/optifine/cit/plushie/videogamescollection/chief.json
60ee16b7aa57ddb461ac3c5abf37fa3801513e72,208,assets/minecraft/optifine/cit/plushie/videogamescollection/ezio.properties
ed708becf878de15ee9b51c0203309130fdbf828,7388,assets/minecraft/optifine/cit/plushie/videogamescollection/geralt.json
d3f85b653d53926a3e1fa2dc60d3b95445485b2f,3890,assets/minecraft/optifine/cit/plushie/videogamescollection/link.png
4c565b96e530f96b60528ec439b5b880ed0ca6e8,159,assets/minecraft/optifine/cit/plushie/videogamescollection/neon.properties
cb530a5b5db101f1ca6c05e3740e0483d5c99bc5,2833,assets/minecraft/optifine/cit/plushie/verdencollection/unhurt.png
9cb2adeafe7914e0b5e31792710976bd66e4d671,155,assets/minecraft/optifine/cit/plushie/verdencollection/jabochka.properties
27f1bd2a42f5512728401213940ee378d7cafba8,2177,assets/minecraft/optifine/cit/plushie/verdencollection/3_14_door.png
11fc4996ae743ded0aded7dc8757d9aa88668d57,7389,assets/minecraft/optifine/cit/plushie/verdencollection/jabochka.json
68a0df528c88cd4f7ce17d3faa9e4e342fd4324c,150,assets/minecraft/optifine/cit/plushie/verdencollection/drscrison.properties
fa202ed5f39be508c551ce51b99a867c7293297b,150,assets/minecraft/optifine/cit/plushie/verdencollection/3_14_door.properties
6cc5730141c9bb039bbb56e200db21d49b07a3b3,7392,assets/minecraft/optifine/cit/plushie/verdencollection/magazova.json
33c5b8c2ed2bb734713a33de4518badf986e9746,7388,assets/minecraft/optifine/cit/plushie/verdencollection/unhurt.json
f5e68a9a380908420dfdf332161f22d1089deb97,150,assets/minecraft/optifine/cit/plushie/verdencollection/magazova.properties
0da228ff201e5a9633f1e8431a149a84f56c267f,154,assets/minecraft/optifine/cit/plushie/verdencollection/good_man_31.properties
eaae01ffea8f2461b5e9279345a0290d21500508,3277,assets/minecraft/optifine/cit/plushie/verdencollection/frizy.png
9452b929583fa5f697637e5bf4966c99c5b488fc,149,assets/minecraft/optifine/cit/plushie/verdencollection/menyalo_years.png
ba3216068a46c413237d97f39d2c744ab780235c,146,assets/minecraft/optifine/cit/plushie/verdencollection/ccblkyh.properties
6298ead2639a03ae9453ae6809d32bd57cf5d301,145,assets/minecraft/optifine/cit/plushie/verdencollection/unhurt.properties
f475e102c042a95f3e00aa35feb25aa59a124c86,9476,assets/minecraft/optifine/cit/plushie/verdencollection/menyalo.json
4debb7531bb32427e527f62461874c1f2a24ef92,3211,assets/minecraft/optifine/cit/plushie/verdencollection/jabochka.png
9368513cf1e31ae4a6a23f23276982d8697b6eae,3731,assets/minecraft/optifine/cit/plushie/verdencollection/drscrison.png
05a1831a82f46856df9e411c4b78f94a5ac9cb17,2980,assets/minecraft/optifine/cit/plushie/verdencollection/magazova.png
8a40aeb597c8483e5caa9d8733fd39d3747c00be,7398,assets/minecraft/optifine/cit/plushie/verdencollection/good_man_31.json
ea95dd947db5d5d78f82419d432754c82a86bee3,7390,assets/minecraft/optifine/cit/plushie/verdencollection/ccblkyh.json
9bbbd90ba947924561aa068e584defaea19f02d8,7386,assets/minecraft/optifine/cit/plushie/verdencollection/frizy.json
5cc9cdd3570cd1037f431da00986d93d2052d7b4,146,assets/minecraft/optifine/cit/plushie/verdencollection/menyalo.properties
5f5959e4bf7d4f77cd0a1b1ffe09fd33a1655d63,7397,assets/minecraft/optifine/cit/plushie/verdencollection/drscrison.json
b5d10bf0178c317abef5459bbda9a438e0ff8172,2926,assets/minecraft/optifine/cit/plushie/verdencollection/menyalo.png
e2b3a9852721eef55fd285c6f3f558434eb853a9,2678,assets/minecraft/optifine/cit/plushie/verdencollection/ccblkyh.png
23756fc0178c02fd8defbafb2937b38ca6829637,7394,assets/minecraft/optifine/cit/plushie/verdencollection/3_14_door.json
08bd9e1dc85c0d4b5eec20e44d5e3e0d35212b96,2676,assets/minecraft/optifine/cit/plushie/verdencollection/good_man_31.png
bff3e00ddef06e9c632c0fd2a1afe41ffebcb527,144,assets/minecraft/optifine/cit/plushie/verdencollection/frizy.properties
536e81c3b262a7f373d0a0a08c5e7b49186ed15d,3719,assets/minecraft/optifine/cit/plushie/sp2yearsvitirna/russ1angamerv.png
5970f7485207a7fd4c43ede9ed5ebcbedb537dac,195,assets/minecraft/optifine/cit/plushie/sp2yearsvitirna/mcmaks32v.properties
64e37dfa555aeeefe4a6abafa097b577f8aca911,194,assets/minecraft/optifine/cit/plushie/sp2yearsvitirna/sodahuisv.properties
0c6d27d9ffd1ac1c5dd345773e38adf642459931,202,assets/minecraft/optifine/cit/plushie/sp2yearsvitirna/russ1angamerv.properties
5780ad153f8198e8d968a8c6c46753a04aa11cb1,2929,assets/minecraft/optifine/cit/plushie/sp2yearsvitirna/rdnstriderv.png
6bb597cabea9e8638d7c1cd00d0180eb022ba866,198,assets/minecraft/optifine/cit/plushie/sp2yearsvitirna/rdnstriderv.properties
967b64ccdfbceb53cca900da6a7501465498c458,3219,assets/minecraft/optifine/cit/plushie/sp2yearsvitirna/thebonstiev.png
129556435ad5927ba354b390547f83c699ad370c,196,assets/minecraft/optifine/cit/plushie/sp2yearsvitirna/wonkevichv.properties
f91d4f3c73bdda5c83bfa354b60519048861ea2f,7392,assets/minecraft/optifine/cit/plushie/sp2yearsvitirna/radiografv.json
7b655f67133f1a342358bb539d2b51b17009b785,7390,assets/minecraft/optifine/cit/plushie/sp2yearsvitirna/mcmaks32v.json
539fa4640ea22b654723174ab595c670cc72faec,7365,assets/minecraft/optifine/cit/plushie/sp2yearsvitirna/mrfrocksv.json
edc15a9d6155112cca5c445c75bc2ee18956fe31,7365,assets/minecraft/optifine/cit/plushie/sp2yearsvitirna/sodahuisv.json
d85ab3f585a46e2998496d1a849db701373ee940,198,assets/minecraft/optifine/cit/plushie/sp2yearsvitirna/thebonstiev.properties
015a840a65a2f5d60e1bb9f50ad2ad663bbdb19b,2630,assets/minecraft/optifine/cit/plushie/sp2yearsvitirna/andrewrestv.png
bdd37698c7bc62f09f9ba7441153cba8a9e4d960,3162,assets/minecraft/optifine/cit/plushie/sp2yearsvitirna/wonkevichv.png
9917cfd52fc298fd0b7c24322df792d1ffb5a932,7394,assets/minecraft/optifine/cit/plushie/sp2yearsvitirna/rdnstriderv.json
95a9f8fc330a3cc256e789afedbfd63f380906c0,7367,assets/minecraft/optifine/cit/plushie/sp2yearsvitirna/andrewrestv.json
62a39634fba42630502a1b95e14c4ccc0b92db56,190,assets/minecraft/optifine/cit/plushie/sp2yearsvitirna/gotchev.properties
255a9fc57e9efffb1c7d463ba3f5936b9dde952c,3094,assets/minecraft/optifine/cit/plushie/sp2yearsvitirna/mcmaks32v.png
dd82cd478c448986997b47d4991cadc4c4924166,3702,assets/minecraft/optifine/cit/plushie/sp2yearsvitirna/radiografv.png
2a0f176a8ed52525278f2d2e2f813c5e06e70ae8,7392,assets/minecraft/optifine/cit/plushie/sp2yearsvitirna/wonkevichv.json
8db591099426a7a3b57ec27ada278568280b6e78,196,assets/minecraft/optifine/cit/plushie/sp2yearsvitirna/radiografv.properties
8211038dbb8a87b45068d62051db6ec146e919d8,7386,assets/minecraft/optifine/cit/plushie/sp2yearsvitirna/gotchev.json
a06b1671f21a641b534d75955e4008139374fa59,194,assets/minecraft/optifine/cit/plushie/sp2yearsvitirna/mrfrocksv.properties
b481182860cb25965feb6bbfb14cc45269ce6daf,7394,assets/minecraft/optifine/cit/plushie/sp2yearsvitirna/thebonstiev.json
eb8ccac66885d23261dfe5664cf68c3c50b9d5e3,198,assets/minecraft/optifine/cit/plushie/sp2yearsvitirna/andrewrestv.properties
8d6471df0e2ec9960ec5ef8cbebaf08cb4d1276e,7369,assets/minecraft/optifine/cit/plushie/sp2yearsvitirna/russ1angamerv.json
1bf898aa36bbc090c3af60d93712765451a8952e,2744,assets/minecraft/optifine/cit/plushie/sp2yearsvitirna/mrfrocksv.png
54ca05cad9bc754928c3baa42e7238f180830215,3723,assets/minecraft/optifine/cit/plushie/sp2yearsvitirna/sodahuisv.png
95c21dddc461ce77ffa247086bc4e95b34797731,3129,assets/minecraft/optifine/cit/plushie/sp2yearsvitirna/gotchev.png
c618d389c3d59ccc6f7ef90873bfa6c225e215b6,3519,assets/minecraft/optifine/cit/plushie/filmsseriescollection/shrek.png
952c36c3c76d5b071380da50d069d4bf080edd7d,7360,assets/minecraft/optifine/cit/plushie/filmsseriescollection/nick.json
3e71dbd2f1b1ad3d7bcecec0848c9014e65c1d47,181,assets/minecraft/optifine/cit/plushie/filmsseriescollection/robocop.properties
b67ccd5d23d6e8ebce28a356296b993fb9508500,210,assets/minecraft/optifine/cit/plushie/filmsseriescollection/mcfly.properties
31bedbe871ae41348d1f8425b48dbaf152d7ec02,203,assets/minecraft/optifine/cit/plushie/filmsseriescollection/jack.properties
c0550163a046d7294f25f51f6a62a3df10546977,4717,assets/minecraft/optifine/cit/plushie/filmsseriescollection/jack2.png
e108db003fc1d36c11fc0500b0e5a9cd7368cef9,7376,assets/minecraft/optifine/cit/plushie/filmsseriescollection/ww.json
bc498d9bd7774268888b06fc3fb3ecf4ea9b0548,213,assets/minecraft/optifine/cit/plushie/filmsseriescollection/starlord.properties
44a473f277ffe80e21d902a89dd98f36d3036746,208,assets/minecraft/optifine/cit/plushie/filmsseriescollection/spiderman.properties
4c6deba863f061cc391f4228075fb263b737c73d,161,assets/minecraft/optifine/cit/plushie/filmsseriescollection/shrek.properties
650fb080abff9cc5feee0ec2a47422716fe3c29a,204,assets/minecraft/optifine/cit/plushie/filmsseriescollection/puss.properties
45dc06fa49464669ebe1b59ea941d16762466824,210,assets/minecraft/optifine/cit/plushie/filmsseriescollection/tyler.properties
8e28c2dc525d0e74dd08f89f6379a0ac91ec8d1a,7382,assets/minecraft/optifine/cit/plushie/filmsseriescollection/mcfly.json
f8e1af85efd7b21bbc900bef1f7172fee2cd7140,6100,assets/minecraft/optifine/cit/plushie/filmsseriescollection/ironman.png
6dfbdbd6ecb98d760c8f6fb56c159bf5271b81a8,7380,assets/minecraft/optifine/cit/plushie/filmsseriescollection/jack.json
3f539ac92aa15c794b6e59057a62dd58ec4ceb4c,7388,assets/minecraft/optifine/cit/plushie/filmsseriescollection/starlord.json
c4d8fb85df027f35986e54c57d55d1d852243d5d,1906,assets/minecraft/optifine/cit/plushie/filmsseriescollection/ww.png
3c838f2cf9c11eeb9bbb6c03faff8b8269c29ffd,230,assets/minecraft/optifine/cit/plushie/filmsseriescollection/ironman.properties
4bf9a5743dc2c688b87d935138ed292adcefbe74,7363,assets/minecraft/optifine/cit/plushie/filmsseriescollection/robocop.json
9db3910ee69ea565ce52ee731102e1a9de9b4665,2711,assets/minecraft/optifine/cit/plushie/filmsseriescollection/nick.png
fd3cd0197681765d752dad82e496f283b8b54bc4,3084,assets/minecraft/optifine/cit/plushie/filmsseriescollection/robocop.png
aac28e14d404eae89cec7117d121f688f4b3425c,199,assets/minecraft/optifine/cit/plushie/filmsseriescollection/jack2.properties
7a437a0d27dbb9f2cf425bc04a7274576ce50829,2665,assets/minecraft/optifine/cit/plushie/filmsseriescollection/tyler.png
32845701f083b2f8519ac34908530c964c649fee,7384,assets/minecraft/optifine/cit/plushie/filmsseriescollection/batman.json
c0550163a046d7294f25f51f6a62a3df10546977,4717,assets/minecraft/optifine/cit/plushie/filmsseriescollection/jack.png
43dcea5aa43e1cada4147041412497f67260d46d,7382,assets/minecraft/optifine/cit/plushie/filmsseriescollection/shrek.json
1c163a14d9e59a8fb60351a8516315544d7da328,3434,assets/minecraft/optifine/cit/plushie/filmsseriescollection/mcfly.png
417f06637d8fc659ba85e31c83f96da4594ea7e7,7361,assets/minecraft/optifine/cit/plushie/filmsseriescollection/tyler.json
70ce1eea16976eb859d8e6b7e2e2c452d9878614,7382,assets/minecraft/optifine/cit/plushie/filmsseriescollection/jack2.json
f734febe087adb9a790c33bfbdc05dd3d2bd224d,195,assets/minecraft/optifine/cit/plushie/filmsseriescollection/ww.properties
5b7a007d648aa3d9579e9d7705517ea088b53a12,185,assets/minecraft/optifine/cit/plushie/filmsseriescollection/nick.properties
f2be65b5b72e2e117ffa7d19b0ba1cd65504de31,3514,assets/minecraft/optifine/cit/plushie/filmsseriescollection/spiderman.png
c51b3d275a35e4fa9fcf7197118e8ed1bb118fff,7386,assets/minecraft/optifine/cit/plushie/filmsseriescollection/ironman.json
e31d86dfeffb76e675cfdc34b8aaeea14afba402,7365,assets/minecraft/optifine/cit/plushie/filmsseriescollection/spiderman.json
b123f130a2aab4d11cd26df65a5784015ecffbc6,174,assets/minecraft/optifine/cit/plushie/filmsseriescollection/batman.properties
53a4011a54168c0806daf3afaa312b6b93a542a0,7380,assets/minecraft/optifine/cit/plushie/filmsseriescollection/puss.json
154aeb5296a06baeb10091eb73d7872989665c99,3337,assets/minecraft/optifine/cit/plushie/filmsseriescollection/puss.png
665d3fa7cc247ef5cdc5187af22b2c8265f6dbd8,4034,assets/minecraft/optifine/cit/plushie/filmsseriescollection/starlord.png
63ac823d235837d85072724359819d9c325092fd,2620,assets/minecraft/optifine/cit/plushie/filmsseriescollection/batman.png
c17cc895e84bc2e4b87e7395026b806703bd3c3d,7392,assets/minecraft/optifine/cit/plushie/sp2years/rdnstrider.json
980c63ec5f122633c0cbb57ff286b0f4953f68a8,239,assets/minecraft/optifine/cit/plushie/sp2years/mrfrocks.properties
b1f5ffd99b384a7be932ae0f8973475863c24a27,247,assets/minecraft/optifine/cit/plushie/sp2years/russ1angamer.properties
95c21dddc461ce77ffa247086bc4e95b34797731,3129,assets/minecraft/optifine/cit/plushie/sp2years/gotche.png
52c7aeca9a0d14e7af7f1cc7b45dad1b0f301a64,243,assets/minecraft/optifine/cit/plushie/sp2years/andrewrest.properties
5780ad153f8198e8d968a8c6c46753a04aa11cb1,2929,assets/minecraft/optifine/cit/plushie/sp2years/rdnstrider.png
e9f51d8081f987d96995bd5a94f36361fb61717f,241,assets/minecraft/optifine/cit/plushie/sp2years/radiograf.properties
1bf898aa36bbc090c3af60d93712765451a8952e,2744,assets/minecraft/optifine/cit/plushie/sp2years/mrfrocks.png
6f2d53aa1307cb7c06da5ca0193ebaa8bcdd60ce,7390,assets/minecraft/optifine/cit/plushie/sp2years/wonkevich.json
d573e6a4b0f13f254c7ac4339c821f1ed9f90cf7,241,assets/minecraft/optifine/cit/plushie/sp2years/wonkevich.properties
521e7c3b22e38559acb4f2f4fb3e9255a46bf3dc,7388,assets/minecraft/optifine/cit/plushie/sp2years/mcmaks32.json
3bb4d6e3fdca88bc9515a215392b79adb94fa059,243,assets/minecraft/optifine/cit/plushie/sp2years/rdnstrider.properties
967b64ccdfbceb53cca900da6a7501465498c458,3219,assets/minecraft/optifine/cit/plushie/sp2years/thebonstie.png
bdd37698c7bc62f09f9ba7441153cba8a9e4d960,3162,assets/minecraft/optifine/cit/plushie/sp2years/wonkevich.png
85272fe6feecf4ad13e48487d55afb142fde1710,7390,assets/minecraft/optifine/cit/plushie/sp2years/radiograf.json
2cb776675f40ed30e9831e7e0e8102222873c87c,239,assets/minecraft/optifine/cit/plushie/sp2years/sodahuis.properties
54ca05cad9bc754928c3baa42e7238f180830215,3723,assets/minecraft/optifine/cit/plushie/sp2years/sodahuis.png
255a9fc57e9efffb1c7d463ba3f5936b9dde952c,3094,assets/minecraft/optifine/cit/plushie/sp2years/mcmaks32.png
871af8c581c6433fb3347d454058dd038dc55081,7364,assets/minecraft/optifine/cit/plushie/sp2years/sodahuis.json
dd82cd478c448986997b47d4991cadc4c4924166,3702,assets/minecraft/optifine/cit/plushie/sp2years/radiograf.png
cb56c9fcb1a14b6c3cad0990c197e5eeb04949c4,7384,assets/minecraft/optifine/cit/plushie/sp2years/gotche.json
536e81c3b262a7f373d0a0a08c5e7b49186ed15d,3719,assets/minecraft/optifine/cit/plushie/sp2years/russ1angamer.png
3a969536bb4052cca1ef326997e4ca808f2bd52f,240,assets/minecraft/optifine/cit/plushie/sp2years/mcmaks32.properties
05967dd7cbd874bc6d686f5bbcc818c156eeeebc,7368,assets/minecraft/optifine/cit/plushie/sp2years/russ1angamer.json
f77b447125e52fac7c635636d04662e7b39fc65a,7366,assets/minecraft/optifine/cit/plushie/sp2years/andrewrest.json
b6e164420541002c298c8a261ea79bc10432a809,243,assets/minecraft/optifine/cit/plushie/sp2years/thebonstie.properties
015a840a65a2f5d60e1bb9f50ad2ad663bbdb19b,2630,assets/minecraft/optifine/cit/plushie/sp2years/andrewrest.png
c1d495b009a7e946eef6ac50ca31d509cf771349,7392,assets/minecraft/optifine/cit/plushie/sp2years/thebonstie.json
03d124d78cbfcd54091d0616a0f43151002ea004,7364,assets/minecraft/optifine/cit/plushie/sp2years/mrfrocks.json
f93bc4ad76e7d244c5a9f105d2d13d57f7003e3d,235,assets/minecraft/optifine/cit/plushie/sp2years/gotche.properties
e77e167d340c38def77751b7be1421b673fae466,212,assets/minecraft/optifine/cit/plushie/splegendsvitrina/qu1nsv.properties
2c1be7f298df8e75c9f8ffba96e95a794cf3f1d9,246,assets/minecraft/optifine/cit/plushie/splegendsvitrina/nikolskiyv.properties
cfb478fb96dc3978b20992967fa5acc00cd703da,8886,assets/minecraft/optifine/cit/plushie/splegendsvitrina/nikolskiyv.json
2875ef36e7948f39db804d228822b98c1f5212dd,7759,assets/minecraft/optifine/cit/plushie/splegendsvitrina/mrbrisonv.json
bc938c9589ec2936fa76197c80105677f5a9fb11,138,assets/minecraft/optifine/cit/plushie/splegendsvitrina/desinovv_smile.png
f78c917079991997249cae4dcd08f83170ac0fac,3977,assets/minecraft/optifine/cit/plushie/splegendsvitrina/5opkav.png
413810d73c1931d9b0f5fc29d961254e422414e1,236,assets/minecraft/optifine/cit/plushie/splegendsvitrina/cottav.properties
a92d54ab19eeb4cf7f3de018ad6355402782d812,237,assets/minecraft/optifine/cit/plushie/splegendsvitrina/perchv.properties
1f6e5ff4e8466f88f7d2e2238df1b70a56bae34b,170,assets/minecraft/optifine/cit/plushie/splegendsvitrina/cottav_roga.png
8047a294b4e5689ba3ecaf080de87943918750a4,7760,assets/minecraft/optifine/cit/plushie/splegendsvitrina/korowwav.json
9cff4e4cf6e0965ff6b23584928d9a08afc60851,221,assets/minecraft/optifine/cit/plushie/splegendsvitrina/mrbrisonv.properties
d1bad99ab0bdc5ec32e439521517726d72278fec,2401,assets/minecraft/optifine/cit/plushie/splegendsvitrina/perchv.png
d994893d2ff97c2b72b8fab4ab36ed7464835c47,3510,assets/minecraft/optifine/cit/plushie/splegendsvitrina/milyanv.png
e97941ade3032dbb7d86f4178d1d83197bc68dd4,7728,assets/minecraft/optifine/cit/plushie/splegendsvitrina/perchv.json
f338665c22aabf78548a6bd722567ffcbd21ec17,241,assets/minecraft/optifine/cit/plushie/splegendsvitrina/perchvv.properties
4e4d3c08abb00e002e734051c0cdf14460a6b786,2346,assets/minecraft/optifine/cit/plushie/splegendsvitrina/qu1nsv.png
8ca74e745e4ddf5883014fa0f8e07873a5f0f34d,269,assets/minecraft/optifine/cit/plushie/splegendsvitrina/mrbrisonv_tnt.png
56d314d06ed3e0480fd9c3c776df94043d98247a,226,assets/minecraft/optifine/cit/plushie/splegendsvitrina/korowwav.properties
2db1dff87487562ca984f5192fec172efe09e27c,13368,assets/minecraft/optifine/cit/plushie/splegendsvitrina/5opkav.json
d1bad99ab0bdc5ec32e439521517726d72278fec,2401,assets/minecraft/optifine/cit/plushie/splegendsvitrina/perchvv.png
7466ad5502a907649011a4f1d787bc47709d4a97,2403,assets/minecraft/optifine/cit/plushie/splegendsvitrina/desinovv.png
515897957544ce5568d1e28e30c58b8ff865ce16,345,assets/minecraft/optifine/cit/plushie/splegendsvitrina/nikolskiyv_nimb.png
fea6a69883647f794b894f809be367b930bec69b,2446,assets/minecraft/optifine/cit/plushie/splegendsvitrina/korowwav.png
b8c74d784fe8485604fce53b2311b264947b04be,2822,assets/minecraft/optifine/cit/plushie/splegendsvitrina/nikolskiyv.png
d9d1afc0f596a9120b3eb5cdd1dec655d9ee604c,237,assets/minecraft/optifine/cit/plushie/splegendsvitrina/happyv.properties
899a4a687badef75d0590ecd9e213955a312c33e,8852,assets/minecraft/optifine/cit/plushie/splegendsvitrina/cottav.json
fe2467627e5e5c418ec18f6a6c6b895ea0eac595,7729,assets/minecraft/optifine/cit/plushie/splegendsvitrina/qu1nsv.json
b502b5055e14810e28668ec7a639cd04df4175cd,7503,assets/minecraft/optifine/cit/plushie/splegendsvitrina/happyv.json
79a133d614118dc159dd10206729dd20e2c47dce,158,assets/minecraft/optifine/cit/plushie/splegendsvitrina/qu1nsv_desten.png
955758ac207b29050795bb4ec63cc11176f2cf15,3998,assets/minecraft/optifine/cit/plushie/splegendsvitrina/cottav.png
ed93606b6c6b6b5eeb5a5f096a76c84a085d78f3,5943,assets/minecraft/optifine/cit/plushie/splegendsvitrina/mrbrisonv.png
d013ee9a8960bea2b4b84ad8ec4143a1332e49ed,446,assets/minecraft/optifine/cit/plushie/splegendsvitrina/5opkav_23.png
80bfe639e6c4c52d75f5860b4d0a40260016a9c5,3405,assets/minecraft/optifine/cit/plushie/splegendsvitrina/happyv.png
b6ac73f3d3815cabd34f9d03042a7042769b8f5e,9178,assets/minecraft/optifine/cit/plushie/splegendsvitrina/desinovv.json
3f3bd6bd801f091646a09fdd77a1f5837276cc54,7730,assets/minecraft/optifine/cit/plushie/splegendsvitrina/perchvv.json
674922d531d7fda53a44b763d3a2402a945d82ca,7755,assets/minecraft/optifine/cit/plushie/splegendsvitrina/milyanv.json
bba247ef4eef58edcdbe1bc5a05cf94f25d12058,224,assets/minecraft/optifine/cit/plushie/splegendsvitrina/5opkav.properties
31e0248cde51421c36f322b7a472d99a986d350e,112,assets/minecraft/optifine/cit/plushie/splegendsvitrina/perchv_years.png
f76d18a3581674743dd92bbf6acd8a70f2bd7713,190,assets/minecraft/optifine/cit/plushie/splegendsvitrina/korowwav_money.png
449e7c16deb7087e1e2aa7e3466678fb03307d67,479,assets/minecraft/optifine/cit/plushie/splegendsvitrina/zvezdav_crystall.png
44f0cd5acca66f9b516ea7612eae8534618734ee,3271,assets/minecraft/optifine/cit/plushie/splegendsvitrina/zvezdav.png
7a67f5b7d5bc46040f903aa25c1cc9f342c60b07,251,assets/minecraft/optifine/cit/plushie/splegendsvitrina/desinovv.properties
f60d6b0d027cf119e098b7f66c550e83987097ac,220,assets/minecraft/optifine/cit/plushie/splegendsvitrina/zvezdav.properties
7fb8cae8af07cd1de01774217fc0bd182836cda2,7762,assets/minecraft/optifine/cit/plushie/splegendsvitrina/zvezdav.json
31e0248cde51421c36f322b7a472d99a986d350e,112,assets/minecraft/optifine/cit/plushie/splegendsvitrina/perchvv_years.png
261b1ee0efc210096ceb2cff637a8c5ea43b390c,213,assets/minecraft/optifine/cit/plushie/splegendsvitrina/milyanv.properties
abb8c898264393d85e3297536eefe64cd3519cf5,125,assets/minecraft/optifine/cit/plushie/splegendsvitrina/milyanv_plus.png
eac7954ff8a3867b196342191a1726becc2ba9a2,7386,assets/minecraft/optifine/cit/plushie/videogames2vitrina/arthurv.json
131b982c6b7d37788b6cc13bcc728ced5ac92b49,3591,assets/minecraft/optifine/cit/plushie/videogames2vitrina/gordonv.png
40bc49ad5a618e51471bed3794246bac6a3e18f3,7363,assets/minecraft/optifine/cit/plushie/videogames2vitrina/gordonv.json
18bb6fad4edfeadd8fdd19c0e1fffcb4a3cd9f14,2309,assets/minecraft/optifine/cit/plushie/videogames2vitrina/elliev.png
5dfd909c2a4484469356415751a07d0e1efd6008,207,assets/minecraft/optifine/cit/plushie/videogames2vitrina/elliev.properties
4df52822ec5f780a87feaacd46ff750f06609a2a,185,assets/minecraft/optifine/cit/plushie/videogames2vitrina/dvav.properties
bf8ff48a213f21a2059b04e68ae481adac0604f1,213,assets/minecraft/optifine/cit/plushie/videogames2vitrina/mariov.properties
ef15512fef5351315d3715a4cb4dc1792fb62e13,2537,assets/minecraft/optifine/cit/plushie/videogames2vitrina/b2v.png
e8745b3c62206cdf0428a8b3af6419204d5f4374,7384,assets/minecraft/optifine/cit/plushie/videogames2vitrina/dantev.json
ee06dcde4de7db4516b7ab2fab8cf05863d66f89,262,assets/minecraft/optifine/cit/plushie/videogames2vitrina/dantev.properties
f311959f2699422780a9514a0c520ebb9f6e2401,221,assets/minecraft/optifine/cit/plushie/videogames2vitrina/agent47v.properties
6c0d9474ba705f1e6d5bff78db274222c8b5c61c,3466,assets/minecraft/optifine/cit/plushie/videogames2vitrina/croftv.png
de48e318f87326b472b155fedeeef425a505c5ec,7384,assets/minecraft/optifine/cit/plushie/videogames2vitrina/elliev.json
26bd5a3679a1a065ee5becf344bfc4a3d5ecf389,2608,assets/minecraft/optifine/cit/plushie/videogames2vitrina/tomatoheadv.png
f379f5ae0adf057b321afd9b8d6ef63b623ef649,3984,assets/minecraft/optifine/cit/plushie/videogames2vitrina/arthurv.png
8ace1f0086f20f9c5cbcdb9ebb96341a1702dd6a,7361,assets/minecraft/optifine/cit/plushie/videogames2vitrina/b2v.json
9a307eeffa002277461a66254f5d1507a9017dd0,1649,assets/minecraft/optifine/cit/plushie/videogames2vitrina/mariov.png
1d3b3d4affd5bd3eea4e5bb43efa9504040b3df8,3672,assets/minecraft/optifine/cit/plushie/videogames2vitrina/chunliv.png
a53f2fc4371801e39658938c66cbf9ddfbfb5966,182,assets/minecraft/optifine/cit/plushie/videogames2vitrina/b2v.properties
f9c4b47bf4a210b7356f9895e1c3aff4b2a4b80f,7394,assets/minecraft/optifine/cit/plushie/videogames2vitrina/tomatoheadv.json
f07ebcf4f5d56c03672178243200e0fa77d42b9a,249,assets/minecraft/optifine/cit/plushie/videogames2vitrina/leonv.properties
104117bcd202464e7306df22fd6d7da30a813e61,267,assets/minecraft/optifine/cit/plushie/videogames2vitrina/tomatoheadv.properties
f7c5a6299c7f1c5a2f2b07b9027edfc04a217092,7384,assets/minecraft/optifine/cit/plushie/videogames2vitrina/mariov.json
64db18867547686eef5d51d2ca8ec78aff2e78fc,257,assets/minecraft/optifine/cit/plushie/videogames2vitrina/gordonv.properties
5d21a06e0b3e91aa9dd3c16a55e867211d8fea8b,251,assets/minecraft/optifine/cit/plushie/videogames2vitrina/arthurv.properties
9967e31ef6dfda4001b52e2dfa1439afa13af3b7,7392,assets/minecraft/optifine/cit/plushie/videogames2vitrina/agent47v.json
bef8880f0a5648392a6475fcad2cd65b787af15e,238,assets/minecraft/optifine/cit/plushie/videogames2vitrina/croftv.properties
20a62aed2c2ffebeacd2d5a7375ab972f4fa9200,7362,assets/minecraft/optifine/cit/plushie/videogames2vitrina/croftv.json
a4d7be2f8af1f0512d88a930f43b0676665372c1,3597,assets/minecraft/optifine/cit/plushie/videogames2vitrina/dvav.png
47edced1f5ce57f6ff06f69eb389a9e67fa188fd,7380,assets/minecraft/optifine/cit/plushie/videogames2vitrina/dvav.json
8acf4973d2a9c0b0aed3464881776974559968e5,7386,assets/minecraft/optifine/cit/plushie/videogames2vitrina/chunliv.json
e2d79ba4ce7d19569b8646b4909e3bb1bc94f8a7,1604,assets/minecraft/optifine/cit/plushie/videogames2vitrina/agent47v.png
289c3d8264565f2abb533e22b76f0fbe222059ef,4224,assets/minecraft/optifine/cit/plushie/videogames2vitrina/dantev.png
967406f681d252ae064b6d956f341ed05403074e,7382,assets/minecraft/optifine/cit/plushie/videogames2vitrina/leonv.json
4260bfbc0e06b8234ccea2ac385d4bf632cad9da,3182,assets/minecraft/optifine/cit/plushie/videogames2vitrina/leonv.png
680369029fc6b9717b5e6999875830cfd9f612bb,215,assets/minecraft/optifine/cit/plushie/videogames2vitrina/chunliv.properties
f5895f27a85bf1c2f20f425b238f40fd87248e58,145,assets/minecraft/optifine/cit/plushie/customcollection/seyfox.properties
75224f133a072768cb27bd2fbe09623d977d6747,10829,assets/minecraft/optifine/cit/plushie/customcollection/tsushima_ghost.json
a06c26b958cf5018cbfff265bab770ab7c5d8329,7361,assets/minecraft/optifine/cit/plushie/customcollection/six.json
5d7605343be51d2bad2ca861a6b59d0041c05de4,3922,assets/minecraft/optifine/cit/plushie/customcollection/vivo.json
0fc8ed8115cf8575c9b31d1fc9584d64582160bb,2641,assets/minecraft/optifine/cit/plushie/customcollection/neiro.png
29796ea641ccd59fe0cb7e8482432c047759995f,155,assets/minecraft/optifine/cit/plushie/customcollection/abudabi.properties
0a336431c198bdab8fa27c5533b3cfeb5c350191,4670,assets/minecraft/optifine/cit/plushie/customcollection/amid_key.json
2f5fa7854bd707e4b90e5df13095d43eaf4e6ab1,2709,assets/minecraft/optifine/cit/plushie/customcollection/dyrachito.png
bd9c1e2bd45711674c47f4130bc790345a48f012,7381,assets/minecraft/optifine/cit/plushie/customcollection/utka.json
91d057c80a4bfba818816744eb8fbdd2b4a0f6a8,7367,assets/minecraft/optifine/cit/plushie/customcollection/dyrachito.json
f092d924688271956958a9f21cf4d56c956cbc9b,3531,assets/minecraft/optifine/cit/plushie/customcollection/junogc_.png
6982ce62c9b697be3ac732c4b8695a68b2f0bc52,144,assets/minecraft/optifine/cit/plushie/customcollection/denlio.properties
c63fe1bfb4cf70e7c8525878e220b6a1e5b943f7,4341,assets/minecraft/optifine/cit/plushie/customcollection/noxxylx.png
3b15e0f421e65a2d7a2c9bd28e765e4b3e809203,7390,assets/minecraft/optifine/cit/plushie/customcollection/yugumba.json
7fcf8dad1996b53a2cebd38e64572bc25ccae753,7363,assets/minecraft/optifine/cit/plushie/customcollection/neiro.json
3c1390a048bee837d696e47a589091434d259bc0,3021,assets/minecraft/optifine/cit/plushie/customcollection/yugumba.png
1734dfea9c475d9dff0d0d50ce398627a01de449,150,assets/minecraft/optifine/cit/plushie/customcollection/shibaguin.properties
9ea6ced3b16b0c5b4d085f0974a8a74ea5368b4a,341,assets/minecraft/optifine/cit/plushie/customcollection/denlio_wings.png
c7a06bdc0da48342a90b2ceb7a4a1712285514f8,153,assets/minecraft/optifine/cit/plushie/customcollection/honda.properties
e714d1fdaae95aa8bfc1763ad41329e672250999,7386,assets/minecraft/optifine/cit/plushie/customcollection/hanov.json
f34068cf62386df6664ec6706c42bea2b464038b,3118,assets/minecraft/optifine/cit/plushie/customcollection/seyfox.png
fa2707bbd8b98210fd620274b6496001be74b63f,1027,assets/minecraft/optifine/cit/plushie/customcollection/hanov.png
e49b911d4feba5217c4c641ccf485bcf223113a8,145,assets/minecraft/optifine/cit/plushie/customcollection/junogc_.properties
482c7fcab78ccbca1b33ddc06ce1f9cfc7efb1ad,3168,assets/minecraft/optifine/cit/plushie/customcollection/denlio.png
011471206d70dce895eed309a50213850efd6892,141,assets/minecraft/optifine/cit/plushie/customcollection/tsushima_years.png
d2fc8b68bf39f6905056b792f3b2d675d48976b6,234,assets/minecraft/optifine/cit/plushie/customcollection/amid_key.properties
037ca394cd7154f073b5295d01d1aa9f5020dfdb,2217,assets/minecraft/optifine/cit/plushie/customcollection/shibaguin.png
41730830f03e2c630d2b466b82a87aeb20c29ca9,1536,assets/minecraft/optifine/cit/plushie/customcollection/vivo.png
a86906ae953454bb7f3443973fe17808c8fa9431,2389,assets/minecraft/optifine/cit/plushie/customcollection/tsushima_ghost.png
ac5aa1396e373788d0c84809c4c708c4ce4ffce4,7386,assets/minecraft/optifine/cit/plushie/customcollection/honda.json
861d83c983f67f976d6c1886ff8bcb8093b42bb3,154,assets/minecraft/optifine/cit/plushie/customcollection/kirusha.properties
37da00379e0d29c208a190a89661d0fb2e88cb7c,2708,assets/minecraft/optifine/cit/plushie/customcollection/six.png
1f4df7bebec5f2def513bc956d737b4df44ddb00,650,assets/minecraft/optifine/cit/plushie/customcollection/amid_key.png
87ded18712678dbeb75779f498ee01d3ef008a19,7386,assets/minecraft/optifine/cit/plushie/customcollection/abudabi.json
cdcce03e3283e2f6aa23484b2cb3eea9f5ce2c4c,7362,assets/minecraft/optifine/cit/plushie/customcollection/seyfox.json
a2bb720f5db82cfb0da433ed558f55ada1ebaaa7,2477,assets/minecraft/optifine/cit/plushie/customcollection/kirusha.png
e3ab7ca43c9682faeaff833333f1e881994654fd,159,assets/minecraft/optifine/cit/plushie/customcollection/tsushima_ghost.properties
6faa999d96844f350a3f683e527484d42a4444eb,7394,assets/minecraft/optifine/cit/plushie/customcollection/shibaguin.json
8cfabe4833a007ebeb487a83e0066653ab854def,148,assets/minecraft/optifine/cit/plushie/customcollection/neiro.properties
35e16111d5874a331493bcf1e9fe6f849515835c,7390,assets/minecraft/optifine/cit/plushie/customcollection/noxxylx.json
5b1a278f7528eb79d6163700de51a440017a9eb5,146,assets/minecraft/optifine/cit/plushie/customcollection/holotry.properties
17a8668438efded01b6b9f47923c53d370e3fde9,150,assets/minecraft/optifine/cit/plushie/customcollection/dyrachito.properties
85d246741cfa901f5e5a7f4d4599943a6faecc97,3941,assets/minecraft/optifine/cit/plushie/customcollection/holotry.png
9a992172a558aec74b13f6b1ceeb3449cb111c9b,151,assets/minecraft/optifine/cit/plushie/customcollection/six.properties
57ad05c9e10db31234627e73169e851329c38c32,7390,assets/minecraft/optifine/cit/plushie/customcollection/kirusha.json
91e563f7d1ba55e9ad43a1007043511692abf9b9,2350,assets/minecraft/optifine/cit/plushie/customcollection/utka.png
487430d1878b4132bff81ca9931481c5fa543cb5,7390,assets/minecraft/optifine/cit/plushie/customcollection/holotry.json
5dfaa3cb086d9b7e65fcc69dfff7922ea4a9bda7,151,assets/minecraft/optifine/cit/plushie/customcollection/utka.properties
6ce11e07cad9e8b6286c6c0968476acc502b22a4,188,assets/minecraft/optifine/cit/plushie/customcollection/vivo.properties
add33497399e26e7d095301beca7b32def860f9f,142,assets/minecraft/optifine/cit/plushie/customcollection/hanov.properties
97d43149e86ae9b2e615b26d2b07a4f58389fd68,146,assets/minecraft/optifine/cit/plushie/customcollection/noxxylx.properties
0b5a40a70d1bec20930dd394c72d851819260ba5,21592,assets/minecraft/optifine/cit/plushie/customcollection/denlio.json
7a15ed5bbb30941c210fe9cb6c4b114b8b994c37,714,assets/minecraft/optifine/cit/plushie/customcollection/abudabi.png
9d295653bbf905da1b32590c13a89e2329fabbb2,2158,assets/minecraft/optifine/cit/plushie/customcollection/honda.png
25ef0d58170b9b2fbe27368b720cd9b644808423,7386,assets/minecraft/optifine/cit/plushie/customcollection/junogc_.json
97426bcdf0227260689eeb8769d6d76aed763283,146,assets/minecraft/optifine/cit/plushie/customcollection/yugumba.properties
b8c74d784fe8485604fce53b2311b264947b04be,2822,assets/minecraft/optifine/cit/plushie/splegendsexcluisve/nikolskiye.png
4b7bbf28e647b1bd6c201c3353f3d0b39097c330,7762,assets/minecraft/optifine/cit/plushie/splegendsexcluisve/zvezdae.json
1f6e5ff4e8466f88f7d2e2238df1b70a56bae34b,170,assets/minecraft/optifine/cit/plushie/splegendsexcluisve/cottae_roga.png
6e5c3c30205ef45230fc0c1fad68344774ca5135,225,assets/minecraft/optifine/cit/plushie/splegendsexcluisve/milyane.properties
16c495db17cc7537ce374144f578743dc026404e,7728,assets/minecraft/optifine/cit/plushie/splegendsexcluisve/perche.json
8ca74e745e4ddf5883014fa0f8e07873a5f0f34d,269,assets/minecraft/optifine/cit/plushie/splegendsexcluisve/mrbrisone_tnt.png
1294931f6f404221f98b85365803258fd9cc2779,7759,assets/minecraft/optifine/cit/plushie/splegendsexcluisve/mrbrisone.json
abb8c898264393d85e3297536eefe64cd3519cf5,125,assets/minecraft/optifine/cit/plushie/splegendsexcluisve/milyane_plus.png
4e4d3c08abb00e002e734051c0cdf14460a6b786,2346,assets/minecraft/optifine/cit/plushie/splegendsexcluisve/qu1nse.png
0ffd47aa82ed3e8076393b06ef89f1b00d33708a,249,assets/minecraft/optifine/cit/plushie/splegendsexcluisve/happye.properties
8696464827d0d03086f67872b0a8ea796dfb815a,8852,assets/minecraft/optifine/cit/plushie/splegendsexcluisve/cottae.json
d7ce67da24815e8ddd428829fab5393e3ca14660,7760,assets/minecraft/optifine/cit/plushie/splegendsexcluisve/korowwae.json
d1bad99ab0bdc5ec32e439521517726d72278fec,2401,assets/minecraft/optifine/cit/plushie/splegendsexcluisve/perche.png
6d0b7e680b5f8a97fa01ec0841c554e5679939c1,263,assets/minecraft/optifine/cit/plushie/splegendsexcluisve/desinove.properties
8a77d372456fefa8945cd2a4d3b68e77a3590105,7503,assets/minecraft/optifine/cit/plushie/splegendsexcluisve/happye.json
db63b5fdbef7e755dfc8dae7a0ef156c1120786d,7755,assets/minecraft/optifine/cit/plushie/splegendsexcluisve/milyane.json
8273255966ce6c78f9d0c9f0b5fc3f328ad3d485,249,assets/minecraft/optifine/cit/plushie/splegendsexcluisve/perche.properties
6d34c0fa3a3b94e3ea9186edaa65b08d18950fb1,224,assets/minecraft/optifine/cit/plushie/splegendsexcluisve/qu1nse.properties
955758ac207b29050795bb4ec63cc11176f2cf15,3998,assets/minecraft/optifine/cit/plushie/splegendsexcluisve/cottae.png
ed93606b6c6b6b5eeb5a5f096a76c84a085d78f3,5943,assets/minecraft/optifine/cit/plushie/splegendsexcluisve/mrbrisone.png
31e0248cde51421c36f322b7a472d99a986d350e,112,assets/minecraft/optifine/cit/plushie/splegendsexcluisve/perche_years.png
08d36339ae67746befe82aed5499866de8b72484,13368,assets/minecraft/optifine/cit/plushie/splegendsexcluisve/5opkae.json
f78c917079991997249cae4dcd08f83170ac0fac,3977,assets/minecraft/optifine/cit/plushie/splegendsexcluisve/5opkae.png
fea6a69883647f794b894f809be367b930bec69b,2446,assets/minecraft/optifine/cit/plushie/splegendsexcluisve/korowwae.png
0cad94c80789dd3023ad41a7a75ed51c28ada4d0,233,assets/minecraft/optifine/cit/plushie/splegendsexcluisve/mrbrisone.properties
449e7c16deb7087e1e2aa7e3466678fb03307d67,479,assets/minecraft/optifine/cit/plushie/splegendsexcluisve/zvezdae_crystall.png
bebb204bb42994e961bc78ed07a7a128892be52d,8886,assets/minecraft/optifine/cit/plushie/splegendsexcluisve/nikolskiye.json
fd82e0ba6b9f0c072dbccfe28c45ff2e1ee24862,9178,assets/minecraft/optifine/cit/plushie/splegendsexcluisve/desinove.json
44f0cd5acca66f9b516ea7612eae8534618734ee,3271,assets/minecraft/optifine/cit/plushie/splegendsexcluisve/zvezdae.png
515897957544ce5568d1e28e30c58b8ff865ce16,345,assets/minecraft/optifine/cit/plushie/splegendsexcluisve/nikolskiye_nimb.png
80bfe639e6c4c52d75f5860b4d0a40260016a9c5,3405,assets/minecraft/optifine/cit/plushie/splegendsexcluisve/happye.png
d994893d2ff97c2b72b8fab4ab36ed7464835c47,3510,assets/minecraft/optifine/cit/plushie/splegendsexcluisve/milyane.png
bc938c9589ec2936fa76197c80105677f5a9fb11,138,assets/minecraft/optifine/cit/plushie/splegendsexcluisve/desinove_smile.png
528269fb01940fe0e312dd8dcdd7753274f5b7a2,7729,assets/minecraft/optifine/cit/plushie/splegendsexcluisve/qu1nse.json
573527b4f684c2b663a2a6ff6f25275c8f3b063e,232,assets/minecraft/optifine/cit/plushie/splegendsexcluisve/zvezdae.properties
3ae311bf5c646b5ae885837f3fdf5b89b99c3abd,258,assets/minecraft/optifine/cit/plushie/splegendsexcluisve/nikolskiye.properties
7466ad5502a907649011a4f1d787bc47709d4a97,2403,assets/minecraft/optifine/cit/plushie/splegendsexcluisve/desinove.png
a90902bf8bf628eb01980ea9ab0f8cbe74b14027,238,assets/minecraft/optifine/cit/plushie/splegendsexcluisve/korowwae.properties
f76d18a3581674743dd92bbf6acd8a70f2bd7713,190,assets/minecraft/optifine/cit/plushie/splegendsexcluisve/korowwae_money.png
79a133d614118dc159dd10206729dd20e2c47dce,158,assets/minecraft/optifine/cit/plushie/splegendsexcluisve/qu1nse_desten.png
d013ee9a8960bea2b4b84ad8ec4143a1332e49ed,446,assets/minecraft/optifine/cit/plushie/splegendsexcluisve/5opkae_23.png
ba3b47d0811a7b7eeaae53bf34f6ca80529e2072,248,assets/minecraft/optifine/cit/plushie/splegendsexcluisve/cottae.properties
8adeca5c2d360c77e04b20b56809580630583b59,236,assets/minecraft/optifine/cit/plushie/splegendsexcluisve/5opkae.properties
7bbe658aa78c9bfe01de0377aa6bf0cd0b735ff0,171,assets/minecraft/optifine/cit/plushie/animecollection/zen.properties
d495d6b0d45cd56cf12aa2601818125a6e095f3e,13341,assets/minecraft/optifine/cit/plushie/animecollection/aang.json
f43d2aa0c65a5141de97b13868bfb8b024c163e1,3349,assets/minecraft/optifine/cit/plushie/animecollection/gojo.png
3cd23165b4298fc6df792e4aed2278a36f4dc61a,139,assets/minecraft/optifine/cit/plushie/animecollection/l.properties
85d331f0f4e506f85419d0b7c4e9242389a3dff5,3316,assets/minecraft/optifine/cit/plushie/animecollection/l.png
e5647031eacb2857e25eabb7224fbf6f4b1bfc0c,463,assets/minecraft/optifine/cit/plushie/animecollection/saitama_ok.png
5eba079a3a20598b9120b7a2399c3bfa45c93f8d,538,assets/minecraft/optifine/cit/plushie/animecollection/l_note.png
ba30eef43fb73d3196b46694a41ad5aaaa90ae7b,7410,assets/minecraft/optifine/cit/plushie/animecollection/asuka.json
560d94f16ba8c2ac6e36e8ce3e94adbe9ca5f76b,575,assets/minecraft/optifine/cit/plushie/animecollection/aang_icefire.png
3cfe91ac8f0b9795bfb68c85202d916996ab0e74,161,assets/minecraft/optifine/cit/plushie/animecollection/asuka.properties
f90b3c6f3717e52f78a27bdc06f98bac8fd7d548,160,assets/minecraft/optifine/cit/plushie/animecollection/aang.properties
ef043e1e44158b1eaece007074bdd324ea2223ed,7411,assets/minecraft/optifine/cit/plushie/animecollection/jotaro.json
3bc7156c5c4920348b3c248cc0a11aa2bd2207a9,203,assets/minecraft/optifine/cit/plushie/animecollection/gojo.properties
96f247563ce2a417aad3476747e1af9b682ce806,2904,assets/minecraft/optifine/cit/plushie/animecollection/aang.png
8f9b4cc9a3e8495e33c87b455774b17a1409fb1a,2382,assets/minecraft/optifine/cit/plushie/animecollection/mai.png
0102dc6dd23ffc964f252f820dffa80ee3322702,3251,assets/minecraft/optifine/cit/plushie/animecollection/rem.png
43f029ac227456bd07aa8cc6e7780b1aafaa86b7,273,assets/minecraft/optifine/cit/plushie/animecollection/goku_kameha.png
35f272d10f829f6c8f06c4a0c861e86e4c315cfd,220,assets/minecraft/optifine/cit/plushie/animecollection/mai.properties
b52b02747909eb78ac2f584d2c24d57b2f89f4db,167,assets/minecraft/optifine/cit/plushie/animecollection/luffy.properties
6f21425bef18337f271da8fc67f7b5aa2a4f4f63,1704,assets/minecraft/optifine/cit/plushie/animecollection/saitama.png
8301b735ef50212e008e6ee39cea9545b96bb35a,7385,assets/minecraft/optifine/cit/plushie/animecollection/rem.json
464cd12daf46d832f5831d377005299a559dda4f,493,assets/minecraft/optifine/cit/plushie/animecollection/gojo_sphere.png
bef31621979e427431e30ea91ff04b8914344c8e,7386,assets/minecraft/optifine/cit/plushie/animecollection/star.json
0d04db151194ef68c2d448f1e47fa1a78859e5ff,3149,assets/minecraft/optifine/cit/plushie/animecollection/asuka.png
8e47458607b792f9f42fef355de147444973a1b4,7415,assets/minecraft/optifine/cit/plushie/animecollection/luffy.json
ae409e026499aa99323b5d6f0abc6dbe30e2a203,7406,assets/minecraft/optifine/cit/plushie/animecollection/mai.json
2f2156de3dc47d5c6c5037f2cfea4e2b00579dde,155,assets/minecraft/optifine/cit/plushie/animecollection/zen_cry.png
f7f84f0e60a1b3be49eda0a94b808ee3eb19e70b,181,assets/minecraft/optifine/cit/plushie/animecollection/saitama.properties
3d992b0bd544e592fc0e69583979e2eb578ce361,209,assets/minecraft/optifine/cit/plushie/animecollection/star.properties
29a5c093afd77a77bb24db4aefc3b990c4c42fa3,2860,assets/minecraft/optifine/cit/plushie/animecollection/zen.png
920fa93165926a1c662c88bff0e909452dba0c43,7854,assets/minecraft/optifine/cit/plushie/animecollection/goku.json
9bea0129b5398f9bce7d16842b5e7521bdea5aff,14420,assets/minecraft/optifine/cit/plushie/animecollection/gojo.json
d2d86a99bd7f781c83423b2052fa1633aafdd0f6,2178,assets/minecraft/optifine/cit/plushie/animecollection/jotaro.png
6acb2a17c889587e8c0d5224007421d6f114f156,5203,assets/minecraft/optifine/cit/plushie/animecollection/star.png
2f6ba60fb9d3495c963dbc14ccb5122bc3b5db1b,13860,assets/minecraft/optifine/cit/plushie/animecollection/saitama.json
51c8bb7a7f44573dc870ca302b9c8674ee40b699,153,assets/minecraft/optifine/cit/plushie/animecollection/rem.properties
5789931de652bac6ee8d0196d7d403ab8d47ad2a,180,assets/minecraft/optifine/cit/plushie/animecollection/jotaro.properties
6ee9202b59b791f9fb194b3cf2c1aaaa423ded0f,9704,assets/minecraft/optifine/cit/plushie/animecollection/l.json
3129b24c297e2e3ae76c13cc5a9a69b45e1054ab,7443,assets/minecraft/optifine/cit/plushie/animecollection/goku.png
49def443bcaabb7bd1f84b528ca68f8000c7dcf0,1895,assets/minecraft/optifine/cit/plushie/animecollection/luffy.png
d570a547b1ac753a4ab2ef581c204ea8d6850289,8188,assets/minecraft/optifine/cit/plushie/animecollection/zen.json
59260bbb34189362adf0eab80a6d2eb5d7ce8678,160,assets/minecraft/optifine/cit/plushie/animecollection/goku.properties
cc408c3dadcdb73c7eeb23a36967492d3e7b0d27,219,assets/minecraft/optifine/cit/plushie/videogamescollectionvitrina/paimonv.properties
65d942b58e2990a8f61c1e8e076ec653c39f7a1b,7388,assets/minecraft/optifine/cit/plushie/videogamescollectionvitrina/chiefv.json
d3f85b653d53926a3e1fa2dc60d3b95445485b2f,3890,assets/minecraft/optifine/cit/plushie/videogamescollectionvitrina/linkv.png
27139684a1ace53abad23a1d9ba7cbfb4c9bdbe9,1638,assets/minecraft/optifine/cit/plushie/videogamescollectionvitrina/sonicv.png
65f0b2ecf2534138eed9d7e48a89378f920619bd,7390,assets/minecraft/optifine/cit/plushie/videogamescollectionvitrina/geraltv.json
45933fb7c528405e54137c2ab52376681d6d133f,4365,assets/minecraft/optifine/cit/plushie/videogamescollectionvitrina/paimonv.png
bbf2e35a93179e75425ca6601086f92d3c72fe0e,7388,assets/minecraft/optifine/cit/plushie/videogamescollectionvitrina/sonicv.json
7299d987ade35483a628e9ef9c25946f1eb38cc5,4497,assets/minecraft/optifine/cit/plushie/videogamescollectionvitrina/neonv.png
a01df5f2f4c49256c84083b46c21dedd2b731c3f,7607,assets/minecraft/optifine/cit/plushie/videogamescollectionvitrina/doomv.png
57fc70f6831c7107443513d5b6f5e531cd83f598,7386,assets/minecraft/optifine/cit/plushie/videogamescollectionvitrina/linkv.json
8caa5defef819774a245b95c941c09076c896aa9,7394,assets/minecraft/optifine/cit/plushie/videogamescollectionvitrina/engineerv.json
a2630923a687db0d5991a4c9d481a7b395853ee8,219,assets/minecraft/optifine/cit/plushie/videogamescollectionvitrina/kratosv.properties
002e88f6bb11243a76f0971270c1e8cc428166e7,7390,assets/minecraft/optifine/cit/plushie/videogamescollectionvitrina/paimonv.json
130620dfb8e39ea2cccaf8c4e2041f4056c33e78,7390,assets/minecraft/optifine/cit/plushie/videogamescollectionvitrina/kratosv.json
6fd5346de32d5839e9b88009f57d8c5b986f4213,254,assets/minecraft/optifine/cit/plushie/videogamescollectionvitrina/eziov.properties
857184dc0058f25a7afe9d1f6a2a432c9b45f16f,7386,assets/minecraft/optifine/cit/plushie/videogamescollectionvitrina/neonv.json
75bb64ea1705e0bf34a15386c83779a9b9b7c0cf,215,assets/minecraft/optifine/cit/plushie/videogamescollectionvitrina/chashekv.properties
a225618ee5a75d3cadd28a6416fdfef71b420fc2,2027,assets/minecraft/optifine/cit/plushie/videogamescollectionvitrina/franv.png
38e62a26537b25e136b9bba996eb01dc562c94f0,227,assets/minecraft/optifine/cit/plushie/videogamescollectionvitrina/engineerv.properties
5a9768efe4d689627b803f3b0cabd1b59e6e05aa,225,assets/minecraft/optifine/cit/plushie/videogamescollectionvitrina/geraltv.properties
71b32f728c0cc732830a603f40aaf618228ca415,7386,assets/minecraft/optifine/cit/plushie/videogamescollectionvitrina/doomv.json
d9d8b223a16f859879f6aae4d8e1b6f2fa5b8c6d,205,assets/minecraft/optifine/cit/plushie/videogamescollectionvitrina/neonv.properties
e8e84b2115ba1300e18b826311f179f561415a31,205,assets/minecraft/optifine/cit/plushie/videogamescollectionvitrina/linkv.properties
13afeedf595b7d9306680a21894bf29850d5e73b,237,assets/minecraft/optifine/cit/plushie/videogamescollectionvitrina/chiefv.properties
56cf2bde0cd45fbef6b4eda70dd4e2cf819034ed,230,assets/minecraft/optifine/cit/plushie/videogamescollectionvitrina/franv.properties
9f7f5535e8c154b00254ecaa5c023fd4416f80b2,1882,assets/minecraft/optifine/cit/plushie/videogamescollectionvitrina/chashekv.png
acb9aeebcbccc049564f0f4cbd6c9115fa1e7190,4641,assets/minecraft/optifine/cit/plushie/videogamescollectionvitrina/geraltv.png
c04ea17e7560ca85887eeb1ff71b4bbb07e5debf,2106,assets/minecraft/optifine/cit/plushie/videogamescollectionvitrina/engineerv.png
5cc1aa07fdee6be7b2be7d042e6b13994891e21f,5411,assets/minecraft/optifine/cit/plushie/videogamescollectionvitrina/kratosv.png
2724c1d3009fcd5b29385b4038534ffd76c8c557,7366,assets/minecraft/optifine/cit/plushie/videogamescollectionvitrina/chashekv.json
df754eb4ad21a7510f80b44e19343cc7cc6e5fac,7386,assets/minecraft/optifine/cit/plushie/videogamescollectionvitrina/franv.json
d056fadaa7226e692f98ecc875253d931db1fdac,218,assets/minecraft/optifine/cit/plushie/videogamescollectionvitrina/doomv.properties
4fe274c6578f82dd3f637bbe79abd4f4c5bf3a74,7386,assets/minecraft/optifine/cit/plushie/videogamescollectionvitrina/eziov.json
2fa9569a31018d5d69b44de1a79ada1efaf532f3,4144,assets/minecraft/optifine/cit/plushie/videogamescollectionvitrina/chiefv.png
92989e96213d2131530416cb72dbf47556ca4e67,212,assets/minecraft/optifine/cit/plushie/videogamescollectionvitrina/sonicv.properties
09f1b83b2d5336006e5b495290588987630bcb79,4655,assets/minecraft/optifine/cit/plushie/videogamescollectionvitrina/eziov.png
eb1124074c565591cf2fef001249d3d2e2998151,214,assets/minecraft/optifine/cit/plushie/dotacollection/pha.properties
cf9a73608f5806d62d5714e6546478b677f100af,3155,assets/minecraft/optifine/cit/plushie/dotacollection/inv.png
3ec6bf218201e8239f9bbb79ba2de21f66c1dbf9,2699,assets/minecraft/optifine/cit/plushie/dotacollection/kun.png
5aadb8adf8f46cd4604d7aa631884840a8ea9ac5,153,assets/minecraft/optifine/cit/plushie/dotacollection/axe.properties
fe1c98767208c70f5b39eff01281bcccc01d02d3,7362,assets/minecraft/optifine/cit/plushie/dotacollection/ench.json
f5521800f9dc634ac67bf425d713b44157fe9bab,2415,assets/minecraft/optifine/cit/plushie/dotacollection/pha.png
730b6f45b6483a7824d62c63775273b9bce09209,196,assets/minecraft/optifine/cit/plushie/dotacollection/ench.properties
ea529ead327dd1c9aa1204e78c5d9efef4bb64d6,7386,assets/minecraft/optifine/cit/plushie/dotacollection/pudge.json
fce091290404c0a04133219056509d8a6aa8ea5a,3219,assets/minecraft/optifine/cit/plushie/dotacollection/axe.png
cbef0315dc430fe607d9fb83a55115e61cc73dff,161,assets/minecraft/optifine/cit/plushie/dotacollection/pudge.properties
50126d72cb626a58c43ae02c9cab00035f0815ff,174,assets/minecraft/optifine/cit/plushie/dotacollection/lancer.properties
77c470710984d52b5812710882d252c4127553fd,7763,assets/minecraft/optifine/cit/plushie/dotacollection/lancer.png
066ba00c57a5448aaff064463992be49cc0e268c,7361,assets/minecraft/optifine/cit/plushie/dotacollection/axe.json
38e4774d4a5c14d4369a874ad05605855d567bd5,177,assets/minecraft/optifine/cit/plushie/dotacollection/inv.properties
6d68914bff54492be3c17174f6d96bddbaac2dfe,177,assets/minecraft/optifine/cit/plushie/dotacollection/am.properties
ce34a89a364cbbc55bef91da80c666c355cdf73e,7361,assets/minecraft/optifine/cit/plushie/dotacollection/pha.json
fadc859876452f722f3931e4174d57eafe173086,7363,assets/minecraft/optifine/cit/plushie/dotacollection/mirez.json
cf48ba000017a2e9583188ea9185d8a43587724d,4200,assets/minecraft/optifine/cit/plushie/dotacollection/sfsp.png
7222dacf7f0d2936c71c798ee5c7a89d9aaae5a6,7360,assets/minecraft/optifine/cit/plushie/dotacollection/am.json
d5e2493400d79ccbb2095cd5d455521b3541b74f,7361,assets/minecraft/optifine/cit/plushie/dotacollection/inv.json
91b570dc5a5ec4aa73c5ef6c2898b54dfb7e5a3a,4699,assets/minecraft/optifine/cit/plushie/dotacollection/pudge.png
6fe682207481f1479e4bb2a0ed092b15a74c0196,7362,assets/minecraft/optifine/cit/plushie/dotacollection/sfsp.json
0993948f1a66c343b97f325c9bb8a292f6e016ff,2706,assets/minecraft/optifine/cit/plushie/dotacollection/mirez.png
d16107337cb97dc4a5f2d2440a937af22b8089f7,7362,assets/minecraft/optifine/cit/plushie/dotacollection/sven.json
50d8382b765be3ec02094ddc156124f2b3ef92b1,7384,assets/minecraft/optifine/cit/plushie/dotacollection/jgnt.json
16875d37bde4d5504590d94497988a6bb6eda8ad,4796,assets/minecraft/optifine/cit/plushie/dotacollection/ench.png
a5281903d82a6f7f566144b04e545196764d9aa9,3668,assets/minecraft/optifine/cit/plushie/dotacollection/am.png
bfacb4f9dd43804833c94b94447b8d069462c1b7,160,assets/minecraft/optifine/cit/plushie/dotacollection/sven.properties
1cb18353b09d05b379221f7bbb42336a77d4cef6,198,assets/minecraft/optifine/cit/plushie/dotacollection/sfsp.properties
42b4eeb295c51e1ab485ffd620c7be4264044dda,3594,assets/minecraft/optifine/cit/plushie/dotacollection/jgnt.png
a15d1b7393a4c18f541bf59b7eb595d5082cd2cc,202,assets/minecraft/optifine/cit/plushie/dotacollection/jgnt.properties
b7a337b7658e982b60f8b3156fb5d9a23a709564,198,assets/minecraft/optifine/cit/plushie/dotacollection/mirez.properties
d71125b31fc22e13382a5d8a04120d26e94d906e,7364,assets/minecraft/optifine/cit/plushie/dotacollection/lancer.json
26a0891e22668b6fdcc72f91cfedb9cfaf002111,7361,assets/minecraft/optifine/cit/plushie/dotacollection/kun.json
30c9b976dcd83c196fda11ae7858e9429a9a6dbe,171,assets/minecraft/optifine/cit/plushie/dotacollection/kun.properties
15b1e099408f186cefaa8466a5bba80c0e054bef,5863,assets/minecraft/optifine/cit/plushie/dotacollection/sven.png
ebcbbb42a8f4c1dd4cc3eefd548b09a1ba9ca974,152,assets/minecraft/optifine/cit/plushie/splegends2/kotowasik.properties
36bcb42fccca102cc78c3de14b1aa5d1a61b5fc9,143,assets/minecraft/optifine/cit/plushie/splegends2/mreka.properties
d568454c99643f50276c8846f814559671624f23,2899,assets/minecraft/optifine/cit/plushie/splegends2/kirl.png
1b22b8552ae683f58d752fa7d72cfa63861f0096,7390,assets/minecraft/optifine/cit/plushie/splegends2/bannannii.json
960a31662dec51cff68583c84be000b5832e096e,7388,assets/minecraft/optifine/cit/plushie/splegends2/asbomber.json
a57c5f57855c9e01a6599c4f1a345f498dc5cdab,2544,assets/minecraft/optifine/cit/plushie/splegends2/zakyyy.png
56e9c5166605263ab106769047ab4e414d08a2d9,7364,assets/minecraft/optifine/cit/plushie/splegends2/mcmaks32.json
b7bdbb035d555c67d122d7ac5d0b8808017521ea,1179,assets/minecraft/optifine/cit/plushie/splegends2/misterpyatorka.png
1f99277a3d4fd505e79b4549e187dc0322cc4c2b,146,assets/minecraft/optifine/cit/plushie/splegends2/cact00o.properties
4550553ebebd80b0e2741df5db95be1d079ef8cb,7380,assets/minecraft/optifine/cit/plushie/splegends2/kirl.json
ae5006d6dcf0c0e2fccff8960f1cc1c833bfa4a4,144,assets/minecraft/optifine/cit/plushie/splegends2/mrfusy.properties
509fe5ba4e555660384066666ae797f7c4007d11,7386,assets/minecraft/optifine/cit/plushie/splegends2/atrikss.json
abf8861763fded22ed0fdb8362cd36f20d460196,7384,assets/minecraft/optifine/cit/plushie/splegends2/gigilo.json
e0e7950b132eaa5b1d04ab8d10fc1eec83e90dc0,160,assets/minecraft/optifine/cit/plushie/splegends2/misterpyatorka.properties
6ad3b9ee78ae3a9a998095adfd6c72694bee4f11,146,assets/minecraft/optifine/cit/plushie/splegends2/atrikss.properties
27a724e3788db0ab170d3ea005dfc3cb8cf4a0f4,2666,assets/minecraft/optifine/cit/plushie/splegends2/cact00o.png
9f4c8f227b3e1e674e0d1c5bb7ee0976a824552a,140,assets/minecraft/optifine/cit/plushie/splegends2/xycu.properties
51fc881e07d2e9c704f06a7b8e567c395917bb3c,7363,assets/minecraft/optifine/cit/plushie/splegends2/cact00o.json
7d6a9502bb2355eaef100f4fd42d908eb2c6ef78,2664,assets/minecraft/optifine/cit/plushie/splegends2/gigilo.png
4ebe5107b4b1825dae089b5a1ab6de817c5be723,7384,assets/minecraft/optifine/cit/plushie/splegends2/zakyyy.json
2bed86c48e5a6ac0a63fb6afad47eb88487e3bc2,144,assets/minecraft/optifine/cit/plushie/splegends2/gigilo.properties
4f92c2ad27506640a9f6525f931c7932ad92cdad,7361,assets/minecraft/optifine/cit/plushie/splegends2/mreka.json
e302b981292bf7d1c0ab5fb0e9f5bd830733359b,3828,assets/minecraft/optifine/cit/plushie/splegends2/xycu.png
81d34da4bfc67ba3d282127c9afb14f7f32d3ea5,7400,assets/minecraft/optifine/cit/plushie/splegends2/misterpyatorka.json
a4e84e80d1b7469859599c822074b0646c8c1620,3113,assets/minecraft/optifine/cit/plushie/splegends2/mcmaks32.png
aa0a67de200f80e21c17732b505439074bcb2f80,3942,assets/minecraft/optifine/cit/plushie/splegends2/atrikss.png
3c7ac3d8f3499ce43eb938e1c3185bc45157b071,7384,assets/minecraft/optifine/cit/plushie/splegends2/mrfusy.json
800795f8d94241bd5e37e73f34e088d2ef478cf1,152,assets/minecraft/optifine/cit/plushie/splegends2/bannannii.properties
0028c0ce7430cd624d31fd7a6cf0af4dd35cbadf,1247,assets/minecraft/optifine/cit/plushie/splegends2/asbomber.png
1f3d26399da05ecd2e274254387054fd04f50e70,149,assets/minecraft/optifine/cit/plushie/splegends2/mcmaks32.properties
59c8879eb3116cc20d3be4121e4bf84705187192,151,assets/minecraft/optifine/cit/plushie/splegends2/zakyyy.properties
00266ed93819afadefe062b2b767c2cd19a9f327,7360,assets/minecraft/optifine/cit/plushie/splegends2/xycu.json
f7fb58f668a4070b224b19da0928226cdd6295ef,7365,assets/minecraft/optifine/cit/plushie/splegends2/kotowasik.json
22768a7338f5c9ab5b71273254b5fa045c28ea6c,141,assets/minecraft/optifine/cit/plushie/splegends2/kirl.properties
b06b56d3ffccc280bed2586a3c3bef203fca018d,148,assets/minecraft/optifine/cit/plushie/splegends2/asbomber.properties
63e5b8bad5bbb11bb229daf109db2660feedcc9c,2799,assets/minecraft/optifine/cit/plushie/splegends2/mrfusy.png
004cb8dc000324834145e291064e773fac4481f0,2856,assets/minecraft/optifine/cit/plushie/splegends2/bannannii.png
d49c01552431659b14b300623eaab6d41701718e,1807,assets/minecraft/optifine/cit/plushie/splegends2/kotowasik.png
9bfefe08a44a1529b7a7f594c94c8de6c77162d0,667,assets/minecraft/optifine/cit/plushie/splegends2/mreka.png
af7de407cacb405f4f648e94aaff330e1510a3ed,7362,assets/minecraft/optifine/cit/plushie/splegends2vitrina/mrekav.json
e302b981292bf7d1c0ab5fb0e9f5bd830733359b,3828,assets/minecraft/optifine/cit/plushie/splegends2vitrina/xycuv.png
27a724e3788db0ab170d3ea005dfc3cb8cf4a0f4,2666,assets/minecraft/optifine/cit/plushie/splegends2vitrina/cact00ov.png
d97e09cfa514f1c4b734bfb6e32e010f014cde41,197,assets/minecraft/optifine/cit/plushie/splegends2vitrina/zakyyyv.properties
e26dc144e8c6546f079db97c85efefd171a9433f,187,assets/minecraft/optifine/cit/plushie/splegends2vitrina/kirlv.properties
f26f19c95c9466e47c0a6855b48aee714293c4d8,206,assets/minecraft/optifine/cit/plushie/splegends2vitrina/misterpyatorkav.properties
f1498b3a8575d0c8ada13573f042783e61027cbe,190,assets/minecraft/optifine/cit/plushie/splegends2vitrina/gigilov.properties
98781bf182886affb7fef5ca6f6b4611f482b39c,192,assets/minecraft/optifine/cit/plushie/splegends2vitrina/cact00ov.properties
881235a3f56ee452f12fd290f08aa18e17d1d06c,7386,assets/minecraft/optifine/cit/plushie/splegends2vitrina/mrfusyv.json
5c420656318e8b82b759e69dc4fe55c12824f899,7388,assets/minecraft/optifine/cit/plushie/splegends2vitrina/atrikssv.json
004cb8dc000324834145e291064e773fac4481f0,2856,assets/minecraft/optifine/cit/plushie/splegends2vitrina/bannanniiv.png
d49c01552431659b14b300623eaab6d41701718e,1807,assets/minecraft/optifine/cit/plushie/splegends2vitrina/kotowasikv.png
9a192fb69c45c5492d8cf119bd8ce0bc4356ef50,186,assets/minecraft/optifine/cit/plushie/splegends2vitrina/xycuv.properties
63e5b8bad5bbb11bb229daf109db2660feedcc9c,2799,assets/minecraft/optifine/cit/plushie/splegends2vitrina/mrfusyv.png
3afe57f6848d632bb08888f8d1bbfddd6185165e,198,assets/minecraft/optifine/cit/plushie/splegends2vitrina/bannanniiv.properties
7d6a9502bb2355eaef100f4fd42d908eb2c6ef78,2664,assets/minecraft/optifine/cit/plushie/splegends2vitrina/gigilov.png
a4d649ee7ccd700eb38506561f295deca20fec39,7392,assets/minecraft/optifine/cit/plushie/splegends2vitrina/bannanniiv.json
abd8d1765624f55f88b1c6af367992d437c30ca1,7382,assets/minecraft/optifine/cit/plushie/splegends2vitrina/kirlv.json
ef07569b7d46ba9c8c5fe9ec89448cbb2cd57445,7386,assets/minecraft/optifine/cit/plushie/splegends2vitrina/gigilov.json
b7bdbb035d555c67d122d7ac5d0b8808017521ea,1179,assets/minecraft/optifine/cit/plushie/splegends2vitrina/misterpyatorkav.png
0028c0ce7430cd624d31fd7a6cf0af4dd35cbadf,1247,assets/minecraft/optifine/cit/plushie/splegends2vitrina/asbomberv.png
f509bc787d44ff9cfccad1138c5f6b341d85f34d,7386,assets/minecraft/optifine/cit/plushie/splegends2vitrina/zakyyyv.json
d568454c99643f50276c8846f814559671624f23,2899,assets/minecraft/optifine/cit/plushie/splegends2vitrina/kirlv.png
3c6f15ec8d7bea1919a5f6ee2460fef75e7f9494,7402,assets/minecraft/optifine/cit/plushie/splegends2vitrina/misterpyatorkav.json
aa0a67de200f80e21c17732b505439074bcb2f80,3942,assets/minecraft/optifine/cit/plushie/splegends2vitrina/atrikssv.png
74a5c913aa5b70c3e814fa4962f9480bd209bc47,7366,assets/minecraft/optifine/cit/plushie/splegends2vitrina/kotowasikv.json
9bfefe08a44a1529b7a7f594c94c8de6c77162d0,667,assets/minecraft/optifine/cit/plushie/splegends2vitrina/mrekav.png
b0ec69229d827af98ef1632923c90a3238e1b4f1,7361,assets/minecraft/optifine/cit/plushie/splegends2vitrina/xycuv.json
0a425ed885ba0c148f909c584c6ac3e883627280,189,assets/minecraft/optifine/cit/plushie/splegends2vitrina/mrekav.properties
f32a42a27b27db2bbacd10afed3177d2797fe9e5,194,assets/minecraft/optifine/cit/plushie/splegends2vitrina/asbomberv.properties
3d5d6320869010bf01549d3013398df74474c5d4,192,assets/minecraft/optifine/cit/plushie/splegends2vitrina/atrikssv.properties
ba3fe4c95e0a8e19cc1f65b1bad6017cbc72f5d1,198,assets/minecraft/optifine/cit/plushie/splegends2vitrina/kotowasikv.properties
41007f1ae6019371dc53b9c015dc28a00b887f75,7390,assets/minecraft/optifine/cit/plushie/splegends2vitrina/asbomberv.json
a57c5f57855c9e01a6599c4f1a345f498dc5cdab,2544,assets/minecraft/optifine/cit/plushie/splegends2vitrina/zakyyyv.png
4cd76b4eba20715f7a4ade8a5812c5c17a9dbb3e,190,assets/minecraft/optifine/cit/plushie/splegends2vitrina/mrfusyv.properties
e7bbc998b01aab35370dd41c1c6b2ca75bf03330,7364,assets/minecraft/optifine/cit/plushie/splegends2vitrina/cact00ov.json
23a4f181f48339b85bce8a1cf3110019bb7e8db4,7393,assets/minecraft/optifine/cit/plushie/youtubecollectionvitrina/mistikv.json
116ba27ded73ac8fcc447dfbe3ac0b60d51ddfdd,7371,assets/minecraft/optifine/cit/plushie/youtubecollectionvitrina/lololowkav.json
612f50777490bef83e7c11f4290c572daaac8828,4553,assets/minecraft/optifine/cit/plushie/youtubecollectionvitrina/yariklapav.png
8d733b31343f1f4241d593c2602c2fb155bfd1ee,226,assets/minecraft/optifine/cit/plushie/youtubecollectionvitrina/unfinyv.properties
13386e9ac5412d23f45dd8d79ee8e94844444c94,2663,assets/minecraft/optifine/cit/plushie/youtubecollectionvitrina/eeoneguyv.png
4dccc2ba809c36c84974d8233d8e1babd52c912d,220,assets/minecraft/optifine/cit/plushie/youtubecollectionvitrina/mistikv.properties
e659b7354193ff7a40e0715c697db6df19c33e0d,7397,assets/minecraft/optifine/cit/plushie/youtubecollectionvitrina/dilleronv.json
ffdc3980430f67fafef10cda137f0128cfeb5825,241,assets/minecraft/optifine/cit/plushie/youtubecollectionvitrina/minikoticv.properties
10c5797b40d2decdcb0ddde5e5af49bbe25997b1,7387,assets/minecraft/optifine/cit/plushie/youtubecollectionvitrina/aidv.json
c147e508ec6c6e85dc6d58ba2e98d3195a8da455,1903,assets/minecraft/optifine/cit/plushie/youtubecollectionvitrina/laggerv.png
dd6c7ae2eca4455895cbbaf6cd0863db8eb5012c,241,assets/minecraft/optifine/cit/plushie/youtubecollectionvitrina/lololowkav.properties
25a7bb3bc7209f0ab88ab523f4f069a855246f26,7391,assets/minecraft/optifine/cit/plushie/youtubecollectionvitrina/frostv.json
a64c7a5f23c28a9094b8b7821934e5c22fbc9b1b,4321,assets/minecraft/optifine/cit/plushie/youtubecollectionvitrina/frostv.png
75c59045449f853c5a613688f5c04f2e8e9577f7,199,assets/minecraft/optifine/cit/plushie/youtubecollectionvitrina/aidv.properties
3dada1cfc52909fb63cf310f342b79d94f0e19e2,7394,assets/minecraft/optifine/cit/plushie/youtubecollectionvitrina/mrfreezev.json
0fdf7686b6b3e49711781bbe917bf4e8b419542e,3056,assets/minecraft/optifine/cit/plushie/youtubecollectionvitrina/mrfreezev.png
293b13388b9a3c3a93f3b560a8ef93f7e29e0ba9,1068,assets/minecraft/optifine/cit/plushie/youtubecollectionvitrina/minikoticv.png
e31cdc07f61519f891aa32593f7eb9b0c50eed51,7395,assets/minecraft/optifine/cit/plushie/youtubecollectionvitrina/firamirv.json
018b12fd6cdc2caf113af3c2155e26c6ebb96029,2652,assets/minecraft/optifine/cit/plushie/youtubecollectionvitrina/mistikv.png
5671222130269a805b25f688edb4e3a4838429bf,227,assets/minecraft/optifine/cit/plushie/youtubecollectionvitrina/firamirv.properties
7ebeb3e000b61e17e643006c636a3011131ebbed,7399,assets/minecraft/optifine/cit/plushie/youtubecollectionvitrina/minikoticv.json
afaed18e59f6c6745006a2abcced4239131c12c2,213,assets/minecraft/optifine/cit/plushie/youtubecollectionvitrina/frostv.properties
05eaa7506b894188211f98713223f208d0fb7e75,3290,assets/minecraft/optifine/cit/plushie/youtubecollectionvitrina/lololowkav.png
04041b191b48e9d9ea0a6b4ad730816dd95d12c8,236,assets/minecraft/optifine/cit/plushie/youtubecollectionvitrina/yariklapav.properties
5fe8bf86889cb64f60fbd48e66a61fa58d45c658,7393,assets/minecraft/optifine/cit/plushie/youtubecollectionvitrina/laggerv.json
f72d6f794d25904c61b007dcfba1bd2a6fe5f179,7397,assets/minecraft/optifine/cit/plushie/youtubecollectionvitrina/eeoneguyv.json
cd27c34934b625daad224f9369179ed1eaa8bf83,3324,assets/minecraft/optifine/cit/plushie/youtubecollectionvitrina/aidv.png
7ec7a09fb26b0f4df4a13fcfeba42ea1b1260c6b,220,assets/minecraft/optifine/cit/plushie/youtubecollectionvitrina/laggerv.properties
3456b626dd670ddae702456c4bb35a768a51b226,228,assets/minecraft/optifine/cit/plushie/youtubecollectionvitrina/eeoneguyv.properties
af416da5eb4268631c25d27b1add86811118c808,7393,assets/minecraft/optifine/cit/plushie/youtubecollectionvitrina/unfinyv.json
05766fa74cd15f8b775334fc806d90f98e749209,3452,assets/minecraft/optifine/cit/plushie/youtubecollectionvitrina/dilleronv.png
33730c997109aa9ae2ad35a62e79320704dea94e,234,assets/minecraft/optifine/cit/plushie/youtubecollectionvitrina/dilleronv.properties
f9deb48808eda516b4b68c62d1f7d212ebcfd6ff,247,assets/minecraft/optifine/cit/plushie/youtubecollectionvitrina/mrfreezev.properties
1b9185fb332d13282d775cbd56a36b12bdfc89ef,3352,assets/minecraft/optifine/cit/plushie/youtubecollectionvitrina/unfinyv.png
84a9fb26b660c125b8743038481c14e2667ddb99,7399,assets/minecraft/optifine/cit/plushie/youtubecollectionvitrina/yariklapav.json
875b7b6f7e6c890359b9543caa7804ce0deab230,3293,assets/minecraft/optifine/cit/plushie/youtubecollectionvitrina/firamirv.png
79a133d614118dc159dd10206729dd20e2c47dce,158,assets/minecraft/optifine/cit/plushie/splegends/qu1ns_desten.png
31e0248cde51421c36f322b7a472d99a986d350e,112,assets/minecraft/optifine/cit/plushie/splegends/perch_years.png
80a8bbb93fb6b5f83f398c38c8f6463e8a994a60,7756,assets/minecraft/optifine/cit/plushie/splegends/mrbrison.json
80bfe639e6c4c52d75f5860b4d0a40260016a9c5,3405,assets/minecraft/optifine/cit/plushie/splegends/happy.png
449e7c16deb7087e1e2aa7e3466678fb03307d67,479,assets/minecraft/optifine/cit/plushie/splegends/zvezda_crystall.png
d994893d2ff97c2b72b8fab4ab36ed7464835c47,3510,assets/minecraft/optifine/cit/plushie/splegends/milyan.png
090b8688a28e4183b0609c5c586e1b744735fe82,206,assets/minecraft/optifine/cit/plushie/splegends/desinov.properties
7ef30273a8695873d53c2310ff6aaf831145fd0d,7726,assets/minecraft/optifine/cit/plushie/splegends/perch.json
f78c917079991997249cae4dcd08f83170ac0fac,3977,assets/minecraft/optifine/cit/plushie/splegends/5opka.png
f74dbb19ec26d30455afa4f60a8e4b1e5a553edf,7501,assets/minecraft/optifine/cit/plushie/splegends/happy.json
ddb4e28f115cfff35d8825125bc21819bd39c375,200,assets/minecraft/optifine/cit/plushie/splegends/nikolskiy.properties
8b422f3c033cf119986eb9f2e81b0532fcf20da5,7757,assets/minecraft/optifine/cit/plushie/splegends/korowwa.json
d1bad99ab0bdc5ec32e439521517726d72278fec,2401,assets/minecraft/optifine/cit/plushie/splegends/perch.png
fea6a69883647f794b894f809be367b930bec69b,2446,assets/minecraft/optifine/cit/plushie/splegends/korowwa.png
f79a5a4b1d5822cd5c85d6342236c8a570aa0919,8850,assets/minecraft/optifine/cit/plushie/splegends/cotta.json
bc938c9589ec2936fa76197c80105677f5a9fb11,138,assets/minecraft/optifine/cit/plushie/splegends/desinov_smile.png
1f6e5ff4e8466f88f7d2e2238df1b70a56bae34b,170,assets/minecraft/optifine/cit/plushie/splegends/cotta_roga.png
4d43d06d2851d202039a7d91d4f2ba3e54945230,179,assets/minecraft/optifine/cit/plushie/splegends/5opka.properties
955758ac207b29050795bb4ec63cc11176f2cf15,3998,assets/minecraft/optifine/cit/plushie/splegends/cotta.png
abb8c898264393d85e3297536eefe64cd3519cf5,125,assets/minecraft/optifine/cit/plushie/splegends/milyan_plus.png
7466ad5502a907649011a4f1d787bc47709d4a97,2403,assets/minecraft/optifine/cit/plushie/splegends/desinov.png
d013ee9a8960bea2b4b84ad8ec4143a1332e49ed,446,assets/minecraft/optifine/cit/plushie/splegends/5opka_23.png
85b3585317d6d6471c3b714ebfee1a5ca93335ec,174,assets/minecraft/optifine/cit/plushie/splegends/zvezda.properties
ed93606b6c6b6b5eeb5a5f096a76c84a085d78f3,5943,assets/minecraft/optifine/cit/plushie/splegends/mrbrison.png
8ca74e745e4ddf5883014fa0f8e07873a5f0f34d,269,assets/minecraft/optifine/cit/plushie/splegends/mrbrison_tnt.png
c3cc79fa650480335c252cc1abfc67903a0984c2,7752,assets/minecraft/optifine/cit/plushie/splegends/milyan.json
a4a26171c7e1f4235dd85802e91414c1bbdeea17,191,assets/minecraft/optifine/cit/plushie/splegends/cotta.properties
87df4a1b5258235d39e5cd7f1521a45bbdb36867,8883,assets/minecraft/optifine/cit/plushie/splegends/nikolskiy.json
b8c74d784fe8485604fce53b2311b264947b04be,2822,assets/minecraft/optifine/cit/plushie/splegends/nikolskiy.png
aca7557f0b8164fad051ff71837c09eea490a944,168,assets/minecraft/optifine/cit/plushie/splegends/milyan.properties
e6c6f537e9fb20b6155d000169f4db977231610c,13365,assets/minecraft/optifine/cit/plushie/splegends/5opka.json
f76d18a3581674743dd92bbf6acd8a70f2bd7713,190,assets/minecraft/optifine/cit/plushie/splegends/korowwa_money.png
09111f78553c8bbe74737f88aa23f9e0d52c3d89,7727,assets/minecraft/optifine/cit/plushie/splegends/qu1ns.json
4631d325575d387edaa19010e92499769649f175,176,assets/minecraft/optifine/cit/plushie/splegends/mrbrison.properties
87c35d4de390194ba730213c74012ef5c739edd9,191,assets/minecraft/optifine/cit/plushie/splegends/perch.properties
0558a159c9872bdf6f90a229c40c2202499c2448,7759,assets/minecraft/optifine/cit/plushie/splegends/zvezda.json
0c3b77d8afe53d0e33e2d5a81303b9a2b8858b65,192,assets/minecraft/optifine/cit/plushie/splegends/happy.properties
4e4d3c08abb00e002e734051c0cdf14460a6b786,2346,assets/minecraft/optifine/cit/plushie/splegends/qu1ns.png
515897957544ce5568d1e28e30c58b8ff865ce16,345,assets/minecraft/optifine/cit/plushie/splegends/nikolskiy_nimb.png
5ff31733041d88c96840c5027bf140045c9b0cd7,180,assets/minecraft/optifine/cit/plushie/splegends/korowwa.properties
0e36af618f8c415e26abfbde5e1ae6ed86e05335,167,assets/minecraft/optifine/cit/plushie/splegends/qu1ns.properties
44f0cd5acca66f9b516ea7612eae8534618734ee,3271,assets/minecraft/optifine/cit/plushie/splegends/zvezda.png
00644e9aac76ece32d942d8e9cf441def5074868,9176,assets/minecraft/optifine/cit/plushie/splegends/desinov.json
5987863c15dcee6b35bfc18b69be4356989f7704,7378,assets/minecraft/optifine/cit/plushie/videogames2collection/dva.json
131b982c6b7d37788b6cc13bcc728ced5ac92b49,3591,assets/minecraft/optifine/cit/plushie/videogames2collection/gordon.png
9866ddeb0d8d4567e33ecbe0a66501a01b327e7c,7380,assets/minecraft/optifine/cit/plushie/videogames2collection/leon.json
64773434b7c207b65d448ce08ba8f529794e7621,7384,assets/minecraft/optifine/cit/plushie/videogames2collection/arthur.json
22565a44c5f89fb539bbd2b4f65819311b0c5480,251,assets/minecraft/optifine/cit/plushie/videogames2collection/tomatohead.properties
7449affec38d0968b0e4d7fa4854f885859f4aa1,7382,assets/minecraft/optifine/cit/plushie/videogames2collection/mario.json
d6e261f2edd4449dfbeb3c86f448015c0ec6f87c,161,assets/minecraft/optifine/cit/plushie/videogames2collection/ellie.properties
6dd7bb2c7b7ffad70874a83dea1071d336202acb,7390,assets/minecraft/optifine/cit/plushie/videogames2collection/agent47.json
289c3d8264565f2abb533e22b76f0fbe222059ef,4224,assets/minecraft/optifine/cit/plushie/videogames2collection/dante.png
9b6b56d0e14248d40c36a8084c90519ab23c4061,7361,assets/minecraft/optifine/cit/plushie/videogames2collection/croft.json
3aba7607c7b8e2c76987c16b55813849ef16b10a,7392,assets/minecraft/optifine/cit/plushie/videogames2collection/tomatohead.json
b51a20176732fc0b8bd1c55c19ccd8731b39101d,7362,assets/minecraft/optifine/cit/plushie/videogames2collection/gordon.json
836917007c04d58b3f80a0340e20dccd9eb02bed,169,assets/minecraft/optifine/cit/plushie/videogames2collection/chunli.properties
b9e8f1758e03a13f5ca50ce84aaa0eee58d3957e,7384,assets/minecraft/optifine/cit/plushie/videogames2collection/chunli.json
f379f5ae0adf057b321afd9b8d6ef63b623ef649,3984,assets/minecraft/optifine/cit/plushie/videogames2collection/arthur.png
a4d7be2f8af1f0512d88a930f43b0676665372c1,3597,assets/minecraft/optifine/cit/plushie/videogames2collection/dva.png
887b74ba4856d8c3b4e634717100fd80755231e6,7382,assets/minecraft/optifine/cit/plushie/videogames2collection/dante.json
98ed0f53f1469cd05dd69135b1515b9401503c09,211,assets/minecraft/optifine/cit/plushie/videogames2collection/gordon.properties
2b74734ff7443716142f39659d7c54a433ef0d7b,7382,assets/minecraft/optifine/cit/plushie/videogames2collection/ellie.json
6c0d9474ba705f1e6d5bff78db274222c8b5c61c,3466,assets/minecraft/optifine/cit/plushie/videogames2collection/croft.png
9f82f50be2c47bdf6229ec96ed28e41f6b833265,192,assets/minecraft/optifine/cit/plushie/videogames2collection/croft.properties
d813ddb71a6af7e9ed5f2d771091cbdc87d175cc,203,assets/minecraft/optifine/cit/plushie/videogames2collection/leon.properties
ef15512fef5351315d3715a4cb4dc1792fb62e13,2537,assets/minecraft/optifine/cit/plushie/videogames2collection/b2.png
b37d3904b056f6654fcd4e63f4348d8d33626b34,205,assets/minecraft/optifine/cit/plushie/videogames2collection/arthur.properties
749143fc9323a2aae51cad0b6e6095f48ad959c4,7360,assets/minecraft/optifine/cit/plushie/videogames2collection/b2.json
9a307eeffa002277461a66254f5d1507a9017dd0,1649,assets/minecraft/optifine/cit/plushie/videogames2collection/mario.png
bf3e2555cb9de7ecc297a04429d07aec885f1ec2,136,assets/minecraft/optifine/cit/plushie/videogames2collection/b2.properties
e2d79ba4ce7d19569b8646b4909e3bb1bc94f8a7,1604,assets/minecraft/optifine/cit/plushie/videogames2collection/agent47.png
96c348bcea550aa886cb7a29ab3c3ea8570770c0,216,assets/minecraft/optifine/cit/plushie/videogames2collection/dante.properties
06b12145d2f0bb10f3a11fc4690c13c349865947,167,assets/minecraft/optifine/cit/plushie/videogames2collection/mario.properties
4260bfbc0e06b8234ccea2ac385d4bf632cad9da,3182,assets/minecraft/optifine/cit/plushie/videogames2collection/leon.png
28348a83c994efce289165009fbb038d9bc6184f,175,assets/minecraft/optifine/cit/plushie/videogames2collection/agent47.properties
26bd5a3679a1a065ee5becf344bfc4a3d5ecf389,2608,assets/minecraft/optifine/cit/plushie/videogames2collection/tomatohead.png
86e99e4b3bf22030dc1d1eab0cd624647afb23f0,139,assets/minecraft/optifine/cit/plushie/videogames2collection/dva.properties
18bb6fad4edfeadd8fdd19c0e1fffcb4a3cd9f14,2309,assets/minecraft/optifine/cit/plushie/videogames2collection/ellie.png
1d3b3d4affd5bd3eea4e5bb43efa9504040b3df8,3672,assets/minecraft/optifine/cit/plushie/videogames2collection/chunli.png
f43d2aa0c65a5141de97b13868bfb8b024c163e1,3349,assets/minecraft/optifine/cit/plushie/animecollectionvitrina/gojov.png
d4ac9f866a8a1089893a68bf4be56c7b19eb4585,7412,assets/minecraft/optifine/cit/plushie/animecollectionvitrina/asukav.json
da5341f9ef45fa0520d503f5d7715cc134a40286,227,assets/minecraft/optifine/cit/plushie/animecollectionvitrina/saitamav.properties
95874089e6f6eb8b8dae314573457348f0a13e27,7408,assets/minecraft/optifine/cit/plushie/animecollectionvitrina/maiv.json
4a9bb6234571b960ec3684af91aba8892d09f811,206,assets/minecraft/optifine/cit/plushie/animecollectionvitrina/aangv.properties
96f247563ce2a417aad3476747e1af9b682ce806,2904,assets/minecraft/optifine/cit/plushie/animecollectionvitrina/aangv.png
a8ae72106fae59c590525f8dc6dd5920391e4420,7417,assets/minecraft/optifine/cit/plushie/animecollectionvitrina/luffyv.json
f82614ea4093bd62ae5ef705d340d3d87c556c43,252,assets/minecraft/optifine/cit/plushie/animecollectionvitrina/gojovv.properties
5eba079a3a20598b9120b7a2399c3bfa45c93f8d,538,assets/minecraft/optifine/cit/plushie/animecollectionvitrina/lv_note.png
8e7a3e55f42d6ac2d3d0e408de831749baada72e,13863,assets/minecraft/optifine/cit/plushie/animecollectionvitrina/saitamav.json
ee6e343d347ed622586366e90a2b066440fb874c,7413,assets/minecraft/optifine/cit/plushie/animecollectionvitrina/jotarov.json
560d94f16ba8c2ac6e36e8ce3e94adbe9ca5f76b,575,assets/minecraft/optifine/cit/plushie/animecollectionvitrina/aangv_icefire.png
066c876cf310a335e18b79177e489dabd47d02d6,7857,assets/minecraft/optifine/cit/plushie/animecollectionvitrina/gokuv.json
85d331f0f4e506f85419d0b7c4e9242389a3dff5,3316,assets/minecraft/optifine/cit/plushie/animecollectionvitrina/lv.png
0102dc6dd23ffc964f252f820dffa80ee3322702,3251,assets/minecraft/optifine/cit/plushie/animecollectionvitrina/remv.png
3129b24c297e2e3ae76c13cc5a9a69b45e1054ab,7443,assets/minecraft/optifine/cit/plushie/animecollectionvitrina/gokuv.png
6d175b52b1dcbc03d4ab1a2f074426ef6debc884,13344,assets/minecraft/optifine/cit/plushie/animecollectionvitrina/aangv.json
29a5c093afd77a77bb24db4aefc3b990c4c42fa3,2860,assets/minecraft/optifine/cit/plushie/animecollectionvitrina/zenv.png
464cd12daf46d832f5831d377005299a559dda4f,493,assets/minecraft/optifine/cit/plushie/animecollectionvitrina/gojovv_sphere.png
8f9b4cc9a3e8495e33c87b455774b17a1409fb1a,2382,assets/minecraft/optifine/cit/plushie/animecollectionvitrina/maiv.png
6f21425bef18337f271da8fc67f7b5aa2a4f4f63,1704,assets/minecraft/optifine/cit/plushie/animecollectionvitrina/saitamav.png
7ad3ce64d2f46f840d9e9ecb40335bd26c4fb6b2,199,assets/minecraft/optifine/cit/plushie/animecollectionvitrina/remv.properties
f43d2aa0c65a5141de97b13868bfb8b024c163e1,3349,assets/minecraft/optifine/cit/plushie/animecollectionvitrina/gojovv.png
e3089533dd45c22b1f752d564baa0c16d1ac501b,185,assets/minecraft/optifine/cit/plushie/animecollectionvitrina/lv.properties
5f4066cb74be133ebe3ed49988a67e0dc6c005c2,213,assets/minecraft/optifine/cit/plushie/animecollectionvitrina/luffyv.properties
43f029ac227456bd07aa8cc6e7780b1aafaa86b7,273,assets/minecraft/optifine/cit/plushie/animecollectionvitrina/gokuv_kameha.png
342c672bc22a0cc0251244dbd0a5e2f24b266b06,8191,assets/minecraft/optifine/cit/plushie/animecollectionvitrina/zenv.json
d2d86a99bd7f781c83423b2052fa1633aafdd0f6,2178,assets/minecraft/optifine/cit/plushie/animecollectionvitrina/jotarov.png
88a04aa9d289ec91930bba0f3e64da4133d274e5,226,assets/minecraft/optifine/cit/plushie/animecollectionvitrina/jotarov.properties
abfd6352baeedb1ef06addf1e193bfbf54bfba30,206,assets/minecraft/optifine/cit/plushie/animecollectionvitrina/gokuv.properties
6b725d5115de90c02a25640fbf02d73885d933d3,217,assets/minecraft/optifine/cit/plushie/animecollectionvitrina/zenv.properties
e5647031eacb2857e25eabb7224fbf6f4b1bfc0c,463,assets/minecraft/optifine/cit/plushie/animecollectionvitrina/saitamav_ok.png
6a71cc11e67cc48683c8eca23eec792e77ee23d0,255,assets/minecraft/optifine/cit/plushie/animecollectionvitrina/starv.properties
4c173a385ab3dad57671c89835fb341f1dda3fa9,266,assets/minecraft/optifine/cit/plushie/animecollectionvitrina/maiv.properties
8d6afd211a46620a2546bc45e4333e3517b4a2a1,14423,assets/minecraft/optifine/cit/plushie/animecollectionvitrina/gojov.json
382e5a845369d02d165486460ab0498f88105f25,14426,assets/minecraft/optifine/cit/plushie/animecollectionvitrina/gojovv.json
e2b0a2589050df05d59b7f1ddec3ec08d873d78e,7386,assets/minecraft/optifine/cit/plushie/animecollectionvitrina/remv.json
6acb2a17c889587e8c0d5224007421d6f114f156,5203,assets/minecraft/optifine/cit/plushie/animecollectionvitrina/starv.png
0d04db151194ef68c2d448f1e47fa1a78859e5ff,3149,assets/minecraft/optifine/cit/plushie/animecollectionvitrina/asukav.png
efe79c445a90730e1fee52f24c61d324092d08f3,7387,assets/minecraft/optifine/cit/plushie/animecollectionvitrina/starv.json
5a1d3a1d3e7d5645fad1bb42d2b2a794a92d5e1b,249,assets/minecraft/optifine/cit/plushie/animecollectionvitrina/gojov.properties
464cd12daf46d832f5831d377005299a559dda4f,493,assets/minecraft/optifine/cit/plushie/animecollectionvitrina/gojov_sphere.png
5f0947e64a9202bb76d7be60d120fde5cb8b5e2d,9707,assets/minecraft/optifine/cit/plushie/animecollectionvitrina/lv.json
5bd7587a04d8bcc0c48f2beb4b148aea864d747b,207,assets/minecraft/optifine/cit/plushie/animecollectionvitrina/asukav.properties
2f2156de3dc47d5c6c5037f2cfea4e2b00579dde,155,assets/minecraft/optifine/cit/plushie/animecollectionvitrina/zenv_cry.png
49def443bcaabb7bd1f84b528ca68f8000c7dcf0,1895,assets/minecraft/optifine/cit/plushie/animecollectionvitrina/luffyv.png
02edd7bcf9caee3bde19d4248fb69a4f45a3868e,249,assets/minecraft/optifine/cit/plushie/filmsseriesvitrina/jackv.properties
51f50acf0e57fa6aa2e3f5d2d5261b976550d830,207,assets/minecraft/optifine/cit/plushie/filmsseriesvitrina/shrekv.properties
c4d8fb85df027f35986e54c57d55d1d852243d5d,1906,assets/minecraft/optifine/cit/plushie/filmsseriesvitrina/wwv.png
18f1d5c1be8fc743dffa193cb7743fbf604031df,7382,assets/minecraft/optifine/cit/plushie/filmsseriesvitrina/jackv.json
665d3fa7cc247ef5cdc5187af22b2c8265f6dbd8,4034,assets/minecraft/optifine/cit/plushie/filmsseriesvitrina/starlordv.png
c618d389c3d59ccc6f7ef90873bfa6c225e215b6,3519,assets/minecraft/optifine/cit/plushie/filmsseriesvitrina/shrekv.png
c0550163a046d7294f25f51f6a62a3df10546977,4717,assets/minecraft/optifine/cit/plushie/filmsseriesvitrina/jack2v.png
dd19537af3b55f6957e437e4abd0c2c8c3f6573b,276,assets/minecraft/optifine/cit/plushie/filmsseriesvitrina/ironmanv.properties
9db3910ee69ea565ce52ee731102e1a9de9b4665,2711,assets/minecraft/optifine/cit/plushie/filmsseriesvitrina/nickv.png
8738da90a37b83ed381c5e667708830f68cf8f06,256,assets/minecraft/optifine/cit/plushie/filmsseriesvitrina/mcflyv.properties
f65ccc2f1b517ddbc0184f289716e976f1445feb,227,assets/minecraft/optifine/cit/plushie/filmsseriesvitrina/robocopv.properties
0bb911b6614aad88ad59c41011dd921f1e52fe75,245,assets/minecraft/optifine/cit/plushie/filmsseriesvitrina/jack2v.properties
529341966733e4533eaeddfa0253d1795eff1bb8,254,assets/minecraft/optifine/cit/plushie/filmsseriesvitrina/spidermanv.properties
c0550163a046d7294f25f51f6a62a3df10546977,4717,assets/minecraft/optifine/cit/plushie/filmsseriesvitrina/jackv.png
21a6c558a9c9689d111ca62d6a7ca04cba933f66,220,assets/minecraft/optifine/cit/plushie/filmsseriesvitrina/batmanv.properties
1841a7f035ceb6947ddec03625da106190c81ca6,7378,assets/minecraft/optifine/cit/plushie/filmsseriesvitrina/wwv.json
1fae751c8471d8288fd1eaedee945aa8b61b2b59,7364,assets/minecraft/optifine/cit/plushie/filmsseriesvitrina/robocopv.json
3cbe0a715d905353f3b3ec612361bac605295c9a,7382,assets/minecraft/optifine/cit/plushie/filmsseriesvitrina/pussv.json
9e2defd01625b2f2ffe03d88b39a3a4c58aebe78,7386,assets/minecraft/optifine/cit/plushie/filmsseriesvitrina/batmanv.json
c6d2260efe3f95438377f108754b99bea02989ad,7390,assets/minecraft/optifine/cit/plushie/filmsseriesvitrina/starlordv.json
7a437a0d27dbb9f2cf425bc04a7274576ce50829,2665,assets/minecraft/optifine/cit/plushie/filmsseriesvitrina/tylerv.png
154aeb5296a06baeb10091eb73d7872989665c99,3337,assets/minecraft/optifine/cit/plushie/filmsseriesvitrina/pussv.png
132d4617c2b1467dfbda58eae969fa0a2fc221d1,7366,assets/minecraft/optifine/cit/plushie/filmsseriesvitrina/spidermanv.json
710d32264ec442b042b823e20bcc591e978b49a5,7362,assets/minecraft/optifine/cit/plushie/filmsseriesvitrina/tylerv.json
4ac5b7864a9dc032fff0a4e7532ce834ca3c9105,7384,assets/minecraft/optifine/cit/plushie/filmsseriesvitrina/jack2v.json
3ae9569c873c00c96c05ae113c77671978b8834a,7384,assets/minecraft/optifine/cit/plushie/filmsseriesvitrina/shrekv.json
130c8258eb9dd7dda50a84f08e1a6b14bb8a5744,7361,assets/minecraft/optifine/cit/plushie/filmsseriesvitrina/nickv.json
39649e3cbe211c25f066de2a879ca607d827b1a6,241,assets/minecraft/optifine/cit/plushie/filmsseriesvitrina/wwv.properties
094eeaf342fca8ff75afc8445e0a1568f0713b88,231,assets/minecraft/optifine/cit/plushie/filmsseriesvitrina/nickv.properties
f8e1af85efd7b21bbc900bef1f7172fee2cd7140,6100,assets/minecraft/optifine/cit/plushie/filmsseriesvitrina/ironmanv.png
f2be65b5b72e2e117ffa7d19b0ba1cd65504de31,3514,assets/minecraft/optifine/cit/plushie/filmsseriesvitrina/spidermanv.png
81ef060f8d176a875b02965baf920422939f740e,259,assets/minecraft/optifine/cit/plushie/filmsseriesvitrina/starlordv.properties
b19c3c3e6019917d69ec04d4b0c7e1cf182c8ae5,256,assets/minecraft/optifine/cit/plushie/filmsseriesvitrina/tylerv.properties
1c163a14d9e59a8fb60351a8516315544d7da328,3434,assets/minecraft/optifine/cit/plushie/filmsseriesvitrina/mcflyv.png
992008461578f4a114863892786d574450cd1ee6,7388,assets/minecraft/optifine/cit/plushie/filmsseriesvitrina/ironmanv.json
760e205e90f851addde2716b3940f210df928450,7384,assets/minecraft/optifine/cit/plushie/filmsseriesvitrina/mcflyv.json
63ac823d235837d85072724359819d9c325092fd,2620,assets/minecraft/optifine/cit/plushie/filmsseriesvitrina/batmanv.png
d62088ab0b5c269c999e11dcc76c7314e906304c,250,assets/minecraft/optifine/cit/plushie/filmsseriesvitrina/pussv.properties
fd3cd0197681765d752dad82e496f283b8b54bc4,3084,assets/minecraft/optifine/cit/plushie/filmsseriesvitrina/robocopv.png
