03b7c819331fc5c72225c1d016ebe6a49840911a,8889,c.json
cd7b95984269d8528229849bf98dd0ee783bfd71,2034,assets/minecraft/optifine/cit/spcities/kolba11/texture1.png
40360e6bfc2cdb796058c7ce99aa8b58b8b4cb16,8265,assets/minecraft/optifine/cit/spcities/kolba11/fire.json
13a42d1570e4d6a05502865ca785c3b280b6a47a,165,assets/minecraft/optifine/cit/spcities/kolba11/fire.properties
7e04ccef32837071d65eb9cb364fdd6510c614ff,2975,assets/minecraft/optifine/cit/spcities/kolba11/texture2.png
cd7b95984269d8528229849bf98dd0ee783bfd71,2034,assets/minecraft/optifine/cit/spcities/kolba2/texture1.png
4a4ef7417d698b1672352701f43088b5adc6b88b,246,assets/minecraft/optifine/cit/spcities/kolba2/zv.properties
965fc55db6348e6b63109c5ad72f54619961fb6e,3880,assets/minecraft/optifine/cit/spcities/kolba2/zv.json
de85b6ba4faf588d8872a34676ec517d1e63dbd0,3410,assets/minecraft/optifine/cit/spcities/kolba2/texture2.png
cd7b95984269d8528229849bf98dd0ee783bfd71,2034,assets/minecraft/optifine/cit/spcities/kolba4/texture1.png
f3c3e19c5e8c0c49dbe930de4f36cbdc4a6d1863,146,assets/minecraft/optifine/cit/spcities/kolba4/insar.properties
cfadf0e8498391b831e6dcf02b53943ee8831e6a,8981,assets/minecraft/optifine/cit/spcities/kolba4/insar.json
5e24a6823c9913a54758b31f514e71bf6dd29ed1,4254,assets/minecraft/optifine/cit/spcities/kolba4/texture2.png
cd7b95984269d8528229849bf98dd0ee783bfd71,2034,assets/minecraft/optifine/cit/spcities/kolba12/texture1.png
2d9b2ae8e6c1ea998a9416a78a1784f21328a05f,16165,assets/minecraft/optifine/cit/spcities/kolba12/fish.json
d5d397253a140643a2fd1a2da303735c78dd889b,158,assets/minecraft/optifine/cit/spcities/kolba12/fish.properties
fca06a9a4f7754d0ec63d694b9fa0186b9dda842,5982,assets/minecraft/optifine/cit/spcities/kolba12/texture2.png
cd7b95984269d8528229849bf98dd0ee783bfd71,2034,assets/minecraft/optifine/cit/spcities/kolba9/texture1.png
d782c44ce4941a819bc97fed281e34fcc7aa8a7d,173,assets/minecraft/optifine/cit/spcities/kolba9/stalgorn.properties
1dd9f50607a15f6ff8aad109843681294df5988f,7672,assets/minecraft/optifine/cit/spcities/kolba9/stalgorn.json
7abab0f56b65d18a0f23faec1cb5bddf1bc8b7c2,4984,assets/minecraft/optifine/cit/spcities/kolba9/texture2.png
cd7b95984269d8528229849bf98dd0ee783bfd71,2034,assets/minecraft/optifine/cit/spcities/kolba13/texture1.png
5f1e158252f2bce4a8af952e51aeca97b12105cb,9549,assets/minecraft/optifine/cit/spcities/kolba13/hub.json
d98975ed27f84be9f25f53db105152704827a246,4523,assets/minecraft/optifine/cit/spcities/kolba13/texture2.png
9e0309704eb97791b76aa9f9931b5425761bc02d,122,assets/minecraft/optifine/cit/spcities/kolba13/hub.properties
cd7b95984269d8528229849bf98dd0ee783bfd71,2034,assets/minecraft/optifine/cit/spcities/kolba10/texture1.png
2ec3f5ed1f68dcff44ca152c17a1814c1c0d39d3,171,assets/minecraft/optifine/cit/spcities/kolba10/tech.properties
128467d087818eee0a03b52e5a94395b54e03512,7490,assets/minecraft/optifine/cit/spcities/kolba10/tech.json
852322a5b9edd42b3f60a3a6876ccb9a795db6f9,4874,assets/minecraft/optifine/cit/spcities/kolba10/texture2.png
cd7b95984269d8528229849bf98dd0ee783bfd71,2034,assets/minecraft/optifine/cit/spcities/kolba8/texture1.png
9cf6f3a176974bd550129e839a5e29529eb5f1a6,13447,assets/minecraft/optifine/cit/spcities/kolba8/spawn.json
7678fc3108725e3b80bef6b25a2d64c38a0df209,6065,assets/minecraft/optifine/cit/spcities/kolba8/texture2.png
974704eb971b998ca5c85fe156873ca84e98a407,138,assets/minecraft/optifine/cit/spcities/kolba8/spawn.properties
cd7b95984269d8528229849bf98dd0ee783bfd71,2034,assets/minecraft/optifine/cit/spcities/kolba7/texture1.png
c7b9b46d2cd214c3dff9ba8e6842aab6aead41fb,151,assets/minecraft/optifine/cit/spcities/kolba7/desten.properties
5f17c225a44b14f5ed2095601e3787730cfa208f,11612,assets/minecraft/optifine/cit/spcities/kolba7/desten.json
93d5c82db8187142cacf33d7ab1362507ed16ad4,5066,assets/minecraft/optifine/cit/spcities/kolba7/texture2.png
cd7b95984269d8528229849bf98dd0ee783bfd71,2034,assets/minecraft/optifine/cit/spcities/kolba14/texture1.png
602d455e586ca8478e5d5a2a0c6938e62aeeb956,12792,assets/minecraft/optifine/cit/spcities/kolba14/ck.json
370203f675abbc6caa7a35ffdfc928f19fc1b2c3,3945,assets/minecraft/optifine/cit/spcities/kolba14/texture2.png
6b4eb1a1cb9530d7c04cd61af8afc9d0f7492a31,205,assets/minecraft/optifine/cit/spcities/kolba14/ck.properties
cd7b95984269d8528229849bf98dd0ee783bfd71,2034,assets/minecraft/optifine/cit/spcities/kolba3/texture1.png
7dcc4ea996b755104628bd041eb8c96d9d3664e8,187,assets/minecraft/optifine/cit/spcities/kolba3/gu.properties
6a2717737fc724fc7f3c65db2b5f41fe150b6aaf,4116,assets/minecraft/optifine/cit/spcities/kolba3/gu.json
9b74468955dab6ef33cd5d6cb304db80353ab41c,125,assets/minecraft/optifine/cit/spcities/kolba3/texture2.png
07464cfdbd770d37f879cee5632b2a08580584e8,1422,assets/minecraft/optifine/cit/spcities/kolba/texture1.png
6458a4258601cd4a675e1ceaf71e549d388424d5,169,assets/minecraft/optifine/cit/spcities/kolba/otso.properties
a11d718817dcea3bb98916b800411165ae9fba5e,13262,assets/minecraft/optifine/cit/spcities/kolba/otso.json
6f2a39b6182e8c3cc50745cae2184d0233874825,3745,assets/minecraft/optifine/cit/spcities/kolba/texture2.png
cd7b95984269d8528229849bf98dd0ee783bfd71,2034,assets/minecraft/optifine/cit/spcities/kolba5/texture1.png
ba09056e2b058a8546a107a5a4d5b15ea1dd8f00,173,assets/minecraft/optifine/cit/spcities/kolba5/multi.properties
85a6044488e153895a226599e11bf839ab9120aa,7563,assets/minecraft/optifine/cit/spcities/kolba5/multi.json
4db4664f691d4f788ede3a8dfddc6ce307a2f768,3894,assets/minecraft/optifine/cit/spcities/kolba5/texture2.png
567e331b3473a780e37551bf2dd116c7a419dbe8,6866,assets/minecraft/optifine/cit/spcities/kolba6/sv.json
cd7b95984269d8528229849bf98dd0ee783bfd71,2034,assets/minecraft/optifine/cit/spcities/kolba6/texture1.png
c2f7c3095fdb4b9d2dc417b2c85a4c3c79bd71d4,4365,assets/minecraft/optifine/cit/spcities/kolba6/texture2.png
0bd2d15bcbb0b97f3c1665cb6fc6651bb1185297,184,assets/minecraft/optifine/cit/spcities/kolba6/sv.properties
cd7b95984269d8528229849bf98dd0ee783bfd71,2034,assets/minecraft/optifine/cit/spcities/kolba15/texture1.png
d030078c50a8eeb4d199c2e6b86cd654891da1b7,163,assets/minecraft/optifine/cit/spcities/kolba15/secret.properties
72050ab0d859a4e6d0129c0b89949744169027f7,2452,assets/minecraft/optifine/cit/spcities/kolba15/secret.json
adae9cda1ffe864550b6ccf574174376b4bd92ca,747,assets/minecraft/optifine/cit/spcities/kolba15/texture2.png
