c7ae9b8af1dd0690b0a797fbef271f1dfb49318b,2521,c.json
615f274b3d58be692d3493de469cb8e559810ded,1050,assets/minecraft/optifine/cit/sphospital/tabletka/tabletki.json
61b17aa8df68a008b2fc606c75db9d0cfb82a793,108,assets/minecraft/optifine/cit/sphospital/tabletka/tabletki.properties
ecc4aa2283b49585b65450b37cb7158460187e6e,251,assets/minecraft/optifine/cit/sphospital/tabletka/texturetabletki.png
a99f4b910b692652f1a6fc80c2e2fa30630300ba,136,assets/minecraft/optifine/cit/sphospital/voda/texturekrishki.png
e427691c6d59d5f7d8bb5a190781f268cf5f553b,254,assets/minecraft/optifine/cit/sphospital/voda/texturesverhu.png
e4af129210c6a912d5d9b654d55369f9311bdcca,177,assets/minecraft/optifine/cit/sphospital/voda/texturepoluchhe.png
30f485535c454d5d9a00aa6217073273b61e939b,2735,assets/minecraft/optifine/cit/sphospital/voda/vodichka.json
c416a1d5a8df7a6bafae253d353a11a53115c0a8,293,assets/minecraft/optifine/cit/sphospital/voda/textureebh.png
cbaaad0347f0685998e1d7ea58ed7b0ef254a6bb,192,assets/minecraft/optifine/cit/sphospital/voda/texturenakleiki.png
d231cac846d4ab2ca29427a21cc431461d486cb4,147,assets/minecraft/optifine/cit/sphospital/voda/vodichka.properties
a64e8665da46028eaaef6fa29a54a09de5a409aa,254,assets/minecraft/optifine/cit/sphospital/piluli/wefert.png
d91bc569c09c550f7118da95e0285f0c13c499ad,1089,assets/minecraft/optifine/cit/sphospital/piluli/plastyri.json
d76760ca109a73f109db31dd742393354486f4ca,97,assets/minecraft/optifine/cit/sphospital/piluli/plastyri.properties
06dad83747dd2275e484dc8a556e2d9624247e74,143,assets/minecraft/optifine/cit/sphospital/kapli/texturekapel2.png
900cac78d10c228682c9547d5db6575597842d53,1890,assets/minecraft/optifine/cit/sphospital/kapli/kapli.json
ab551b1932969aebbd4720a96fee33ae04323f56,122,assets/minecraft/optifine/cit/sphospital/kapli/texturekapel3.png
ae5c8d9613c9d20a93e979ca9813ddc210702222,87,assets/minecraft/optifine/cit/sphospital/kapli/kapli.properties
ba7b1c11171e8ea2f692247b51f8497b702fbb16,175,assets/minecraft/optifine/cit/sphospital/kapli/texturekapel.png
