752bc04789b8727059aed61206c2acff49af1094,90927,c.json
27e120213627c785cd3758101dd11b6539260054,1168,assets/minecraft/optifine/cit/raznoye/binoculars_mehanicus/binoculars_mehanicus.png
04fd33869c48a8b84e2234a8b9c969d656f72904,4485,assets/minecraft/optifine/cit/raznoye/binoculars_mehanicus/binoculars_mehanicus.json
4615ca73a7ebf38daf0b351ff28fd421775c3edc,234,assets/minecraft/optifine/cit/raznoye/binoculars_mehanicus/binoculars_mehanicus.properties
1858d7c1b0f351d3c6b8de1a15a57d0b03e5219a,150,assets/minecraft/optifine/cit/raznoye/melta_bomb/melta_bomb.properties
736320eb6d39503536af9ea7528ba1fe6a40087e,6449,assets/minecraft/optifine/cit/raznoye/melta_bomb/melta_bomb.json
e99d3afd259281a0c744022fbb3d3442a311ee0d,3257,assets/minecraft/optifine/cit/raznoye/melta_bomb/explosive_melta.json
c5c010d7747e7887adaf6e674df229432bd50467,797,assets/minecraft/optifine/cit/raznoye/melta_bomb/explosive_melta.png
0c948d820ac0005c93b5ada7c2c8c6e5375ccd35,196,assets/minecraft/optifine/cit/raznoye/melta_bomb/explosive_melta.properties
aaaa41b5720d9c2ca6bb4396c1cbcdaa524b00a9,1147,assets/minecraft/optifine/cit/raznoye/melta_bomb/melta_bomb.png
86143844e8699ea57177521025b9756d27e6974a,563,assets/minecraft/optifine/cit/raznoye/tesseract_maze/tesseract_maze.properties
c075709697fd189db89ec457fa3ea3ef67c1ed35,3713,assets/minecraft/optifine/cit/raznoye/tesseract_maze/tesseract_maze.json
6b03d1c2dca9a94ee240948d44825ba24824a317,1040,assets/minecraft/optifine/cit/raznoye/tesseract_maze/tesseract_maze.png
859026fe2ca83a3cd983f6e2e434c9ca4129a363,4466,assets/minecraft/optifine/cit/raznoye/arbitor_shield/arbitor_shield_block.json
f7849700acd83a784a7b716cd22f2bf75611fe58,4437,assets/minecraft/optifine/cit/raznoye/arbitor_shield/arbitor_shield.json
69a5c4d580a66793e2be7fe35dc48e2f4e3c7981,2159,assets/minecraft/optifine/cit/raznoye/arbitor_shield/arbitor_shield.png
b618f8eec3e84408a3114c8ac31ce144e2a85932,200,assets/minecraft/optifine/cit/raznoye/arbitor_shield/arbitor_shield.properties
a72dff1ebf18b1fa18284ce91f6fd7cdbf9a714c,10330,assets/minecraft/optifine/cit/raznoye/the_bloody_bowl/the_bloody_bowll.json
dc6320c9ec4487d4104bc336c734e9337e4e37fc,9909,assets/minecraft/optifine/cit/raznoye/the_bloody_bowl/the_bloody_bowl.json
279d7c13b0901785f765ca45a29191ef05c6800d,193,assets/minecraft/optifine/cit/raznoye/the_bloody_bowl/the_bloody_bowl2.properties
3fe196ab8abe2e440803fadec87f0cff7e3ccee3,398,assets/minecraft/optifine/cit/raznoye/the_bloody_bowl/the_bloody_bowll.properties
41618f34d7bf09d92a1246dc7c3daef4ca3eede2,396,assets/minecraft/optifine/cit/raznoye/the_bloody_bowl/the_bloody_bowll3.properties
9eb9cd49149213d8f8a3ad27f2e32273d5abf91e,193,assets/minecraft/optifine/cit/raznoye/the_bloody_bowl/the_bloody_bowl1.properties
cf55cb3c282dcf220bfb5fe7d30776b86648926a,198,assets/minecraft/optifine/cit/raznoye/the_bloody_bowl/the_bloody_bowl3.properties
2bf4f3926da97189ca4cfbb4375fd6a66269018e,396,assets/minecraft/optifine/cit/raznoye/the_bloody_bowl/the_bloody_bowll2.properties
7aa845f78d6705f1d8f1d5f13b04b20297494cfd,1069,assets/minecraft/optifine/cit/raznoye/the_bloody_bowl/the_bloody_bowl.png
cdf258eb62d4673c5d19e36f9e7b9bc71796c92e,401,assets/minecraft/optifine/cit/raznoye/the_bloody_bowl/the_bloody_bowll1.properties
f3c1ca4173c54e9c2c53ba04b34fd826f462abb3,196,assets/minecraft/optifine/cit/raznoye/the_bloody_bowl/the_bloody_bowl.properties
24473ebe87bbb1142149000bb48901e1a04c059c,4205,assets/minecraft/optifine/cit/raznoye/dead_pepeliy/pepeliy.png
f97e29e994edd4c22a41cfdf992ccc0826d9ac0a,124,assets/minecraft/optifine/cit/raznoye/dead_pepeliy/dead-pepeliy.properties
61a71011cb5d657949b68f7f082ca861cd0e3d9a,6580,assets/minecraft/optifine/cit/raznoye/dead_pepeliy/dead-pepeliy.json
64973d61e18de25dc1f9454511f9759fd35856c2,175,assets/minecraft/optifine/cit/raznoye/cosmodes/bd.properties
48ed62e9ce525b78b853d94ada9beed730c83e7b,5050,assets/minecraft/optifine/cit/raznoye/cosmodes/asdasd.png
6e7552f6ae67b7bf950122df03e8d6c45dc71cfd,169,assets/minecraft/optifine/cit/raznoye/cosmodes/ht.properties
d78c5fc560993ef110b00390ac045db882637d2a,193,assets/minecraft/optifine/cit/raznoye/cosmodes/al.properties
63551e80b628b768ed3663e0f09b45da1752d890,3605,assets/minecraft/optifine/cit/raznoye/cosmodes/al.json
48ed62e9ce525b78b853d94ada9beed730c83e7b,5050,assets/minecraft/optifine/cit/raznoye/cosmodes/pasted.png
1f1a7ae389659e01eb96ef20a86bb39b30a4f09c,3444,assets/minecraft/optifine/cit/raznoye/cosmodes/ll.json
eede371a16b53c1fcd6a2d5f399531bd1abc13bc,1862,assets/minecraft/optifine/cit/raznoye/cosmodes/ht.json
3e000fb183c7af122a4e378eb0c38c1f23a7150f,3580,assets/minecraft/optifine/cit/raznoye/cosmodes/ar.json
48ed62e9ce525b78b853d94ada9beed730c83e7b,5050,assets/minecraft/optifine/cit/raznoye/cosmodes/asdasdryte.png
72e85f9e2d59517b21563d325408d5c86dc71980,5317,assets/minecraft/optifine/cit/raznoye/cosmodes/bd.json
0a69deb592f43e521743637118d6151f9f720bae,193,assets/minecraft/optifine/cit/raznoye/cosmodes/ll.properties
36406582f7b705b42e7ea98c2935b8a997e25e7c,3474,assets/minecraft/optifine/cit/raznoye/cosmodes/lr.json
de7d1bffb656d3a63f0e56bb7b46cd6e2c24943e,199,assets/minecraft/optifine/cit/raznoye/cosmodes/lr.properties
c789abaf0bfe0ef54d2bec40d4adb76732282eed,199,assets/minecraft/optifine/cit/raznoye/cosmodes/ar.properties
1d50369baee43a9095e2e8da093e3a1d43459c29,2910,assets/minecraft/optifine/cit/raznoye/katana/katana_off.json
776f981e6449da9569e8be93bbaed9ba71469707,245,assets/minecraft/optifine/cit/raznoye/katana/katana.properties
42c079cfde70f5a3ed5b1acc459779e3517fadd2,5392,assets/minecraft/optifine/cit/raznoye/katana/katana.bbmodel
946c6152056869d2a7e381cbd6534e59caf445d3,483,assets/minecraft/optifine/cit/raznoye/katana/katana_off.png
8d3e1c6caff92e4f0ff053a8e68493f7996a8b3a,639,assets/minecraft/optifine/cit/raznoye/katana/katana.png
1d50369baee43a9095e2e8da093e3a1d43459c29,2910,assets/minecraft/optifine/cit/raznoye/katana/katana.json
9a7f6107af1e94e728d9a39097967985afa1ca67,6466,assets/minecraft/optifine/cit/bow/autogun/ortlak.json
32672f69c50541558257d01356571a25b2caa943,7538,assets/minecraft/optifine/cit/bow/autogun/alkermk4.json
e4a721c466e38147bb97854bc2fe19728f772d8c,3608,assets/minecraft/optifine/cit/bow/autogun/ortlak.png
7eea3e0263487c3d9038b539ac1f02139addefc5,303,assets/minecraft/optifine/cit/bow/autogun/agripinaa_mk2.properties
911f06d67cc398b8c6a14bb4b8a56b505da950e6,250,assets/minecraft/optifine/cit/bow/autogun/alkermk4.properties
cb937cbfb5e211402f86adea03115b7088e334f5,9438,assets/minecraft/optifine/cit/bow/autogun/agripinaa_mk2.json
172f2c9b15596eb7e59a7ba3889a9baf9bd71811,7535,assets/minecraft/optifine/cit/bow/autogun/alkermk4pulling.json
de85bf4c3bfc2c1f3d71ab617f86941a3389f683,215,assets/minecraft/optifine/cit/bow/autogun/ortlak.properties
376ce22d54f03d0a57eca5818ae9952cc203c92a,6455,assets/minecraft/optifine/cit/bow/autogun/ortlak2.json
af51e802ceaefaf7c0e948695664b8a6c06f5e59,4449,assets/minecraft/optifine/cit/bow/autogun/agripinaa_mk2.png
c5d840e26ccbb253d9c44a94bd4255464310fcac,9433,assets/minecraft/optifine/cit/bow/autogun/agripinaa_mk2pulling.json
06094958983d64a05a6f4da67ae96e1bc4f05f79,4179,assets/minecraft/optifine/cit/bow/autogun/alkermk4.png
1c043f263fe92cc8378b67d8634108f769f403bc,4737,assets/minecraft/optifine/cit/bow/lazpistol/exitus2.json
f1b74612c922702db5e5635e4dafba6460972345,6823,assets/minecraft/optifine/cit/bow/lazpistol/lazpistol_2.json
3457ece91ee6973741b4c6dc392cca680a086b97,267,assets/minecraft/optifine/cit/bow/lazpistol/lazpistol.properties
29ddca98cc954fcae4c098ff5e6a52f193c73767,221,assets/minecraft/optifine/cit/bow/lazpistol/exitus.properties
d0be54b8d1e5fee473065231b55e7889f79c1e7e,2690,assets/minecraft/optifine/cit/bow/lazpistol/lazpistol.png
07506c122d96caa6d28ca50f8b99dff0d895031d,4739,assets/minecraft/optifine/cit/bow/lazpistol/exitus.json
a27ff6f75b0587e0db33f59c9cb3697b798bf022,6827,assets/minecraft/optifine/cit/bow/lazpistol/lazpistol.json
e398fcf2fedf0ac1e58fc15b7322038f793d5b8a,2017,assets/minecraft/optifine/cit/bow/lazpistol/exitus.png
8adf7280ae3ee15da500bdf862ec147db416dee9,6961,assets/minecraft/optifine/cit/bow/lazpistol/lazpistol_kriga/lazpistol_kriga.json
59ec089aa5c613a0f4630ce4e71dc62d551001e7,2731,assets/minecraft/optifine/cit/bow/lazpistol/lazpistol_kriga/lazpistol_kriga.png
47447030edfb751235c757df0fdc21da5a337483,6831,assets/minecraft/optifine/cit/bow/lazpistol/lazpistol_kriga/lazpistol_kriga2.json
2c3ad6a99e4238251d3734b805a31c364fa48c5d,330,assets/minecraft/optifine/cit/bow/lazpistol/lazpistol_kriga/lazpistol_kriga.properties
a3b788c7f13c0b4fcf0efa76abe5c41ea8783860,7028,assets/minecraft/optifine/cit/bow/lazpistol/oldlazpistol/oldlazpistol.json
9e1e21ae40af648650f96d908c652ee361205d75,2622,assets/minecraft/optifine/cit/bow/lazpistol/oldlazpistol/oldlazpistol.png
b001fe17194ba6074d42cd35c94f2059ad634b32,6829,assets/minecraft/optifine/cit/bow/lazpistol/oldlazpistol/oldlazpistol_2.json
730239926ab94a33da88de155cefb731501b0641,341,assets/minecraft/optifine/cit/bow/lazpistol/oldlazpistol/oldlazpistol.properties
4e8f0b5fb65abf2b2d53f5ecfe05e52c29123966,7075,assets/minecraft/optifine/cit/bow/lazpistol/lazpistol_litegray/lazpistol_lightgray.json
68b57e8e47c2261d91d1f247c02aa35f49726f98,354,assets/minecraft/optifine/cit/bow/lazpistol/lazpistol_litegray/lazpistol_lightgray.properties
e6c8ff7087f6d2fb1b55c47679542d27ef414425,2749,assets/minecraft/optifine/cit/bow/lazpistol/lazpistol_litegray/lazpistol_lightgray.png
f421c27e5e6e07d9368c26421bfcba5595c87455,6839,assets/minecraft/optifine/cit/bow/lazpistol/lazpistol_litegray/lazpistol_lightgray2.json
006280f2283c64fa79abcc0e5b5e8179d59f343f,1679,assets/minecraft/optifine/cit/bow/melta_gun/melta_pistol.png
9ce6e5037bcbd985f6b49ac80622a2f6f529155f,8852,assets/minecraft/optifine/cit/bow/melta_gun/multymelta_gun0.json
55222e41240f7db55f83e1d4316b617d3c6b304a,9683,assets/minecraft/optifine/cit/bow/melta_gun/melta_gun4.json
00e6274754cb67a0c01eebe7e89401b45d344d93,10097,assets/minecraft/optifine/cit/bow/melta_gun/melta_pistol2.json
0377f7c0a68219643ce9834a31271ba00a2044d7,3462,assets/minecraft/optifine/cit/bow/melta_gun/multymelta_gun.png
d0e9ddd5ff7726e09790ca2663ca831f4c06b6ef,2057,assets/minecraft/optifine/cit/bow/melta_gun/flame3_e.png
27c8b5e107c35fd7ea73465d2398d92cd71b0626,293,assets/minecraft/optifine/cit/bow/melta_gun/multymelta_gun.properties
8ecd55ab8d9b9440fab6b10aa8c8b205d9496996,39,assets/minecraft/optifine/cit/bow/melta_gun/flame3_e.png.mcmeta
9edb96ed34cf757ceffff60c1d7f1410ad732c61,2886,assets/minecraft/optifine/cit/bow/melta_gun/melta_gun.png
1cc5340683dc3371acf9f5ec1e0fb1553138ffba,880,assets/minecraft/optifine/cit/bow/melta_gun/flame1.png
491e1d42730be4d4dfcbe2ff4a8f5a71a6ce1765,9687,assets/minecraft/optifine/cit/bow/melta_gun/melta_gun3.json
2fa74b65df0d81b3fd94cf178eafc4aabf8200d6,39,assets/minecraft/optifine/cit/bow/melta_gun/fire1.png.mcmeta
bed070f8bed65eeff7c67a39fbbc8f706676a161,8130,assets/minecraft/optifine/cit/bow/melta_gun/multymelta_gun.json
f06101a5c673ab59dc72e40fff7f815d82bb28e2,9273,assets/minecraft/optifine/cit/bow/melta_gun/melta_pistol.json
157ca0406324111fd361f7568f2dda7c568325cb,10031,assets/minecraft/optifine/cit/bow/melta_gun/melta_pistol3.json
dc59868db75d88bae1ba3f4e94eefc6f97c17669,10035,assets/minecraft/optifine/cit/bow/melta_gun/melta_pistol1.json
3243b346d308b0f5de2138d55443730a27acb661,39,assets/minecraft/optifine/cit/bow/melta_gun/flame1.png.mcmeta
ebc25ba6c60da282ce355875359101b48dfcf257,545,assets/minecraft/optifine/cit/bow/melta_gun/flame2_e.png
26114bb2610610161d64cf7bf7f6da57e45e14e9,8938,assets/minecraft/optifine/cit/bow/melta_gun/multymelta_gun2.json
bd4478cd84867e212ead7a7b2884ee69623667ea,9668,assets/minecraft/optifine/cit/bow/melta_gun/melta_gun2.json
aa70f7b54b336eb53f22bfbff18428e9836c2add,8910,assets/minecraft/optifine/cit/bow/melta_gun/melta_gun.json
c888850086b69daf7af5f17488833193134a9702,298,assets/minecraft/optifine/cit/bow/melta_gun/melta_pistol.properties
20838d125f4c94feb90f14e9706606fccfcd9c42,8860,assets/minecraft/optifine/cit/bow/melta_gun/multymelta_gun1.json
00041dc31f232fbd9257be5901c7b69a18cae9cf,265,assets/minecraft/optifine/cit/bow/melta_gun/melta_gun.properties
e131fa288b618052ee3709d02bf642b49ae6017c,6215,assets/minecraft/optifine/cit/bow/bolter/bolter.json
4783eff54b0180703f8f71a35a92824d604e88a2,316,assets/minecraft/optifine/cit/bow/bolter/bolter_gold.properties
ec89abcc5bec61144db04276587b992254a27ea2,311,assets/minecraft/optifine/cit/bow/bolter/bolter_goldabis.properties
cef6b675d8a81fd8c567335c2448f4bffe41b76e,6289,assets/minecraft/optifine/cit/bow/bolter/bolter_gold_2.json
a38225290bf509fb88556a39fcfce45ef71c9608,222,assets/minecraft/optifine/cit/bow/bolter/bolter.properties
555651d0457b117f359f55a8ffb4930e4fcd37cc,2032,assets/minecraft/optifine/cit/bow/bolter/bolter.png
2ad7e1c9aa1701cdcd0c5fdba03448f2e87017ae,6199,assets/minecraft/optifine/cit/bow/bolter/bolter_2.json
f4a099d7d12155ddeb1ac55b9917a95727c96d8d,311,assets/minecraft/optifine/cit/bow/bolter/bolter_goldKY.properties
a46421b4fcf788ba65a1a9831e5424351d3797c0,311,assets/minecraft/optifine/cit/bow/bolter/bolter_goldfor.properties
e72afe087f3816f04a8d93dff32ae9754e253ebc,6247,assets/minecraft/optifine/cit/bow/bolter/bolter_gold.json
d712077105105712a1f0836f846faea01b0e5f51,2315,assets/minecraft/optifine/cit/bow/bolter/bolter_gold.png
99550fc3ee1c61130cc156f5c24b518503d25fcf,7371,assets/minecraft/optifine/cit/bow/bolter/bolter_gold/bolter.json
9f77cdf04022b09d145078412ba4334022ae5912,325,assets/minecraft/optifine/cit/bow/bolter/bolter_gold/kyorze.properties
4a3e885e0d30b554d306ad8691d6b09e9caba23e,325,assets/minecraft/optifine/cit/bow/bolter/bolter_gold/_ABIS_.properties
1204b87d238b16a4f2989b660df4325ce67903cf,4357,assets/minecraft/optifine/cit/bow/bolter/bolter_gold/gold_bolter.png
1f1e48079ae7cd4f5158c33a0bececfd6ee06750,330,assets/minecraft/optifine/cit/bow/bolter/bolter_gold/lina_sobaka.properties
431eb78f08b3e96cf97c97c2eee518096e861e6f,326,assets/minecraft/optifine/cit/bow/bolter/bolter_gold/Tutyk_.properties
9c1bc2b85ef141728de5f250d7a76d67036548ed,329,assets/minecraft/optifine/cit/bow/bolter/bolter_gold/RoyGam8bit.properties
9ab032546219674eb8cc6ebcf9208549e55010b7,15447,assets/minecraft/optifine/cit/bow/bolter/bolter_gold/bolter_gold.bbmodel
de4e9056bb35008736a52563218df6efee9dc317,327,assets/minecraft/optifine/cit/bow/bolter/bolter_gold/Nova69ru.properties
d6d5e9fd1c2bd5cdb5ea985d79f91b37d9507475,325,assets/minecraft/optifine/cit/bow/bolter/bolter_gold/Fortit.properties
4a6592bac3217e43d5a507cc380d21b8e01445c0,7748,assets/minecraft/optifine/cit/bow/combiplasma/combiplasma2.json
78d195bad5d4e55f8cfb521e9d82222577d51921,1175,assets/minecraft/optifine/cit/bow/combiplasma/combiplasma_33.png
18b426e832ede0e5dddabc082f315b989783b0cb,1175,assets/minecraft/optifine/cit/bow/combiplasma/combiplasma1.png
b8cf2a4684c6d636f777a60a258429d942ae7543,2497,assets/minecraft/optifine/cit/bow/combiplasma/combiplasma_2.png
07a45960dbb3a7a848025cad257b86ab040c446a,1172,assets/minecraft/optifine/cit/bow/combiplasma/combiplasma_22.png
af26de7e2b6e763698f09c75b4792582a6835991,2495,assets/minecraft/optifine/cit/bow/combiplasma/combiplasma.png
9779e3ff9ee4f5d55b1d90bf6e926583093304f0,1176,assets/minecraft/optifine/cit/bow/combiplasma/combiplasma_11.png
ec4cd8f5e9b4139b9dfa2fa472346811c6cc2044,7797,assets/minecraft/optifine/cit/bow/combiplasma/combiplasma.json
99ea0c6735810cdbcbed1f0ae33213e783e15669,1176,assets/minecraft/optifine/cit/bow/combiplasma/combiplasma_44.png
b6df64056963b299d43c7098049e07356c129f26,7749,assets/minecraft/optifine/cit/bow/combiplasma/combiplasma4.json
106f24116f454f23c0f90a0616f33f1ab3a5eac8,336,assets/minecraft/optifine/cit/bow/combiplasma/combiplasma.properties
43a4c7889fe13a10b742856be6a7345cefe3acf7,7748,assets/minecraft/optifine/cit/bow/combiplasma/combiplasma3.json
3beb6b248c3e850561de0dabeb676482bb5d6607,7748,assets/minecraft/optifine/cit/bow/combiplasma/combiplasma1.json
b2b3c6956a9c9475674f947c6f63310b86e2afa1,2495,assets/minecraft/optifine/cit/bow/combiplasma/combiplasma_3.png
5a522f816f36eeee60d0dffa10ae7b2187d6b653,2502,assets/minecraft/optifine/cit/bow/combiplasma/combiplasma_4.png
dc6808e69188d8ec2ccf87d47e52ea31abaa9f16,2506,assets/minecraft/optifine/cit/bow/combiplasma/combiplasma_1.png
36a65baf8c6673a716a324d4041205025ff781e0,12302,assets/minecraft/optifine/cit/bow/plasma_clive/plasma_clive4.json
1c929ff83ac3c463378171dff5c607d31a239866,12385,assets/minecraft/optifine/cit/bow/plasma_clive/plasma_clive3.json
066588e52545d1e1abc4224c7d52286b42cf828b,5157,assets/minecraft/optifine/cit/bow/plasma_clive/plasma_clive3.png
8997900d91aec6784163950ef1544845099fb09c,306,assets/minecraft/optifine/cit/bow/plasma_clive/plasma_clive.properties
6fba10734a3e273867e64f792255c6f2fea9b60e,5113,assets/minecraft/optifine/cit/bow/plasma_clive/plasma_clive.png
ac12299ffbc763b63f628d6069e8ebbb3d6e079c,5108,assets/minecraft/optifine/cit/bow/plasma_clive/plasma_clive4.png
755b0f645b6b535fb3352ddf881b894baedaf2a7,12354,assets/minecraft/optifine/cit/bow/plasma_clive/plasma_clive2.json
51dc3deb05912108f4960b34a4fd0e0c06340639,12354,assets/minecraft/optifine/cit/bow/plasma_clive/plasma_clive1.json
b1b6dc6edb3a55a0745a02bc5e76403db5563224,12359,assets/minecraft/optifine/cit/bow/plasma_clive/plasma_clive.json
e195188f553faf7d0c974a735c2df515887ed09a,5155,assets/minecraft/optifine/cit/bow/plasma_clive/plasma_clive2.png
c9711d73c4585baeac84671eb518dbefc90c153c,5122,assets/minecraft/optifine/cit/bow/plasma_clive/plasma_clive1.png
55c3d3674d481db74d7c57f1c7af5f43ee48f05b,3875,assets/minecraft/optifine/cit/bow/executioner/executioner.png
2fbae9430d648dd239f6d7a66e90f25cd02b0052,249,assets/minecraft/optifine/cit/bow/executioner/executioner.properties
34240dd410387c6700b6c91c602bf9d85b16c662,7187,assets/minecraft/optifine/cit/bow/executioner/executioner2.json
b968306ddf231bc559b68e535745b083a559c61e,7251,assets/minecraft/optifine/cit/bow/executioner/executioner.json
4c4144f0a64efa475ecd4c531b4d47b84442f347,7912,assets/minecraft/optifine/cit/bow/lazgun/lasgun2.json
2ac761b4e68bb02a23a58313e13e9bb639972bb3,3756,assets/minecraft/optifine/cit/bow/lazgun/lasgun.png
411f65825596f9b9b062c59a59638b25c49b93b7,215,assets/minecraft/optifine/cit/bow/lazgun/lasgun.properties
5a14bed50cc6409a76070b531da400aeaf0c6c82,7912,assets/minecraft/optifine/cit/bow/lazgun/lasgun.json
03179a2f737d6a70cfeea380a00ce9254567da51,284,assets/minecraft/optifine/cit/bow/lazgun/lazgun_al15s/lazgun-al15s3.properties
5c72db9eee48c14c76d5deb3a3fb618a9e324583,284,assets/minecraft/optifine/cit/bow/lazgun/lazgun_al15s/lazgun-al15s4.properties
f3eb1c1bd0471dbe8785ef4ef18e3e1d641ae2a9,3758,assets/minecraft/optifine/cit/bow/lazgun/lazgun_al15s/lazgun-al15s.png
ad5135b2f15409c48a7ebca9c6699ec199a3982d,289,assets/minecraft/optifine/cit/bow/lazgun/lazgun_al15s/lazgun-al15s.properties
8a7972da23f4775a75b97ac766d3acde9407c101,9014,assets/minecraft/optifine/cit/bow/lazgun/lazgun_al15s/lazgun-al15s2.json
cbbc9267eca34c751ba536c1c30d7306628b11c8,8945,assets/minecraft/optifine/cit/bow/lazgun/lazgun_al15s/lazgun-al15s.json
2bd43cceb483c8d11c1a78f881b778a278575f6a,284,assets/minecraft/optifine/cit/bow/lazgun/lazgun_al15s/lazgun-al15s2.properties
e03897ed7fe35ffbdbdea3cec7a4aa4c5d3b8efb,9036,assets/minecraft/optifine/cit/bow/lazgun/lazgun_al15red/lazgun_al15red.json
6275627962a5910305a98ddbbc32b262a461d390,9024,assets/minecraft/optifine/cit/bow/lazgun/lazgun_al15red/lazgun_al15red2.json
6142a673398bdc0fe38b422b4a8ff7456a5d9d65,3623,assets/minecraft/optifine/cit/bow/lazgun/lazgun_al15red/lazgun_al15red.png
f563c686504dc5f850f16c5cc31ba80aee199dfa,271,assets/minecraft/optifine/cit/bow/lazgun/lazgun_al15red/lazgun_al15red.properties
d82f8906f000d402d8417b4e8f798d3f426d18e2,3764,assets/minecraft/optifine/cit/bow/lazgun/lazgun_krig/lazgun_krig4.png
72c3870335d7995da1eb10362696dd2a968ae25d,6468,assets/minecraft/optifine/cit/bow/lazgun/lazgun_krig/lazgun_krig4.json
0ef7a510ae7c40e4018977b387d4a6e7ef11c3c3,6468,assets/minecraft/optifine/cit/bow/lazgun/lazgun_krig/lazgun_krig3.json
1ceddc90d39bfecb7cb9baf0ceffdbd0f130dca4,3766,assets/minecraft/optifine/cit/bow/lazgun/lazgun_krig/lazgun_krig2.png
9f5429393dd0cc325391d69f1dc5f227203d5b34,3763,assets/minecraft/optifine/cit/bow/lazgun/lazgun_krig/lazgun_krig3.png
8bc43082532aa5abfa160d4a35619d508f7f7461,6515,assets/minecraft/optifine/cit/bow/lazgun/lazgun_krig/lazgun_krig.json
e7b02b04000d8aa4f04fd8b460452f03cf161c11,307,assets/minecraft/optifine/cit/bow/lazgun/lazgun_krig/lazgun_krig.properties
58ce6c006816f1215ed69086945384c09d2b69a1,6468,assets/minecraft/optifine/cit/bow/lazgun/lazgun_krig/lazgun_krig2.json
e5e3ea3cdbb26ec1f0f7b2c11cd100ad605e63e5,6468,assets/minecraft/optifine/cit/bow/lazgun/lazgun_krig/lazgun_krig1.json
c1bf3cd79bd7160b40ce9ad8a9e9cada00012a32,3752,assets/minecraft/optifine/cit/bow/lazgun/lazgun_krig/lazgun_krig.png
e277dc37ac0af9b7e5545adcf8cbb6e79f8df3f4,3767,assets/minecraft/optifine/cit/bow/lazgun/lazgun_krig/lazgun_krig1.png
f3486ffac3f8ab02b6c4c35db9a73709fa436ee6,8995,assets/minecraft/optifine/cit/bow/lazgun/lazgun_al15/lazgun_al15.json
3fd0e826693351b6359152aa17115fe7b17a1e79,250,assets/minecraft/optifine/cit/bow/lazgun/lazgun_al15/lazgun_al15.properties
46901c3504e7e3f9447e41b3b7e1e5273d596297,3444,assets/minecraft/optifine/cit/bow/lazgun/lazgun_al15/lazgun_al15.png
0d08a275e88de83c57eadadea2d9c5008e2e27d5,9012,assets/minecraft/optifine/cit/bow/lazgun/lazgun_al15/lazgun_al152.json
84155d54f2567c82802bde07308549601750c4f7,4541,assets/minecraft/optifine/cit/bow/plasma_rifle/plasma_rifle1.png
a3db7043f510aa39a07874636ee34f77882eff17,12010,assets/minecraft/optifine/cit/bow/plasma_rifle/plasma_rifle_1.json
c3082f387c3e1427934afe9173bd4a01c6a5a59b,4550,assets/minecraft/optifine/cit/bow/plasma_rifle/plasma_rifle4.png
c689775a2cca7f4a65759aaf9d3c507ebccc6fc5,4511,assets/minecraft/optifine/cit/bow/plasma_rifle/plasma_rifle.png
d6e5a258e9c7f1ced500d911f9ac8178474159a0,11853,assets/minecraft/optifine/cit/bow/plasma_rifle/plasma_rifle.json
39accd51f094c2f88e8af48d6c30586a5bc9223a,12010,assets/minecraft/optifine/cit/bow/plasma_rifle/plasma_rifle_2.json
edd27d9d4a0b86187440788faeafc52461fbf330,12010,assets/minecraft/optifine/cit/bow/plasma_rifle/plasma_rifle_4.json
efb63f978779e9a078e02ecd05ca06591ad1c469,328,assets/minecraft/optifine/cit/bow/plasma_rifle/plasma_rifle.properties
ffe9fc427557e1718a34995e4d7f402e301ba705,4563,assets/minecraft/optifine/cit/bow/plasma_rifle/plasma_rifle2.png
d344c107ceeb0db6fdc107979f6c565a991f3600,12010,assets/minecraft/optifine/cit/bow/plasma_rifle/plasma_rifle_3.json
99215ae89199ee88f5b2070fda85fb0874da59b3,4548,assets/minecraft/optifine/cit/bow/plasma_rifle/plasma_rifle3.png
5934dbf139cb8db0ebacf9fd87d7b3ec762c799f,2589,assets/minecraft/optifine/cit/bow/plasma_gun/plasma_gun_4.png
764e6542d524f739396944d4c37bf3d1aa0f33e3,2591,assets/minecraft/optifine/cit/bow/plasma_gun/plasma_gun_2.png
ff682583d03797128e37cd30c0ca13105595a202,8690,assets/minecraft/optifine/cit/bow/plasma_gun/plasma_gun_1.json
da1257907fbcf8c5799f22e70d573489a4870e64,8660,assets/minecraft/optifine/cit/bow/plasma_gun/plasma_gun_4.json
6090c4ee7f1705a14ca434c52c2dad18f930c23a,8690,assets/minecraft/optifine/cit/bow/plasma_gun/plasma_gun_2.json
0f36a00a594ecc5887a6f974b61fb2917890ded0,2565,assets/minecraft/optifine/cit/bow/plasma_gun/plasma_gun_1.png
84d7d0c8450b77f7183f0ec3b79c9a03b28057f3,292,assets/minecraft/optifine/cit/bow/plasma_gun/plasma_gun.properties
bfeef6bbff71400b8bc1f0a2c952d6d6db699b14,2543,assets/minecraft/optifine/cit/bow/plasma_gun/plasma_gun.png
e51b8f76ba913ab6dfa0473de59c876b2c230808,8660,assets/minecraft/optifine/cit/bow/plasma_gun/plasma_gun_3.json
9ac58e9eed155fd8e76269ad4307eff40d399bca,2568,assets/minecraft/optifine/cit/bow/plasma_gun/plasma_gun_3.png
7a1f6eb19f02a279e5e2f359254b484f7a664adf,8697,assets/minecraft/optifine/cit/bow/plasma_gun/plasma_gun.json
d7cdff593de1e9929e70cdf8bb41e8af72a21a6e,3841,assets/minecraft/optifine/cit/crosbow/head_destroyer/head_destroyer4.png
502d4c555b5f86d2f3fbdd2cfa5618b24a2851e2,344,assets/minecraft/optifine/cit/crosbow/head_destroyer/head_destroyer.properties
5f1301cb06b5b1f993ba0f2a2dc112a8b6ca6d7a,3858,assets/minecraft/optifine/cit/crosbow/head_destroyer/head_destroyer2.png
d7cdff593de1e9929e70cdf8bb41e8af72a21a6e,3841,assets/minecraft/optifine/cit/crosbow/head_destroyer/head_destroyer1.png
b52b90ea2f14e9c782b47c91fa5cfbc5678ce459,3831,assets/minecraft/optifine/cit/crosbow/head_destroyer/head_destroyer.png
c6c9c7b19ab7bb1bbc735f15921bca03dba9306c,8269,assets/minecraft/optifine/cit/crosbow/head_destroyer/head_destroyer4.json
b3288cb1beed7fbbaee42ba257004073adfe75f0,8301,assets/minecraft/optifine/cit/crosbow/head_destroyer/head_destroyer.json
79b617651b3885f30ee07b980b45c4062b1be5f5,8295,assets/minecraft/optifine/cit/crosbow/head_destroyer/head_destroyer1.json
661eeea5e046e0b8194ea90cd2392a0d92a2e623,8295,assets/minecraft/optifine/cit/crosbow/head_destroyer/head_destroyer2.json
34d31d8089db8780aaecaf928c997858505d42d2,3855,assets/minecraft/optifine/cit/crosbow/head_destroyer/head_destroyer3.png
bfd69c56299f47de7145695d76e691519ad34eef,8295,assets/minecraft/optifine/cit/crosbow/head_destroyer/head_destroyer3.json
e51f811e528718611a395d2e044e457bf05a38c8,4235,assets/minecraft/optifine/cit/crosbow/galvanic-rifle/galvanic_rifle.png
cf287a6fa3cf981d2278b6339fc0c91a5717cd1b,422,assets/minecraft/optifine/cit/crosbow/galvanic-rifle/galvanic_rifle.properties
7aad7b57496b6d6ede35a43188143c09c31740e7,5577,assets/minecraft/optifine/cit/crosbow/galvanic-rifle/galvanic_rifle2.json
7b3940ed4520f3a5b78c15712ceeb15ac3665d41,5576,assets/minecraft/optifine/cit/crosbow/galvanic-rifle/galvanic_rifle3.json
edf72373ec3e6954abccc71f66707d8ba4b62b39,5539,assets/minecraft/optifine/cit/crosbow/galvanic-rifle/galvanic_rifle.json
239e73d151e3859befa825149d08bd34c1fed701,5578,assets/minecraft/optifine/cit/crosbow/galvanic-rifle/galvanic_rifle1.json
97b62571677db08be4363fe907a55dda4e53daef,4005,assets/minecraft/optifine/cit/crosbow/lazgun_krig/lazgun_krig4.png
bb5676343cbba2155a8c3a8c3ee94a5e0d28310a,8186,assets/minecraft/optifine/cit/crosbow/lazgun_krig/lazgun_krig4.json
ed1162eb312437f12b307c2b5479e810d213c424,7972,assets/minecraft/optifine/cit/crosbow/lazgun_krig/lazgun_krig3.json
262c33c559b368858732f8e495793e5bc9c7009b,4004,assets/minecraft/optifine/cit/crosbow/lazgun_krig/lazgun_krig2.png
c991d34cc491616063a14979ada7836ee49f1359,4004,assets/minecraft/optifine/cit/crosbow/lazgun_krig/lazgun_krig3.png
f16745cbb0b263712a693e537b578692064b7da1,8052,assets/minecraft/optifine/cit/crosbow/lazgun_krig/lazgun_krig.json
338cf895d7ff74ce0b3cd6aea97efd5b8d8ee7eb,337,assets/minecraft/optifine/cit/crosbow/lazgun_krig/lazgun_krig.properties
381c9240402c197ffecbbb5cae48a4d9cde9a07a,8002,assets/minecraft/optifine/cit/crosbow/lazgun_krig/lazgun_krig2.json
965689b6c2268cb5c78ae1924f3361d96fc1c321,8002,assets/minecraft/optifine/cit/crosbow/lazgun_krig/lazgun_krig1.json
20e033a57d1d9d60df90c23ee235ae2b0c135b0a,3993,assets/minecraft/optifine/cit/crosbow/lazgun_krig/lazgun_krig.png
d860bd7082c7cc5fd4af09f8c7c2315faeb88df6,4007,assets/minecraft/optifine/cit/crosbow/lazgun_krig/lazgun_krig1.png
5aaf2f782e64b8c6394964050a2564d762c57505,12393,assets/minecraft/optifine/cit/crosbow/gaussian_weapons/gaussian_weapons.json
13d72959b4ceaf1dabce37cf819733488d0a0971,4170,assets/minecraft/optifine/cit/crosbow/gaussian_weapons/gaussian_weapons.png
5e9915000948ea98a3fe736251e9a78cfb04f7e3,12335,assets/minecraft/optifine/cit/crosbow/gaussian_weapons/gaussian_weapons1.json
607d4d7219ffff615c278427f688d71b6143148e,351,assets/minecraft/optifine/cit/crosbow/gaussian_weapons/gaussian_weapons.properties
14170f9d52189777d21d54b2f0999b98ff3e1044,5644,assets/minecraft/optifine/cit/crosbow/arbitor_shotgun/arbitor_shotgun.json
082900d37391934dc94db0756512503422a637dc,6695,assets/minecraft/optifine/cit/crosbow/arbitor_shotgun/vanaheim.json
08c1d695e40b1673cd63c5173efd3abd35d94f6e,5674,assets/minecraft/optifine/cit/crosbow/arbitor_shotgun/arbitor_shotgun3.json
5d2661d9968247913f8696bc6ec8cf31f7870909,6677,assets/minecraft/optifine/cit/crosbow/arbitor_shotgun/vanaheim_2.json
3ebaead7fdcbfdf7da77ec4681e871f7ef3d6c74,2979,assets/minecraft/optifine/cit/crosbow/arbitor_shotgun/vanaheim.png
6a846a8a5b4c382082a3d3dc576ac7d373985cfe,6677,assets/minecraft/optifine/cit/crosbow/arbitor_shotgun/vanaheim_1.json
8bed9a762c6cc5b9dd0aa8c318290ef9cd2ee14e,300,assets/minecraft/optifine/cit/crosbow/arbitor_shotgun/vanaheim.properties
821c6e0c9c898c0573af0d9821d5b5a22ec9f95d,6678,assets/minecraft/optifine/cit/crosbow/arbitor_shotgun/vanaheim_4.json
10c8aa5d16efd1c3a98ca2b0b6b4a2b014ae421f,5657,assets/minecraft/optifine/cit/crosbow/arbitor_shotgun/arbitor_shotgun4.json
ede31059ce8ffdd269ce91c20c1640aaa4e468ef,5631,assets/minecraft/optifine/cit/crosbow/arbitor_shotgun/arbitor_shotgun2.json
024781d8837fa678c410dd4a0f72214bc54ce361,5664,assets/minecraft/optifine/cit/crosbow/arbitor_shotgun/arbitor_shotgun1.json
cb45368322f8beb3a0826f528eaea43d7deaf781,394,assets/minecraft/optifine/cit/crosbow/arbitor_shotgun/arbitor_shotgun.properties
6357277fbc11078e858c32b84c40e4f161d84673,4628,assets/minecraft/optifine/cit/crosbow/arbitor_shotgun/arbitor_shotgun.png
7c5032efcd7165dfdd68b9b361879caee3b0c817,6678,assets/minecraft/optifine/cit/crosbow/arbitor_shotgun/vanaheim_3.json
be249dfb36f30291565711603947fda9459e3ce5,5506,assets/minecraft/optifine/cit/crosbow/multi_shotgun/multi_shotgun.json
2451cb472e3e87f7d944c070076d5068d0b7edb9,5511,assets/minecraft/optifine/cit/crosbow/multi_shotgun/multi_shotgun4.json
5d7e69ffd699c81c3be480d183188b4a303c07ff,5512,assets/minecraft/optifine/cit/crosbow/multi_shotgun/multi_shotgun3.json
061bffb09c57aacbb36a324ff3108c879ef882e9,410,assets/minecraft/optifine/cit/crosbow/multi_shotgun/multi_shotgun.properties
439db48109662192b82841e88f0cc1d59887c898,5486,assets/minecraft/optifine/cit/crosbow/multi_shotgun/multi_shotgun2.json
421e9afc8c7bc75cfded2157bf047bac3123f913,2989,assets/minecraft/optifine/cit/crosbow/multi_shotgun/multi_shotgun.png
1d6ac9d4d8dd4ab670b2f66c433b6ee2cff4c375,2939,assets/minecraft/optifine/cit/crosbow/multi_shotgun/multi_shotgun2.png
81210c557c9a8ead73cde35639b00d270591646e,5485,assets/minecraft/optifine/cit/crosbow/multi_shotgun/multi_shotgun1.json
9b7a32432708e9594e69f4bb549221b5a8ea4027,168,assets/minecraft/optifine/cit/crosbow/rocket_launcher/rocket_launcer.properties
337837f2c02dbbff35fde51f8e63a6bb16b19f7f,8175,assets/minecraft/optifine/cit/crosbow/rocket_launcher/rocket_launcher.json
6acf1f053c3bff09f15760d46b2e00b6be0e6049,245,assets/minecraft/optifine/cit/crosbow/rocket_launcher/rocket_launcher_e.png
aed7e7fd8866ca1d152399a6253b0fc64851fdaf,4944,assets/minecraft/optifine/cit/crosbow/rocket_launcher/rocket_launcher.png
e425553203628f8887838b4c1c4d946995841a98,199,assets/minecraft/optifine/cit/hat/commissioner_capblack/commissioner_cap.properties
4bcb6b1e5b82bd2199f44d3534f98db186b71bb7,884,assets/minecraft/optifine/cit/hat/commissioner_capblack/commissioner_cap.png
cb2866cf234be1fdd184ac3ebc720c84a1c108eb,3041,assets/minecraft/optifine/cit/hat/commissioner_capblack/commissioner_cap.json
c8a3533791caae3e541cb16334f5d76379d6a554,7427,assets/minecraft/optifine/cit/hat/cadian_helmet/cadian_helmet.json
93c359077b23307fac1d3e3d21a1030018b57cc0,1318,assets/minecraft/optifine/cit/hat/cadian_helmet/cadian_helmet.png
1c985036401ed7d350cff31155753409da700c8f,169,assets/minecraft/optifine/cit/hat/cadian_helmet/cadian_helmet.properties
930f6f08999460504e6496a40145143a627400ae,222,assets/minecraft/optifine/cit/hat/commissioner_cap/commissioner_cap.properties
3fd6e6b30af043643cf78d330222532a45477695,945,assets/minecraft/optifine/cit/hat/commissioner_cap/commissioner_cap.png
cb2866cf234be1fdd184ac3ebc720c84a1c108eb,3041,assets/minecraft/optifine/cit/hat/commissioner_cap/commissioner_cap.json
e2d3c0811f45e30a0fdf570ac93f1dca5f709297,229,assets/minecraft/optifine/cit/hat/cadian_helmetwithvisor/cadian_helmetvisor.properties
251fbb4bc6fd5129c4a632ab63417eb357f8b7f2,1722,assets/minecraft/optifine/cit/hat/cadian_helmetwithvisor/cadian_helmet.png
3b29746faad23ccfaf230cbfe8199d0ac843d3d1,7975,assets/minecraft/optifine/cit/hat/cadian_helmetwithvisor/cadian_helmetvisor.json
3eba327d216f1257dfc5d32d2bb9aca211229ce7,3570,assets/minecraft/optifine/cit/hat/animus_speculum/animus_speculum.png
c24992caed4c232f3683074f75e535dff6098674,185,assets/minecraft/optifine/cit/hat/animus_speculum/animus_speculum.properties
04115daa2a0b31c35cd7bfd2b8937b5677e4d5f4,14735,assets/minecraft/optifine/cit/hat/animus_speculum/animus_speculum.json
7f1527f4839b3705d0b4cdb05bc1b29a3538a327,177,assets/minecraft/optifine/cit/hat/arbitor/arbitor_red.properties
7abea99dd422da4f83ce6021dc293082bb29bcd5,2491,assets/minecraft/optifine/cit/hat/arbitor/adept_inkvizition_old.png
41eaf25d03f08d808293b4ddf87b0a7097d566f0,2907,assets/minecraft/optifine/cit/hat/arbitor/arbitor_sergant.json
30a8a85f5d73b34c2a923fce4cff8f13f6a4cf7e,2544,assets/minecraft/optifine/cit/hat/arbitor/adept_inkvizition_new_slim.png
61e0768c92ca967ae36134415cd5aa394794cb9c,185,assets/minecraft/optifine/cit/hat/arbitor/arbitor_sergant.properties
3ab10e1b9164175809a6e05e410c606296bb0fba,2897,assets/minecraft/optifine/cit/hat/arbitor/arbitor.json
4519740946f335ac943fec80f1d5134ec94f1c40,157,assets/minecraft/optifine/cit/hat/arbitor/arbitor.properties
1402bc1635fe56e9a6627a49ae1d051d8d23dc9f,2978,assets/minecraft/optifine/cit/hat/arbitor/arbitr_red.png
3bf93631208cffa5ca349b3334cf06fd1e822d1c,2847,assets/minecraft/optifine/cit/hat/arbitor/arbitor_red.json
e0b9cd5bcbe26ae044918f102234461a8bf36bb5,7289,assets/minecraft/optifine/cit/hat/skitarii/skitarii_mask.json
97ac3ffcb8ffc7b1f9c15aafdc685a776b4d3b37,195,assets/minecraft/optifine/cit/hat/skitarii/skitarii_sergeant.properties
3d06b4fda0a883780c3daf181abcacd1b7e00c7c,605,assets/minecraft/optifine/cit/hat/skitarii/breathing_mask.png
bf2a2f7810ff888a29e217f24e64c1aaea612190,3617,assets/minecraft/optifine/cit/hat/skitarii/breathing_mask.json
d966f9a0dd152a31f89506703dd32bf242b33348,1537,assets/minecraft/optifine/cit/hat/skitarii/skitarii_mask.png
8a70825b45f2bb739f17be04cc2fc172a9dd5f43,186,assets/minecraft/optifine/cit/hat/skitarii/hood.properties
54840a91949a4dd3b4adbcef760410fd2fcfb493,144,assets/minecraft/optifine/cit/hat/skitarii/skitarii_mask.properties
a1f91166243eaacb8ff8d644f51317ad9d09b3fc,1607,assets/minecraft/optifine/cit/hat/skitarii/skitarii_sergeant.png
8cbdb1e66b1c489c50ff7bb73a61d329a9698838,1378,assets/minecraft/optifine/cit/hat/skitarii/hood.png
f9db0fee56d4bb8aef99faea7050c47375e7c52b,3075,assets/minecraft/optifine/cit/hat/skitarii/hood.json
dfe06cdfa48a589ceb194fe7c74a3ef548d42ee0,7297,assets/minecraft/optifine/cit/hat/skitarii/skitarii_sergeant.json
42f609993a05b649a8f0890890840f12a19cf918,195,assets/minecraft/optifine/cit/hat/skitarii/breathing_mask.properties
7c19af363a27d6a856c78a3cccd03e8eba8cfade,85,assets/minecraft/optifine/cit/source/source_models/1xgen.json
5df218f21715f37b2e6263f9f9e2cb66daf59d34,69,assets/minecraft/optifine/cit/source/source_models/bow2x_pulling_0.json
4bea53dbc9671fba84283fd5617d48772b39ae23,628,assets/minecraft/optifine/cit/source/source_models/gen_shield_blocking.json
aa34312ef213ba4f3ac0180542a04d34043608c9,738,assets/minecraft/optifine/cit/source/source_models/gen_shield.json
c0accd523801ed3047496953f402571177d69f27,1025,assets/minecraft/optifine/cit/source/source_models/bow2x.json
20053060ca6f65a625f0396aaec21a6e572c834e,674,assets/minecraft/optifine/cit/source/source_models/4xhand.json
39ae376ef75757b07bd02f8c7be34f5890f9282c,637,assets/minecraft/optifine/cit/source/source_models/2xgen.json
2a0b57248bd5f84bc001b5a17a503bc5d806c70e,794,assets/minecraft/optifine/cit/source/source_models/2xhand.json
eb827677815e956d2e075958dd7793eef7a844ba,862,assets/minecraft/optifine/cit/source/source_models/4xgen.json
853449e8223554e74d28dcb9e21ff395d0adf541,69,assets/minecraft/optifine/cit/source/source_models/bow2x_pulling_2.json
19bfc53d94cd5c2d6005247c6fca227a2aeebc05,644,assets/minecraft/optifine/cit/source/source_models/1xhand.json
b916917605fac00b7638225e4ffe96594430911f,69,assets/minecraft/optifine/cit/source/source_models/bow2x_pulling_1.json
5b776b58750377d279177ad0c7643074cde259af,5608,assets/minecraft/optifine/cit/swords/taser_goad/taser_goad.json
8c60ebe673d5b1e3aeb7e8c8ec1201c3ec42cc7c,2350,assets/minecraft/optifine/cit/swords/taser_goad/taser_goad.png
253f0baf30ad209679f6d284546947eac916053a,232,assets/minecraft/optifine/cit/swords/taser_goad/taser_goad.properties
ce1b5c30d88a3b944d1f4461e41d464abc3760e7,284,assets/minecraft/optifine/cit/swords/knife/knife_v3_lina__ABIS_.properties
59945765a9b4ef4163a42857b620c0abe9822975,696,assets/minecraft/optifine/cit/swords/knife/knife_v1.png
a9e5c454527c937d6122d8cee1ca41ed8aabbab7,296,assets/minecraft/optifine/cit/swords/knife/knife_v4_Fortit.properties
b327f11d48c28b9cc42de35d63aedaa633fc69e7,298,assets/minecraft/optifine/cit/swords/knife/knife_v4_Nova69ru.properties
4ac3e7da00f51a09839dc9f1228151aae11e8498,796,assets/minecraft/optifine/cit/swords/knife/knife_v2.png
a3a7a4e98c8db2f0579a07b3c86ef182a4dbafed,296,assets/minecraft/optifine/cit/swords/knife/knife_v4__ABIS_.properties
c76028a6d454132bf2c7feb56010a0fad0a565f8,947,assets/minecraft/optifine/cit/swords/knife/knife_v3.png
7d38c0fce60e7e17473d01270c5e373b168c8e85,284,assets/minecraft/optifine/cit/swords/knife/knife_v3_Fortit.properties
3d92dcff74ef1bb7f4ee40bbd875935907b04990,286,assets/minecraft/optifine/cit/swords/knife/knife_v3_Nova69ru.properties
ea0d7bbc7d8128908d53bcc10ffaf0e7a9f3f1d4,300,assets/minecraft/optifine/cit/swords/knife/knife_v4_RoyGam8bit.properties
9ea4504893c5a4a190b350240b3bd3eb0887aa03,301,assets/minecraft/optifine/cit/swords/knife/knife_v4_lina_sobaka.properties
5f1aa587a707aa68eb602e0c1a2628c67e96a99d,297,assets/minecraft/optifine/cit/swords/knife/knife_v4_Turtyk_.properties
35728603f2dd26a2a5df57c8caafa2c22e3cf245,2523,assets/minecraft/optifine/cit/swords/knife/knife.json
2c3fcb3f32347e24163e93f527e9e8f19bf2c0e9,281,assets/minecraft/optifine/cit/swords/knife/knife_v1.properties
9c0b48993e2478a18001980904bc5c96beb310c5,263,assets/minecraft/optifine/cit/swords/knife/knife_v2.properties
cf99c5962887128ce95f934bb28ba3ee5702fa20,288,assets/minecraft/optifine/cit/swords/knife/knife_v3_RoyGam8bit.properties
51264c10a0ba5468603b307e72645fbb1181917d,285,assets/minecraft/optifine/cit/swords/knife/knife_v3_Turtyk_.properties
bc12f8a183fd3f6f9d674be8348ab537d645690f,775,assets/minecraft/optifine/cit/swords/knife/knife_v4.png
e8574300b01ee7828ede88bc572b2d51277e0ba5,284,assets/minecraft/optifine/cit/swords/knife/knife_v3_lina_kyorze.properties
59f6af502c25ca80976aa3914dc81a9c2356fbf4,296,assets/minecraft/optifine/cit/swords/knife/knife_v4_kyorze.properties
3b3a1fd84c45d7443d2832dbb2596857a7b48fd0,289,assets/minecraft/optifine/cit/swords/knife/knife_v3_lina_sobaka.properties
ae461bbaa874a3e53401ad77e3851a50b60931fb,5909,assets/minecraft/optifine/cit/swords/inkvizition/inkviz.json
12f40997b13e028b37295c752e1cae15f7ec3080,347,assets/minecraft/optifine/cit/swords/inkvizition/inkviz_kyorze.properties
18fb0e921db3c4cd02f11f5d80a71346b3eeb4ad,348,assets/minecraft/optifine/cit/swords/inkvizition/inkviz_Turtyk_.properties
c999d74f7ef0404e2335a4916f67b55c0f9f5e76,1177,assets/minecraft/optifine/cit/swords/inkvizition/inkviz.png
bc336fc20228c2f0e29051715f631454b85b4cb5,7518,assets/minecraft/optifine/cit/swords/inkvizition/spear_telesto.bbmodel
e34b845ca6f4dbc5557b75513e52d8311c96217a,347,assets/minecraft/optifine/cit/swords/inkvizition/inkviz_Forit.properties
861e8f24ca1c3055baacd18361b30a9bd9d9cd45,6489,assets/minecraft/optifine/cit/swords/emperor_sword_plus/emperor_sword_fire.png
bf58450140834867b76c205fff348e886b75b65d,1267,assets/minecraft/optifine/cit/swords/emperor_sword_plus/emperor_sword.png
61f8f527596f9272978f225d5eea238de3041194,39,assets/minecraft/optifine/cit/swords/emperor_sword_plus/emperor_sword_fire.png.mcmeta
ae1fd1cb71425a4fe5b4320a92806a62172b88b7,296,assets/minecraft/optifine/cit/swords/emperor_sword_plus/emperor_sword_kyorze.properties
519ef9be3a673fed30df55dabac170ffe9ee9390,5197,assets/minecraft/optifine/cit/swords/emperor_sword_plus/emperor_sword.json
730eed0468b0bab39dd0907c7a2d357efcaa7f03,296,assets/minecraft/optifine/cit/swords/emperor_sword_plus/emperor_sword_Fortit.properties
861e8f24ca1c3055baacd18361b30a9bd9d9cd45,6489,assets/minecraft/optifine/cit/swords/emperor_sword_plus/emperor_sword_fire_e.png
61f8f527596f9272978f225d5eea238de3041194,39,assets/minecraft/optifine/cit/swords/emperor_sword_plus/emperor_sword_fire_e.png.mcmeta
7c45dc3999bb507f15b24a7473c3f1d6486c089e,2585,assets/minecraft/optifine/cit/swords/saw_sword/saw_sword.png
d64bcbf4b7bcc82d464d7f182b38a97790651981,185,assets/minecraft/optifine/cit/swords/saw_sword/saw_sword.properties
bf7f6583fb8d819f0343b1c611d3490a849c9887,4913,assets/minecraft/optifine/cit/swords/saw_sword/saw_sword.json
8ecd55ab8d9b9440fab6b10aa8c8b205d9496996,39,assets/minecraft/optifine/cit/swords/saw_sword/saw_sword.png.mcmeta
540565458f9971d5dfb7445c76a808729a179672,387,assets/minecraft/optifine/cit/swords/shovel_kriga/shovel-kriga.png
e28107aaf18ab131f68039d58047c551f09c8d4d,285,assets/minecraft/optifine/cit/swords/shovel_kriga/sunray.properties
caa17a20b84f7f6e56cb6efd58b4b6a6248b8dfc,3518,assets/minecraft/optifine/cit/swords/v2/sword_v2.json
8ecd55ab8d9b9440fab6b10aa8c8b205d9496996,39,assets/minecraft/optifine/cit/swords/v2/1.png.mcmeta
bd106da23485ede8830f429c8e60c3b84c52d55d,1292,assets/minecraft/optifine/cit/swords/v2/sword_v2.png
5f0624460229acfe5b7e94d644b71808103ca052,1095,assets/minecraft/optifine/cit/swords/v2/1.png
a77c29289cebd976b1615352e94b91de29f51b82,261,assets/minecraft/optifine/cit/swords/v2/sword_v2.properties
152e485394a60097cbbffec481d88561150ce374,1087,assets/minecraft/optifine/cit/swords/krig_sword/sword_krig.png
a9d1a89eaa2dc61bc82a0d33e95a166691572123,369,assets/minecraft/optifine/cit/swords/krig_sword/sword_krig_main.properties
002ab95df8ef1a88275e0446a2a8ea1fc8394226,813,assets/minecraft/optifine/cit/swords/krig_sword/sword_krig_main.png
5916bb0132267aa59062dc5c7f73da935f274311,4234,assets/minecraft/optifine/cit/swords/krig_sword/sword_krig.json
2301cba9f0600df15c2fadad01626aaad34e9f03,363,assets/minecraft/optifine/cit/swords/krig_sword/sword_krig_left_hand.properties
b1ae6a6a33101386f23fda191bae8ee1ab4c33e7,4001,assets/minecraft/optifine/cit/swords/krig_sword/enchant/sword_krig_ench.json
5ad8991bf6b0e5f9a2caca9394e49a3a60ab5ee3,482,assets/minecraft/optifine/cit/swords/krig_sword/enchant/sword_krig_main_ench.properties
917c02627fc8b95c2bf1d6076c5b0b5749ae0cb9,62,assets/minecraft/optifine/cit/swords/krig_sword/enchant/sword_krig_ench_none.png.mcmeta
f5a8ab5e0054768796978c0fbde0f55743b93c10,1226,assets/minecraft/optifine/cit/swords/krig_sword/enchant/sword_krig_ench_none.png
917c02627fc8b95c2bf1d6076c5b0b5749ae0cb9,62,assets/minecraft/optifine/cit/swords/krig_sword/enchant/sword_krig_ench.png.mcmeta
090c818d50c792b6e607e868fc3f8041beb62650,476,assets/minecraft/optifine/cit/swords/krig_sword/enchant/sword_krig_left_ench.properties
db5fe19d601a2fe95c78f37706866401c4f744e4,1555,assets/minecraft/optifine/cit/swords/krig_sword/enchant/sword_krig_ench.png
093d0b5f1f71ba2566907208f8694f560635e223,299,assets/minecraft/optifine/cit/swords/spear_telesto/spear_Fortit.properties
aec0b9bea4566fcf775fa25b2f40f0c5c060ccd8,301,assets/minecraft/optifine/cit/swords/spear_telesto/spear_Nova69ru.properties
5b9fcb9a74a418998d70ff49955cdff4c8b0c853,416,assets/minecraft/optifine/cit/swords/spear_telesto/spear_telesto_e.png
4397724f19f13e58fe4cc7936812406839351147,1576,assets/minecraft/optifine/cit/swords/spear_telesto/spear_telesto.png
0b1241a8e13ffd949841a67f36fe0fde655b59e9,299,assets/minecraft/optifine/cit/swords/spear_telesto/spear_kyorze.properties
df50251b124305075359bd835d9c0a07aea36f76,3277,assets/minecraft/optifine/cit/swords/spear_telesto/spear_telesto.json
5aa76061726b77daf5a15165f0cf7e827def6669,21760,assets/minecraft/optifine/cit/swords/power_baton/power_baton.json
3eb96f7ada44e720f421a431f8023f3336529e40,216,assets/minecraft/optifine/cit/swords/power_baton/power_baton.properties
499020ed22187dccb530427e89a754c45f12b340,677,assets/minecraft/optifine/cit/swords/power_baton/power_baton_energ.png
2fa74b65df0d81b3fd94cf178eafc4aabf8200d6,39,assets/minecraft/optifine/cit/swords/power_baton/power_baton_energ.png.mcmeta
4d1b59f5b8690ef20e73f3bfd780ce7437a20215,2069,assets/minecraft/optifine/cit/swords/power_baton/power_baton.png
47a9977d74c93aa4765e2b6314e5775393540270,278,assets/minecraft/optifine/cit/swords/drukhar_sword/drukhar_sword.properties
a640a92eb3555bfaa1eb91d689e9582dda623157,517,assets/minecraft/optifine/cit/swords/drukhar_sword/drukhar_sword.png
db11e12d85e95e93be79e08789d0b23f4d25936f,3394,assets/minecraft/optifine/cit/swords/sword_sangv/v1/sword_v1.json
61f8f527596f9272978f225d5eea238de3041194,39,assets/minecraft/optifine/cit/swords/sword_sangv/v1/energy_e.png.mcmeta
eb433c17fc1fcefd5b8e74fe6e0ebd90506fcbc7,289,assets/minecraft/optifine/cit/swords/sword_sangv/v1/sword_v1_Fortit.properties
3fff688236884b0662c6c10be97d6681dd55f1f7,615,assets/minecraft/optifine/cit/swords/sword_sangv/v1/energy.png
3fff688236884b0662c6c10be97d6681dd55f1f7,615,assets/minecraft/optifine/cit/swords/sword_sangv/v1/energy_e.png
e337aac8a0fa091b75150ae7a61e1dab9ae3e35f,697204,assets/minecraft/optifine/cit/swords/sword_sangv/v1/sword_v1.bbmodel
01cafc3479c17d2348279b8904c7685fa48bdeab,1876,assets/minecraft/optifine/cit/swords/sword_sangv/v1/sword_sangv.png
f8044d4589fae6df267bf962154d6fb3b9f431c3,289,assets/minecraft/optifine/cit/swords/sword_sangv/v1/sword_v1_kyorze.properties
26cf0511b3f4ab15e9b161c245e5c3dc265d5eaa,291,assets/minecraft/optifine/cit/swords/sword_sangv/v1/sword_v1_Nova69ru.properties
61f8f527596f9272978f225d5eea238de3041194,39,assets/minecraft/optifine/cit/swords/sword_sangv/v1/energy.png.mcmeta
530653fc61a8595d99d82f5adda4695eb22ff6c2,286,assets/minecraft/optifine/cit/swords/v3/sword_v3_RoyGam8bit.properties
595524aa4731cda26636f2949fad857c6f32b62e,2850,assets/minecraft/optifine/cit/swords/v3/energy.png
7b9a2bcc8243be6cd59c79e5fafbf890fd6fefe0,284,assets/minecraft/optifine/cit/swords/v3/sword_v3_Nova69ru.properties
7763075aa0ca10644bed1a7f5200560d8318e157,282,assets/minecraft/optifine/cit/swords/v3/sword_v3_fortit.properties
39015203e434d4854134dfc730ac8ed65a6425fb,1326,assets/minecraft/optifine/cit/swords/v3/sword_v3.png
f97ff72c019bb532472fcd285d159d18a0a2b085,287,assets/minecraft/optifine/cit/swords/v3/sword_v3_lina_sobaka.properties
1d34ae11cc732b2d6e45fcb673fae03c5d934552,283,assets/minecraft/optifine/cit/swords/v3/sword_v3_Turtyk_.properties
3f2a5bdd76558b1a3d531ed7f2b1abded34262c7,282,assets/minecraft/optifine/cit/swords/v3/sword_v3__ABIS_.properties
6747ed0a067fc2d8e87ed7dcf36ce97ebf580ee8,282,assets/minecraft/optifine/cit/swords/v3/sword_v3_kyorze.properties
1b2d21b545526fc9a46581a1d4fc980f9d6c714f,3521,assets/minecraft/optifine/cit/swords/v3/sword_v3.json
8ecd55ab8d9b9440fab6b10aa8c8b205d9496996,39,assets/minecraft/optifine/cit/swords/v3/energy.png.mcmeta
378a4a9b177595d4e8954f96dd7c7a994d227918,4369,assets/minecraft/optifine/cit/swords/tronsonic-razor/tronsonic-razor.json
2f92105118dcd2a93a5e7aa3538c28e245787865,988,assets/minecraft/optifine/cit/swords/tronsonic-razor/tronsonic-razor.png
85d1dd25fb7be7ecb43bf051d604f8e929346671,260,assets/minecraft/optifine/cit/swords/tronsonic-razor/tronsonic-razor.properties
11c1063d80a00b7c4cd2e5e5fe61e76792c0704b,719,assets/minecraft/optifine/cit/swords/power_sword/telesto.png
79a9eb6995ba242e93ff40fffc52606577d5f7a6,275,assets/minecraft/optifine/cit/swords/power_sword/power_sword_bafor.properties
c34ec6265e3f2ffe72f30df57b914956c1a0a62c,280,assets/minecraft/optifine/cit/swords/power_sword/power_sword_bastr.properties
eab92a5ad80b560f6ee0fe51adf86a56fc5b976e,4425,assets/minecraft/optifine/cit/swords/power_sword/power_sword.json
62aa684c1e25824b03149ed03f77bcce4979327f,193,assets/minecraft/optifine/cit/swords/power_sword/telesto2.properties
280099a6e0bc7f98b30dbf8d05f8017e67028053,193,assets/minecraft/optifine/cit/swords/power_sword/telesto3.properties
0d3425ebf29f34fcd52a69776199d2eee615e4ac,854,assets/minecraft/optifine/cit/swords/power_sword/power_sword.png
6b595ade76d93c0ced4ed89d11367a2b12f3a783,876,assets/minecraft/optifine/cit/swords/power_sword/power_sword_ba.png
ac28e71a2f063c1df655f9f1aa9c842abbceca34,192,assets/minecraft/optifine/cit/swords/power_sword/power_sword.properties
eecfc79b1b3aab41b8a54124f4cfe7d55a48a668,5185,assets/minecraft/optifine/cit/swords/power_sword/power_sword_ba.json
b743f8131997e5bf538caec6c4d54badb22faaf2,275,assets/minecraft/optifine/cit/swords/power_sword/power_sword_ba.properties
8bd3fc24e83ba7139809aff8c028903ab6727b31,3152,assets/minecraft/optifine/cit/swords/power_sword/telesto.json
cfe9053e0861571f5f37c1ee165688dac621618f,277,assets/minecraft/optifine/cit/swords/power_sword/power_sword_baneon.properties
e00cee5316b7afaaaf307dd508f5d531456f03b8,198,assets/minecraft/optifine/cit/swords/power_sword/telesto.properties
98423494fbd226b5826b2cce91b3c9782d0592bf,195,assets/minecraft/optifine/cit/swords/power_sword/telesto1.properties
f0b02773f1a53c25c711e09df2206efbcb6ee191,294,assets/minecraft/optifine/cit/swords/v4/sword_v4__ABIS_.properties
595524aa4731cda26636f2949fad857c6f32b62e,2850,assets/minecraft/optifine/cit/swords/v4/energy.png
607c84e2183ba43d8e5fef7b5d17e373afd22ca1,294,assets/minecraft/optifine/cit/swords/v4/sword_v4_fortit.properties
338c0399c370c7ca2f1505c14408704017a85a9f,294,assets/minecraft/optifine/cit/swords/v4/sword_v4_kyorze.properties
bb46fd099244100fd7796858272249c080370a56,1394,assets/minecraft/optifine/cit/swords/v4/sword_v4.png
ea5e4ac115609ae87e42f4615d7a4bf25acb1d60,295,assets/minecraft/optifine/cit/swords/v4/sword_v4_Turtyk_.properties
7158e6db58baf1d76dce193559a54853481963fc,298,assets/minecraft/optifine/cit/swords/v4/sword_v4_RoyGam8bit.properties
f31661166906cfe13c9cb20c9273c6d09bc24f60,296,assets/minecraft/optifine/cit/swords/v4/sword_v4_Nova69ru.properties
9a1f5b95eb6038a542bb86e1fb4d9ba071334210,3521,assets/minecraft/optifine/cit/swords/v4/sword_v4.json
8ecd55ab8d9b9440fab6b10aa8c8b205d9496996,39,assets/minecraft/optifine/cit/swords/v4/energy.png.mcmeta
8cfacc375c6dcca08e1a256223883c7de116d7fe,299,assets/minecraft/optifine/cit/swords/v4/sword_v4_lina_sobaka.properties
65bedb8b214b135ca792173c716f24d1438c3c5d,1053,assets/minecraft/optifine/cit/swords/phase_blade/phase_blade.png
802b548a590bf620c753a68595ffd41f45c7efbd,211,assets/minecraft/optifine/cit/swords/phase_blade/phase_blade.properties
a615a74a1a40972b4b8e7d7895ebd0f45c33edec,4312,assets/minecraft/optifine/cit/swords/phase_blade/phase_blade.json
784040b1f8d3b51a7d89f4aedadac7d542c7f0d0,270,assets/minecraft/optifine/cit/swords/sunray/sunray.properties
35375076628dd49584906e8061b93dcb58d719dd,862,assets/minecraft/optifine/cit/swords/sunray/sunray.png
ac32ad29f88601b8847301b4cbef1bb065408c23,320,assets/minecraft/optifine/cit/swords/fulgrim_sword/fulgrim_kyorze.properties
01bd8fc8434e03d657860d1da20fdf3bfc593556,325,assets/minecraft/optifine/cit/swords/fulgrim_sword/fulgrim_lina_sobaka.properties
6ab6ccecdbd6b7aa25c80679f48a131bf3bea307,3280,assets/minecraft/optifine/cit/swords/fulgrim_sword/fulgrim_sword.json
6a8c18c18878474430eeb5480584df681c110f7a,1653,assets/minecraft/optifine/cit/swords/fulgrim_sword/fulgrim_sword.png
50a5ec432b93a21f71815b084904a31865e7771b,320,assets/minecraft/optifine/cit/swords/fulgrim_sword/fulgrim_Fortit.properties
76f557e99fa0e6e6bc3d9abd8eaee215c70776a6,3518,assets/minecraft/optifine/cit/swords/v1/sword_v1.json
96b2f4249f39152d3caa31e75c05b03e7615befd,1171,assets/minecraft/optifine/cit/swords/v1/sword_v1.png
8ecd55ab8d9b9440fab6b10aa8c8b205d9496996,39,assets/minecraft/optifine/cit/swords/v1/1.png.mcmeta
face7b03a7a7166e0e894e9edc3a7c7ea122e105,273,assets/minecraft/optifine/cit/swords/v1/sword_v1.properties
5f0624460229acfe5b7e94d644b71808103ca052,1095,assets/minecraft/optifine/cit/swords/v1/1.png
def6e2c2d97d94d6b1aef250d070516809f45edc,210,assets/minecraft/optifine/cit/swords/khornite_sword/khornite_sword.properties
0a461458ab15b110abdea251190cbf4be859b1ff,1334,assets/minecraft/optifine/cit/swords/khornite_sword/khornite_sword.png
99e539107478a216e8748a47378e1df1b70eba7d,3468,assets/minecraft/optifine/cit/swords/khornite_sword/khornite_sword.json
40d3ce4a4bf5a279fb44c1b4b2f0bfaea974fe7a,260,assets/minecraft/optifine/cit/swords/tronsonic_blade/tronsonic_blade.properties
59c4e0244f760b286540aaf027c8fa2aeef968bf,4614,assets/minecraft/optifine/cit/swords/tronsonic_blade/tronsonic_blade.json
7c89dcf6cd993a80cea4d4043a39fc7e09c14ac2,1248,assets/minecraft/optifine/cit/swords/tronsonic_blade/tronsonic_blade.png
d32e0ddf483fd0a122b793caae79c216ea9454bb,291,assets/minecraft/optifine/cit/axe/omnisian_axe/omnisian_axe3.properties
76c56dae7e9e36c68fde0a8d1508194389bc6fda,286,assets/minecraft/optifine/cit/axe/omnisian_axe/omnisian_axe.properties
dd39f49bf297caeee72da568d97fba4f1e9e19fc,6715,assets/minecraft/optifine/cit/axe/omnisian_axe/omnisian_axe.json
37d71e6c1b397af67f2400e372bd486fb02d8adf,286,assets/minecraft/optifine/cit/axe/omnisian_axe/omnisian_axe1.properties
b62f52d81c7a7d06a2240b21de434de2da16a6b9,286,assets/minecraft/optifine/cit/axe/omnisian_axe/omnisian_axe2.properties
89d404dbaa44576a4aa5a2a012fa693453fa49b4,1560,assets/minecraft/optifine/cit/axe/omnisian_axe/omnisian_axe.png
411dd17191509d61a5afb661b651aeb306255e2b,5885,assets/minecraft/optifine/cit/axe/thunder_hammer/thunder_hammer.json
1aceefec3754296786af901cf3ef2efd75c85dbb,216,assets/minecraft/optifine/cit/axe/thunder_hammer/thunder_hammer.properties
411dd17191509d61a5afb661b651aeb306255e2b,5885,assets/minecraft/optifine/cit/axe/thunder_hammer/thunder_hamm.json
a6a2f258e117cf930e7cf96f5ed2d776e0322cb1,2056,assets/minecraft/optifine/cit/axe/thunder_hammer/thunder_hammer.png
f1fd6cbd77f114d20923b34bb4ddd2ae87542706,5173,assets/minecraft/optifine/cit/axe/poweraxe_bloodangels/gold_axe_bloodangels.json
8087e0aec0c6ddee368235121b5dccd2562b7d4d,449,assets/minecraft/optifine/cit/axe/poweraxe_bloodangels/gold_axe_bloodangels3.properties
f2415cb91ecf428858d0c203d735d7e2dbcee0fb,1570,assets/minecraft/optifine/cit/axe/poweraxe_bloodangels/gold_axe_bloodangels.png
907f30276c9a44b5f44a4847dbd3006cbaead081,447,assets/minecraft/optifine/cit/axe/poweraxe_bloodangels/gold_axe_bloodangels4.properties
e394de802a422777e91d4a7a3cf2b6108c0c8a6b,447,assets/minecraft/optifine/cit/axe/poweraxe_bloodangels/gold_axe_bloodangels2.properties
22aef9c42f50cf79c86af2db32011ffade6abd7f,452,assets/minecraft/optifine/cit/axe/poweraxe_bloodangels/gold_axe_bloodangels.properties
404fbb0a053e9f9a37bdee140102a57929f62a46,3745,assets/minecraft/optifine/cit/axe/empathic_obliterator/empathic_obliterator.json
f880c55fc19af5f89f2ef644c7b945321b4edb89,366,assets/minecraft/optifine/cit/axe/empathic_obliterator/empathic_obliterator.properties
97c48167e6ea8a6be3ca00c1ec3a9edbfbecbe37,361,assets/minecraft/optifine/cit/axe/empathic_obliterator/empathic_obliteratorq.properties
57d02db03df129bdf123152b4368c89a3df81b44,365,assets/minecraft/optifine/cit/axe/empathic_obliterator/empathic_obliteratora.properties
b80e468c1d013d422712d963a27a08113fa757a2,361,assets/minecraft/optifine/cit/axe/empathic_obliterator/empathic_obliteratorky.properties
87861d0bd777006f87f37d23082bcace957f1251,1568,assets/minecraft/optifine/cit/axe/empathic_obliterator/empathic_obliterator.png
5b4d822e41272091c9338ff9adc86bd4a96f3310,5209,assets/minecraft/optifine/cit/axe/power_axe/power_axe.json
15e9fef735470192bac5acb71d829f91eeb9167a,246,assets/minecraft/optifine/cit/axe/power_axe/power_axe.properties
e2c5d201e369f09c5f9ab4761adc354b8f6503e5,1481,assets/minecraft/optifine/cit/axe/power_axe/power_axe.png
de397b3301d69e4265dc08ec683885307c2a3efd,5205,assets/minecraft/optifine/cit/axe/shackled_poweraxe/shackled_poweraxe.json
e9d9401f9674e5dc9692cd4370de968136e34c9e,318,assets/minecraft/optifine/cit/axe/shackled_poweraxe/shackled_poweraxe.properties
1bb7437d98bc56356bbcc99c14688911258bdc1c,1751,assets/minecraft/optifine/cit/axe/shackled_poweraxe/shackled_poweraxe.png
19f3f09b5cdfbb0e81580148a2a6ba19a9056909,284,assets/minecraft/optifine/cit/axe/power_forging_hammer/power_forging_hammer.properties
4bd9bbb0fdb1c7a90633626d57afd61247c69f6c,4455,assets/minecraft/optifine/cit/axe/power_forging_hammer/power_forging_hammer.json
9bce8a4f10b89b3d28e7aa9dad7ccca384e4b86d,278,assets/minecraft/optifine/cit/axe/power_forging_hammer/power_forging_hammerr.properties
52405904305bc86599a2385dbf371e6921eae3aa,279,assets/minecraft/optifine/cit/axe/power_forging_hammer/power_forging_hammerrr.properties
c38d5f61931b80cf61ce31ced0d057d42791c225,1567,assets/minecraft/optifine/cit/axe/power_forging_hammer/power_forging_hammer.png
08a3bc5158c46aeef6d89acfc6fb2e813dd9bcba,5329,assets/minecraft/optifine/cit/axe/fulgurite_staff/fulgurite_staff.json
079d31c16f301b9053fec789e2c4e36179dfa0e3,922,assets/minecraft/optifine/cit/axe/fulgurite_staff/fulgurite_staff.png
8d2b3c78e5caa4c0f77f2983a4d82584796d9d8e,277,assets/minecraft/optifine/cit/axe/fulgurite_staff/fulgurite_staff.properties
e0e175e19eb50079b4bfb82b2ac3add16908f1b5,240,assets/minecraft/optifine/cit/axe/chain_axe/chain_axe.properties
2a84754e6d44fcc44b8c4b4df430e3e567ad0abb,1461,assets/minecraft/optifine/cit/axe/chain_axe/chain.png
0938b18b9cc9ece581fa779574346807d0de752b,4730,assets/minecraft/optifine/cit/axe/chain_axe/chain_axe.json
637c99a7dac6321b5ec2efa8981e90eb1837fb0e,1653,assets/minecraft/optifine/cit/axe/chain_axe/chain_axe.png
e6dc8cfcc0fdcfe0c984e3790d9966fc1296b6a7,39,assets/minecraft/optifine/cit/axe/chain_axe/chain.png.mcmeta
04666ffc9c094302368cf8d1866c08b558261def,264,assets/minecraft/optifine/cit/axe/omnisian_axe3/omnisian_axe3.properties
391119f0251e0d4cf01cd15adbafe93c6ff6be6f,269,assets/minecraft/optifine/cit/axe/omnisian_axe3/omnisian_axe.properties
52ae756d9db58b7e8f007b31bb59c90962efac8c,6325,assets/minecraft/optifine/cit/axe/omnisian_axe3/omnisian_axe.json
eceac4e1348d1b3617c1a3bffb4569bd6001d0af,264,assets/minecraft/optifine/cit/axe/omnisian_axe3/omnisian_axe1.properties
60e39610f400415d58ee5262930262cd429f692a,264,assets/minecraft/optifine/cit/axe/omnisian_axe3/omnisian_axe2.properties
e3b186d9f2185844a6956eba5274e7f29b343129,1679,assets/minecraft/optifine/cit/axe/omnisian_axe3/omnisian_axe.png
2fbe3a043de083e31e3d869e539e3e5971d9b331,334,assets/minecraft/optifine/cit/axe/omnisian_axe2/omnisian_axe3.properties
26957430154bbc97258088e4e81be398892bd6ea,339,assets/minecraft/optifine/cit/axe/omnisian_axe2/omnisian_axe.properties
a7c96b0f22297ba9fb4b48212e7e34e458faa15c,6592,assets/minecraft/optifine/cit/axe/omnisian_axe2/omnisian_axe.json
6d218b72cfbf0f91671c8623fdce153c069ffa72,334,assets/minecraft/optifine/cit/axe/omnisian_axe2/omnisian_axe1.properties
daa06401e4d8cc0da04a7d01a2317cbb1324a43e,334,assets/minecraft/optifine/cit/axe/omnisian_axe2/omnisian_axe2.properties
7b0feedbe38bf44ac648d6142ff9916838713978,1549,assets/minecraft/optifine/cit/axe/omnisian_axe2/omnisian_axe.png
ed85c9e7e310ffa37de8b6525ed395318257e20e,245,assets/minecraft/optifine/cit/totem/assassins_phase_blade/assassins_phase_blade.properties
594e98c1f07104e1012e11cc45c058ec1481d7a3,678,assets/minecraft/optifine/cit/totem/assassins_phase_blade/assassins_phase_blade.png
d3bf88afc9b0d54810efe2f3d6ec5c34b4dbc2f0,2875,assets/minecraft/optifine/cit/totem/assassins_phase_blade/assassins_phase_blade.json
6c56ce957cb613f83cd62aeb5372883c15413995,259,assets/minecraft/optifine/cit/totem/chorus_breaker/chorus__ABIS_.properties
a63ba0fe220294fd0fe46cd57b2921484e110c27,9254,assets/minecraft/optifine/cit/totem/chorus_breaker/chorus_breaker.json
6b0afdd851d848c7af4816d9d31542dcf1631151,4532,assets/minecraft/optifine/cit/totem/chorus_breaker/chorus_breaker.png
2af01cd1f407c9ccc22a0a713f14da55fa95e6ac,259,assets/minecraft/optifine/cit/totem/chorus_breaker/chorus_Fortit.properties
e4ab84bfaaa717654446f0a5f4c9ffc72a2237e5,259,assets/minecraft/optifine/cit/totem/chorus_breaker/chorus_kyorze.properties
479f870e41942ce9502270f9bf5da47fe52796fd,226,assets/minecraft/optifine/cit/totem/punch/punch_gold_kyorze.properties
5b58700900d9444db3cee80b3e0cbba01b958d63,226,assets/minecraft/optifine/cit/totem/punch/punch_gold__ABIS_.properties
601a917a3db5c5ae084147da1e577255b33beffc,4600,assets/minecraft/optifine/cit/totem/punch/punch.json
b05e255bd2a32dbfc18053b559a906fbe5ced62d,235,assets/minecraft/optifine/cit/totem/punch/punch_red_mechanik_Fortit.properties
79ba33f24a3a6b81416c91f6c611e618fb18275c,228,assets/minecraft/optifine/cit/totem/punch/punch_dark_iron_off__ABIS_.properties
12eb2e820c93ab00fe90a91e8793f6c5871273a4,229,assets/minecraft/optifine/cit/totem/punch/punch_gold_off_Fortit.properties
3a567d7099123489fbc5be0dc05e7512047cf864,238,assets/minecraft/optifine/cit/totem/punch/punch_red_mechanik_off__ABIS_.properties
919cef0da9d1edfd5a47e972f0226243c878012a,231,assets/minecraft/optifine/cit/totem/punch/punch_gold_Srogo_Tilt.properties
0128edf8d9e1577aeb235c3c504700460ae50cc8,973,assets/minecraft/optifine/cit/totem/punch/punch_red_mechanick.png
995b4b04398bf34d7aa15889cce1f1033d7cad9a,225,assets/minecraft/optifine/cit/totem/punch/punch_dark_iron_Fortit.properties
440346e986ca800c95d3af4cf5db0d9be790216d,234,assets/minecraft/optifine/cit/totem/punch/punch_gold_off_Strogo_Tilt.properties
b34d0de96925d0eca45384d3d2bee6bf5f69fb7d,229,assets/minecraft/optifine/cit/totem/punch/punch_gold_off__ABIS_.properties
40550dfea5ac03cd5e38d7a74e81063609981610,225,assets/minecraft/optifine/cit/totem/punch/punch_dark_iron__ABIS_.properties
0cdcbc8d6c585327d3f8729effa8b87fda481498,229,assets/minecraft/optifine/cit/totem/punch/punch_gold_off_kyorze.properties
7645d7a18cde25f51b0e1a8c0f5ac0788bc7900a,934,assets/minecraft/optifine/cit/totem/punch/punch_dark_iron.png
ab38ea967a95f515e9ba2d3dc4dc211a51523bb4,235,assets/minecraft/optifine/cit/totem/punch/punch_red_mechanik__ABIS_.properties
b6973a5bd3f7f6bbc30194d2cb39930a57e7f65c,230,assets/minecraft/optifine/cit/totem/punch/punch_dark_iron_Strogo_Tilt.properties
bd70444638d8e60b88c784b90f878e4efab10909,238,assets/minecraft/optifine/cit/totem/punch/punch_red_mechanik_off_Fortit.properties
6cb8f42f60b905b79618b8468e39349218b52e17,240,assets/minecraft/optifine/cit/totem/punch/punch_red_mechanik_Strogo_Tilt.properties
ba102b8c13eaae4c838eb18a7e2db8e941da7d43,226,assets/minecraft/optifine/cit/totem/punch/punch_gold_Fortit.properties
40af1c7f8f90a9e0e7ba7c31ea46ef1da90d2c21,243,assets/minecraft/optifine/cit/totem/punch/punch_red_mechanik_off_Strogo_Tilt.properties
8d83923c63b50faea033a05f9a297ac1abce50f3,228,assets/minecraft/optifine/cit/totem/punch/punch_dark_iron_off_kyorze.properties
acc8a4073fc5b4f1fec4bfe5edcaa13234896d93,235,assets/minecraft/optifine/cit/totem/punch/punch_red_mechanik_kyorze.properties
ae671bd0d057665a361f6998c26211ffcc3622af,1141,assets/minecraft/optifine/cit/totem/punch/punch_gold.png
33a7b14cf8fe4da6a742ce963b3958ccaadea95d,4496,assets/minecraft/optifine/cit/totem/punch/punch_off.json
1ef7199a61f4e271497874b458f5b2f348922626,233,assets/minecraft/optifine/cit/totem/punch/punch_dark_iron_off_Strogo_Tilt.properties
47857f6dd76b496b7e18bb8b525a803848a27761,228,assets/minecraft/optifine/cit/totem/punch/punch_dark_iron_off_Fortit.properties
136b12e6462e3180f5bbe4f49c0bd350a13c0ccf,225,assets/minecraft/optifine/cit/totem/punch/punch_dark_iron_kyorze.properties
c0b68f5fe75d271f82419c653813de92aa98e0c5,238,assets/minecraft/optifine/cit/totem/punch/punch_red_mechanik_off_kyorze.properties
216f0e553eb0a40c81c5cc34491ea1cba7ba7dc9,298,assets/minecraft/optifine/cit/totem/exoskeletal_neuroprotective_tissue/exoskeletal_neuroprotective_tissue.properties
2bf7ca6187827363c9f5be42684706e20245281e,4673,assets/minecraft/optifine/cit/totem/exoskeletal_neuroprotective_tissue/exoskeletal_neuroprotective_tissue.json
68b7318cd1187db31a280d0f663e092bb152fd49,823,assets/minecraft/optifine/cit/totem/exoskeletal_neuroprotective_tissue/exoskeletal_neuroprotective_tissue.png
3a443f30b1f55c1adb2a345cd5a19f77cd62266b,222,assets/minecraft/optifine/cit/totem/emperors_claw/emperors_claw2.properties
9d9f0474f86f42d020c284a612acade998521e1a,3377,assets/minecraft/optifine/cit/totem/emperors_claw/emperors_claw.json
d9c017445fa982130c76b4fe6e8b2564687dafd0,222,assets/minecraft/optifine/cit/totem/emperors_claw/emperors_claw1.properties
e82938008f611bfbc30f97a9df371960be9b30a7,160,assets/minecraft/optifine/cit/totem/emperors_claw/chain_fist.properties
0223cb7ff6af4c5aaaad3478163edab2d2646b9e,2342,assets/minecraft/optifine/cit/totem/emperors_claw/chain_fist.json
c9c68adbb554f19d4fc7ec766c0dfacd477e19c1,227,assets/minecraft/optifine/cit/totem/emperors_claw/emperors_claw.properties
c381f6d12d0a98f3e4aac9dbb1515021ecc3a4cf,40,assets/minecraft/optifine/cit/totem/emperors_claw/chain_fist.png.mcmeta
8f9bf6a4875787d9c952e7a2ac6a9763691ec59d,222,assets/minecraft/optifine/cit/totem/emperors_claw/emperors_claw3.properties
7e74c1657dfc07743cc34d7fad9cb4477a785035,185,assets/minecraft/optifine/cit/totem/emperors_claw/power_fist.properties
1472eb375e26a5c98446d0498ecf46678827bcad,166,assets/minecraft/optifine/cit/totem/emperors_claw/fist_of_manus.properties
7e71cdf644ee126efde5ec30567a776d89b90df8,470,assets/minecraft/optifine/cit/totem/emperors_claw/power_fist.png
4bbf62cd3c9da2bea1988d7b9d3e669df9268db4,3208,assets/minecraft/optifine/cit/totem/emperors_claw/fist_of_manus.json
6f00da2b85c82ae050d35e96474b6f3c0e859cda,511,assets/minecraft/optifine/cit/totem/emperors_claw/fist_of_manus.png
48ed409119fb1cb06db6edd5c5213fff400245f2,486,assets/minecraft/optifine/cit/totem/emperors_claw/emperors_claw.png
0a31dae9eedfab41d82c47ab65ed799f42225bbe,636,assets/minecraft/optifine/cit/totem/emperors_claw/chain_fist.png
049bb1e87401b617aa65904d77c5d68b0891d730,3291,assets/minecraft/optifine/cit/totem/emperors_claw/power_fist.json
3169d1e878499779fef26db800727db3b959db08,471,assets/minecraft/optifine/cit/totem/hellfist/hellfist.png
87f6ff0a162e601729b8d00cbfcf989e5940b8e2,156,assets/minecraft/optifine/cit/totem/hellfist/hellfist.properties
3af23b93b8824b1b823eb313c1c00c9ea48997cd,1685,assets/minecraft/optifine/cit/totem/hellfist/hellfist.json
3f7200c42b65580c466d38a480538e964b3be17e,181,assets/minecraft/optifine/cit/totem/insignia/electric_heater.properties
e54297bd20d5471add1e91c55d115a1c616d2ef4,572,assets/minecraft/optifine/cit/totem/insignia/insignia.png
96cc485fb0a9ba562ce7911efecbd0cf0c23ec2d,6779,assets/minecraft/optifine/cit/totem/insignia/electric_heater.json
62afb64fab9c14057c1502d6722ddece2cfdec32,865,assets/minecraft/optifine/cit/totem/insignia/electric_heater.png
b6af733c5ec690fcf71d84acffe5bc35f9038f15,137,assets/minecraft/optifine/cit/totem/insignia/insignia.properties
b68721787de624b3bdc12b4727238d0da88398a2,4632,assets/minecraft/optifine/cit/totem/insignia/insignia.json
8b0d2f8b3fbda2b139595738765504e68e7c020f,1057,assets/minecraft/textures/misc/pumpkinblur.png
1490e1a84a95e965c4fac6ac482e98ce7ba06af7,41,assets/minecraft/textures/misc/pumpkinblur.png.mcmeta
