4a9a33a3e2091feb0bef21beb7dd35eb94632f29,19,.cult_omega_info.txt
a412963d3eebcc806e225ebe2dfee073a4791d32,184,assets/minecraft/optifine/cit/cult_omega/items/inverted_pot.properties
74cba6bbba869369e7ba89cea684818586bda699,230,assets/minecraft/optifine/cit/cult_omega/items/omega_coin.png
dd45301845ffb9721a5e94b8126bbdf1529037e6,241,assets/minecraft/optifine/cit/cult_omega/items/obsidian_growths.properties
4cc7fc17a0c1b899638ffc5c38531302a93285d3,1256,assets/minecraft/optifine/cit/cult_omega/items/pavuk2.json
a9d35cf3a9b5f359cf39a3888553c4c7c2e52b18,9724,assets/minecraft/optifine/cit/cult_omega/items/box_vina.json
978dc5352899b30b9a93ff96fa7dc4debf16f5e8,938,assets/minecraft/optifine/cit/cult_omega/items/idol_moloha.png
508848300cabdfcb0623491f80e46baf09dae134,194,assets/minecraft/optifine/cit/cult_omega/items/vosk_ladan.properties
2fa74b65df0d81b3fd94cf178eafc4aabf8200d6,39,assets/minecraft/optifine/cit/cult_omega/items/monster_egg.png.mcmeta
2972fb8baa15e9be388193eec773040ebf1b8ff7,350,assets/minecraft/optifine/cit/cult_omega/items/pavuk2.png
79747ed61a16849ebedfb13023469c0813c670b2,601,assets/minecraft/optifine/cit/cult_omega/items/idol_baala.png
9da406617b6bbcc65c50716ce6f1fed13da1dfc6,6853,assets/minecraft/optifine/cit/cult_omega/items/heruvum.json
b05df8f66611d5ff10961fd53069a18f9fcc0838,554,assets/minecraft/optifine/cit/cult_omega/items/podnos_vina.png
1dcbe5607c96eb84e3f6addbf7cf6c3fd14d0037,2091,assets/minecraft/optifine/cit/cult_omega/items/inverted_pot.json
48555d5e1cf0070257065752df454f916545a017,39,assets/minecraft/optifine/cit/cult_omega/items/barrel_vina.png.mcmeta
3a98b016860a0aea9fd13bb025a0afa665ba5260,2830,assets/minecraft/optifine/cit/cult_omega/items/pavuk1.json
571f16d4ab41ce6d9ef81e79d7bb645b7594c80f,160,assets/minecraft/optifine/cit/cult_omega/items/tetragrammaton.properties
409e87191aa4ae66c3e43982c2f35924379a08f7,7272,assets/minecraft/optifine/cit/cult_omega/items/barrel_vina.json
12f87c49fad71817b275162def17a3290faee9c3,15273,assets/minecraft/optifine/cit/cult_omega/items/ivy_pot.json
1ec7cceeb269464c633cecb39f677278be2b8c0f,3676,assets/minecraft/optifine/cit/cult_omega/items/idol_baala.json
9bee0b1123081f6ab9dcb01063f549da4e9c8462,3679,assets/minecraft/optifine/cit/cult_omega/items/idol_moloha.json
1cc035c31e2750670e37891cec1ab3a61d5bad3b,123,assets/minecraft/optifine/cit/cult_omega/items/idol_baala.properties
130cc2c3659f5bfb8b37a1a3287be3e28ba2dee4,4172,assets/minecraft/optifine/cit/cult_omega/items/monster_egg.png
b5badd26a3093c6ca846f9586be44da8de7b6314,165,assets/minecraft/optifine/cit/cult_omega/items/zazhigalka.properties
8f1e2a2c666597fdc64406f9ec07a35b6b5fa520,161,assets/minecraft/optifine/cit/cult_omega/items/pavuk2.properties
083c7a99390290711494aae270a30dd5e8db2c74,395,assets/minecraft/optifine/cit/cult_omega/items/korob.properties
d4e16098e82cce11460af9ed3272547be445c40c,204,assets/minecraft/optifine/cit/cult_omega/items/barrel_vina.properties
52c5d4f11decd8d44a4bd08b936108ead5f3dbca,1245,assets/minecraft/optifine/cit/cult_omega/items/scheme_zikkurat.json
86b1e1d6ae24ff43b2d40922cd2a17c95dba12aa,69,assets/minecraft/optifine/cit/cult_omega/items/zazhigalka.png.mcmeta
b3cccb05b8bce644f969218586e2fb79dce940b7,148,assets/minecraft/optifine/cit/cult_omega/items/podnos_vina.properties
86b1e1d6ae24ff43b2d40922cd2a17c95dba12aa,69,assets/minecraft/optifine/cit/cult_omega/items/zazhigalka_e.png.mcmeta
f3d732d4cd6872464fd806dd35038f914195a931,130,assets/minecraft/optifine/cit/cult_omega/items/idol_moloha.properties
da73d189d4814bdcf658756b5f3c5fbbd610ba88,524,assets/minecraft/optifine/cit/cult_omega/items/zazhigalka.png
8d51a9f49235ce1c960ddc43deadf2a848fd8405,366,assets/minecraft/optifine/cit/cult_omega/items/ladan.png
3dee55467929da8fdac12ca1b744e80c81e7e38b,4955,assets/minecraft/optifine/cit/cult_omega/items/monkey.json
9ecdeec8828fad714c7292540eb1cf0cf7d40200,4956,assets/minecraft/optifine/cit/cult_omega/items/monkey_water.json
cc51d9ef8ca4ef2e257c649e76517d7fbb15e0a7,138,assets/minecraft/optifine/cit/cult_omega/items/ivy_pot.properties
bf6d87be2ec6c65d0a77a52b4f5ace70ba87768e,122,assets/minecraft/optifine/cit/cult_omega/items/monkey.properties
5491d925d0434fb1afe6a95583cf4d1ec276d78f,536,assets/minecraft/optifine/cit/cult_omega/items/obsidian_growths.png
17352919a1f9317292d0f5571e2e947816fbbdb3,15873,assets/minecraft/optifine/cit/cult_omega/items/monster_egg.json
711fd602b7b85f0f06724ec577fb8790cbb96ee0,813,assets/minecraft/optifine/cit/cult_omega/items/tetragrammaton.png
0847bb2a534315f42a73d5f37845d30733b031a5,132,assets/minecraft/optifine/cit/cult_omega/items/box_vina.properties
786df2966fb82bbfebfbb93a0866ff420b532831,228,assets/minecraft/optifine/cit/cult_omega/items/monster_egg.properties
747dc0a135c48594d5df8fb08d83765c3dfdd7b9,24666,assets/minecraft/optifine/cit/cult_omega/items/portal.json
9ecf9d5755523f0e7c8a24a6f2eb38f6db4534ad,156,assets/minecraft/optifine/cit/cult_omega/items/scheme_zikkurat.properties
3cef51a4449fa4b58b17aeba7e2ead474510e1c6,1143,assets/minecraft/optifine/cit/cult_omega/items/omega_coin.json
44b8d096284a86476f8c64a7cc6a16af619a04dd,186,assets/minecraft/optifine/cit/cult_omega/items/portal.properties
efe11a89f27410f188160ba04f5d477954896427,1335,assets/minecraft/optifine/cit/cult_omega/items/heruvum.png
bfc5eee5dcca7d130c7118c6e375b308a71c011d,1313,assets/minecraft/optifine/cit/cult_omega/items/box_vina.png
e576e14bed8363d9e67f800f5dedda8a9b23a936,131,assets/minecraft/optifine/cit/cult_omega/items/omega_coin.properties
225fa923f949f070622882e12a86b16d27a5253e,100,assets/minecraft/optifine/cit/cult_omega/items/ladan.properties
a679689c36e282a6058f81e92a81e5d82744418b,2944,assets/minecraft/optifine/cit/cult_omega/items/monkey.png
961f2a9fb0020a762f65ebef67dd537719d13e8f,497,assets/minecraft/optifine/cit/cult_omega/items/pavuk1.png
6fb144bd6b292beddee9ddba054f3e058a529d9a,175488,assets/minecraft/optifine/cit/cult_omega/items/scheme_zikkurat.png
b851a3e267e3568d06581a16144cfbe099063feb,20396,assets/minecraft/optifine/cit/cult_omega/items/grob.json
b75434b4e789d68a2cb619c3b92aa6b68df0bb98,12825,assets/minecraft/optifine/cit/cult_omega/items/buket.json
b5c8600734faa59cfd66d102e52331f090de6746,1530,assets/minecraft/optifine/cit/cult_omega/items/konvert.json
10bb8f7a2d38e6abbbedd82989b7f028e81aaad3,7274,assets/minecraft/optifine/cit/cult_omega/items/barrel_vina2.json
1bd64ccf048e81b3ed849d0f5fe3884e2859a78f,149,assets/minecraft/optifine/cit/cult_omega/items/pavuk1.properties
fd161a90d009ec64ffb56afc03e558ea7cc77bf7,91,assets/minecraft/optifine/cit/cult_omega/items/grob.properties
2fa74b65df0d81b3fd94cf178eafc4aabf8200d6,39,assets/minecraft/optifine/cit/cult_omega/items/portal.png.mcmeta
b6106afffcf5d105b87bc36427faceeba1e606ec,2893,assets/minecraft/optifine/cit/cult_omega/items/korob.png
13d5c53ff650e2ff5009aa77a3644d7529d96753,9750,assets/minecraft/optifine/cit/cult_omega/items/obsidian_growths.json
68b6c1b7c125bd37f9bb75051542eb747a227774,1434,assets/minecraft/optifine/cit/cult_omega/items/tetragrammaton.json
9483403941ab1f8a3ed0a9f65d2eee8ec0d73dc0,170,assets/minecraft/optifine/cit/cult_omega/items/monkey_water.properties
07d2dd6730f5d437165e325c2c964aa57c4bae36,131,assets/minecraft/optifine/cit/cult_omega/items/konvert.properties
754798f6562992a67fdd2f736d6874f0ed0d0417,10645,assets/minecraft/optifine/cit/cult_omega/items/podnos_vina.json
39375587cf2e5ef839f7472749c5aa1dbdc2dc9c,2231,assets/minecraft/optifine/cit/cult_omega/items/ivy_pot.png
373a467f564ca33bc91b89855c9e2d4e9e87ba4f,230,assets/minecraft/optifine/cit/cult_omega/items/zazhigalka_e.png
5aabdebfa406b1f7ee23a2406a276ed0073cddc8,138,assets/minecraft/optifine/cit/cult_omega/items/barrel_vina2.properties
1e5d04cbaa94423c592c007ba5111c2e957f35ad,40,assets/minecraft/optifine/cit/cult_omega/items/monkey.png.mcmeta
6e8139388b0771cfdcffd2ac6fffd4daaa91cb7e,1176,assets/minecraft/optifine/cit/cult_omega/items/korob.json
c4fde0a2eaf033d045b72233696414b0b1219eb6,10636,assets/minecraft/optifine/cit/cult_omega/items/barrel_vina.png
35f21db9cdc0dd8cd0c5b626e3da0d22dc2d017a,701,assets/minecraft/optifine/cit/cult_omega/items/buket.png
dbc0a0e6db7f320d3e79f51fc9075d10486080e0,305,assets/minecraft/optifine/cit/cult_omega/items/konvert.png
6c278cb5671e75591849c321146434b844b5f460,149,assets/minecraft/optifine/cit/cult_omega/items/buket.properties
4c9c002ad0f2a465a1a4e487155b3a2341d69d68,772,assets/minecraft/optifine/cit/cult_omega/items/inverted_pot.png
3d9872296988ebe1203a881a536368a2227cc310,1938,assets/minecraft/optifine/cit/cult_omega/items/vosk_ladan.png
9e79d669fd9a8564ff472f0a6c3135d0511acf8f,155,assets/minecraft/optifine/cit/cult_omega/items/heruvum.properties
0de92cef0055160e80b4f9338fe28e6039742f87,3749,assets/minecraft/optifine/cit/cult_omega/items/vosk_ladan.json
fbe9bf6379cfe6281abf72b0c562d3e4dd662a52,2824,assets/minecraft/optifine/cit/cult_omega/items/ladan.json
e2f8d4afd28ff5e749807b6c81ead253c0375ba6,36613,assets/minecraft/optifine/cit/cult_omega/items/portal.png
8ecd55ab8d9b9440fab6b10aa8c8b205d9496996,39,assets/minecraft/optifine/cit/cult_omega/items/vosk_ladan.png.mcmeta
fd35412ca0989562acffd6e21be9608622994287,1538,assets/minecraft/optifine/cit/cult_omega/items/barrel_vina2.png
040474263cd69573e6c822f53462a2d6f890aade,3270,assets/minecraft/optifine/cit/cult_omega/items/grob.png
885be8069321fe1d9282df85862e580386e01efe,280,assets/minecraft/optifine/cit/cult_omega/armors/veth_talis_head_icon.png
fef90a508d9aa4e51a3efcd70e4a6d2f39d6c76f,176,assets/minecraft/optifine/cit/cult_omega/armors/chestplate_talis.properties
2031c581e9c6445b1a6863d7626976815d92e74e,452,assets/minecraft/optifine/cit/cult_omega/armors/hoshen_icon.png
22a516779776b3d4eccc7f9f3d05e2ea3190fd7e,172,assets/minecraft/optifine/cit/cult_omega/armors/head_talis.properties
84522e13ba44486d4b999dd33e68fd21878de21c,220,assets/minecraft/optifine/cit/cult_omega/armors/veth_talis_head_armor.properties
bf86f2a43c5b6f617b17b51e631a734559163ee9,571,assets/minecraft/optifine/cit/cult_omega/armors/hoshen_armor.png
72743ad442aa30682f586fc381a6b6ecf9201214,223,assets/minecraft/optifine/cit/cult_omega/armors/veth_talis_head_icon.properties
629f20ccdf48bcdbe086819d803bc763274a7481,1344,assets/minecraft/optifine/cit/cult_omega/armors/talis_armor.png
e686a7b329513912aac2c79e04afcd598bab874b,162,assets/minecraft/optifine/cit/cult_omega/armors/head_talis_icon.properties
26498332e435ca3e3767a7f49aae1499b9e61519,113,assets/minecraft/optifine/cit/cult_omega/armors/hoshen_icon.properties
a401a3534b5cffd4fd46431a4ddd293c07ee5543,128,assets/minecraft/optifine/cit/cult_omega/armors/hoshen_armor.properties
de2732ee04003448c00c28807f11c4afd47801e4,335,assets/minecraft/optifine/cit/cult_omega/armors/veth_talis_legs_icon.png
709f2c25df97a0efd036fc6edd6cbb405eac36dd,225,assets/minecraft/optifine/cit/cult_omega/armors/veth_talis_legs_icon.properties
d5fadda6b86ba07ddf17d9f5a3aee7d0024dfb6c,1159,assets/minecraft/optifine/cit/cult_omega/armors/veth_talis_armor.png
dfba0cca4956d59d588910933f38028fe61316aa,278,assets/minecraft/optifine/cit/cult_omega/armors/head_talis_icon.png
f81fd7e8ae2f6c0d5063770e6f71238448f5e07d,172,assets/minecraft/optifine/cit/cult_omega/armors/chestplate_talis_icon.properties
eb7b08ed83cccb1e4607eccf46185faff1c170e7,348,assets/minecraft/optifine/cit/cult_omega/armors/chestplate_talis_icon.png
2a19fd51c79904c4c93b768e78a4e9232bd66b16,222,assets/minecraft/optifine/cit/cult_omega/armors/veth_talis_legs_armor.properties
d467120468381c8faf6c7686aa5ecb6120102424,10233,assets/minecraft/optifine/cit/cult_omega/pedestals/pedestal_sixa.json
2fa74b65df0d81b3fd94cf178eafc4aabf8200d6,39,assets/minecraft/optifine/cit/cult_omega/pedestals/egorsp2.png.mcmeta
8c623757b06216435608e7fd9d998edb5a4eda9e,4955,assets/minecraft/optifine/cit/cult_omega/pedestals/egorsp2.png
f9b80eb733536475392c4eff4ca189c7806bcfd5,40879,assets/minecraft/optifine/cit/cult_omega/pedestals/pedestal_topheth.json
8ecd55ab8d9b9440fab6b10aa8c8b205d9496996,39,assets/minecraft/optifine/cit/cult_omega/pedestals/topheth.png.mcmeta
8c68c43d1031bded90c3e086e524b23963e3c959,1915,assets/minecraft/optifine/cit/cult_omega/pedestals/cherep.png
9a5b9406c42cfc1045ea465a2ff261249330e941,170,assets/minecraft/optifine/cit/cult_omega/pedestals/pedestal_egorsp.properties
49e42df080ef9d7e5095b6e416c36febfc96b6dc,8123,assets/minecraft/optifine/cit/cult_omega/pedestals/pedestal_nomad.json
c27708999ddd201f05a55364b29108bed2a229c8,1423,assets/minecraft/optifine/cit/cult_omega/pedestals/pedestal.png
ed20ffb6d919b308d417273faab7b654003719ef,18594,assets/minecraft/optifine/cit/cult_omega/pedestals/pedestal_egorsp.json
dab6b53a6c0e0058bc6fee17a1af8608c18b8c01,171,assets/minecraft/optifine/cit/cult_omega/pedestals/pedestal_topheth.properties
8c17fb9a7b8b49c16bc69ae5aa6ebfbab6945b48,169,assets/minecraft/optifine/cit/cult_omega/pedestals/pedestal_nomad.properties
48555d5e1cf0070257065752df454f916545a017,39,assets/minecraft/optifine/cit/cult_omega/pedestals/cherep.png.mcmeta
bc85f3608494b3d517e5728316b9c4afe85e42d1,4210,assets/minecraft/optifine/cit/cult_omega/pedestals/egorsp.png
d5b4eb32db84beaa7132289073cbaa16bf5df8df,462,assets/minecraft/optifine/cit/cult_omega/pedestals/topheth2.png
7e3cf109abcbe02836459fbf564ab605a51aafe7,69327,assets/minecraft/optifine/cit/cult_omega/pedestals/topheth.png
8ecd55ab8d9b9440fab6b10aa8c8b205d9496996,39,assets/minecraft/optifine/cit/cult_omega/pedestals/cher1.png.mcmeta
1a7f60784d634e7cee9ba8b390dd16314d153250,168,assets/minecraft/optifine/cit/cult_omega/pedestals/pedestal_sixa.properties
740b8a1a64d984f5c224db209c9f21d08e437570,1883,assets/minecraft/optifine/cit/cult_omega/pedestals/cher1.png
da6ed365a57a2716fc7f247e8ce1b2430a97e010,140,assets/minecraft/optifine/cit/cult_omega/potions/potion_truth.properties
03ba35b8cb35eea72397f4a6a58c69ebb314747f,144,assets/minecraft/optifine/cit/cult_omega/potions/libido_decoction.properties
e7890231e0d28491cc2e0bf3c81af6cddbe7f5cc,132,assets/minecraft/optifine/cit/cult_omega/potions/rat_poison.properties
ea2e766391b35e3b01883d80c49daa25afb5aea6,328,assets/minecraft/optifine/cit/cult_omega/potions/libido_decoction.png
1c78a1e5191e6e6cc35426c20ce839fe01a03e07,129,assets/minecraft/optifine/cit/cult_omega/potions/hypnotic.properties
4b52d02f41eec5f9c41b2ef3c4d1bdf8416cd5e4,440,assets/minecraft/optifine/cit/cult_omega/potions/feather_potion.png
cae2eee72172b1e9674b507ef8c6dc2a1ef5c387,141,assets/minecraft/optifine/cit/cult_omega/potions/whisper_death.properties
b5b4d9a7e9e7205b8a84eb050a59ba3a5aa2cb73,404,assets/minecraft/optifine/cit/cult_omega/potions/potion_paladin.png
b8c41f4dceacd74b2a0906a9ce2e32fac0e450e6,148,assets/minecraft/optifine/cit/cult_omega/potions/feather_potion.properties
80d1094d8ce44b11dd31c10f9a7b534de0fe2524,334,assets/minecraft/optifine/cit/cult_omega/potions/potion_truth.png
80b11f09359caa36c4e657213dda36c3adffb915,353,assets/minecraft/optifine/cit/cult_omega/potions/rat_poison.png
324b096603fbee48b05144c55814e6e367180470,428,assets/minecraft/optifine/cit/cult_omega/potions/antizin.png
ee9864e521e30393b2dd8e3027bf92786e7455e3,116,assets/minecraft/optifine/cit/cult_omega/potions/antizin.properties
a3b097ad58fac6ea20f9f3b10032a1a1b712d6d8,137,assets/minecraft/optifine/cit/cult_omega/potions/bottle_vina.properties
b64da770358c8574b1c7aa0a12ef7df7310b9ad2,4263,assets/minecraft/optifine/cit/cult_omega/potions/bokal_vina.json
f81876387164b63691d23c232d81d9c0c0bc4dd2,168,assets/minecraft/optifine/cit/cult_omega/potions/cuttlefish_blood.properties
03e7977b0100c774581f91d5a9176ca9ce14fd30,154,assets/minecraft/optifine/cit/cult_omega/potions/potion_paladin.properties
4dc98586a77559c2f76d54fdc9ac1bfe9ada1ec6,389,assets/minecraft/optifine/cit/cult_omega/potions/bokal_vina.png
2710ffbbd3181b83cbe5d79cb37794373a2efe22,157,assets/minecraft/optifine/cit/cult_omega/potions/healing_decoction.properties
ca31793f7b1701ec17e6574037206d7916b76d65,2890,assets/minecraft/optifine/cit/cult_omega/potions/bottle_vina.json
21973fa02b224f130a4e14b43bd223bec3522687,564,assets/minecraft/optifine/cit/cult_omega/potions/healing_decoction.png
2ae0404285f550eebe0acdca7656992d8ad239c8,397,assets/minecraft/optifine/cit/cult_omega/potions/iodine.png
5b4c5e6cd6dd1e225abbbfc559b39704be6658fe,85,assets/minecraft/optifine/cit/cult_omega/potions/iodine.properties
487a4e25f1a8301e61c2f9162f0c43d07dfe5925,318,assets/minecraft/optifine/cit/cult_omega/potions/cuttlefish_blood.png
d949c030b57ae564df7810a91fd4af45c34b8d88,358,assets/minecraft/optifine/cit/cult_omega/potions/whisper_death.png
9a0ec3c85e4012f9badb0ff98bd6763b4cd94082,312,assets/minecraft/optifine/cit/cult_omega/potions/hypnotic.png
af1ab50c0f77a6cf7d568d4d640eb424401808b6,124,assets/minecraft/optifine/cit/cult_omega/potions/bokal_vina.properties
bb541f7e0cc4d8547b05fc740bf37f60856a5c76,549,assets/minecraft/optifine/cit/cult_omega/potions/bottle_vina.png
867ad3b8adc1ccd252a1db9a406e92c1ff544b83,6421,assets/minecraft/optifine/cit/cult_omega/crossbows/pingey_charge.json
158f8daacbb3e1952d0c58dc0c1608896667107d,265,assets/minecraft/optifine/cit/cult_omega/crossbows/pingey.properties
cf58be0442d1238bb24c8d148ac3608a38b94f88,63,assets/minecraft/optifine/cit/cult_omega/crossbows/pingey.png.mcmeta
c54f94c93756517855b709a86669c5170561305b,3774,assets/minecraft/optifine/cit/cult_omega/crossbows/pingey.png
78a87a81370968ea2326c49c1f4f94ca81e7ab6f,6411,assets/minecraft/optifine/cit/cult_omega/crossbows/pingey.json
0f337acbe937534b9759bcd0ac3a81f9623e28a8,785,assets/minecraft/optifine/cit/cult_omega/foods/intestines_icon.png
7eae480d81e42abcd579216eb7ce1a3e08471963,486,assets/minecraft/optifine/cit/cult_omega/foods/grave_truffle.png
1e3e56c2ededd66efb7a361ba2882fbe22485e70,456,assets/minecraft/optifine/cit/cult_omega/foods/dobryanik.png
32a27a16f697a12e913ad98f5c7f1587532f392e,421,assets/minecraft/optifine/cit/cult_omega/foods/dream_beet.png
269538f9d73f37240b2e8f23b9d7d13a16920fe2,86,assets/minecraft/optifine/cit/cult_omega/foods/maca.properties
da12f79e260c198fb3773b7ca686bfe48a69704d,156,assets/minecraft/optifine/cit/cult_omega/foods/intestines.properties
a6b874cc248876c5835649b5af278d48cc158c5a,162,assets/minecraft/optifine/cit/cult_omega/foods/coral_eye.properties
7a2903b7610f8a11bc31db5f055fd8774e7efa94,131,assets/minecraft/optifine/cit/cult_omega/foods/dobryanik.properties
6647e15b2e6a082442a2d1fc16298db5dd3e0573,143,assets/minecraft/optifine/cit/cult_omega/foods/ingprado_cake.properties
521bc705f538853ea081ff0d425f54caa9857a0a,492,assets/minecraft/optifine/cit/cult_omega/foods/maca.png
a28b82b5a12b4ce79fcd08256dada66e0eb0b83a,653,assets/minecraft/optifine/cit/cult_omega/foods/dragon_pepper.png
eb883c5ef6effc2df0802897cc13641dd4b8fd42,1296,assets/minecraft/optifine/cit/cult_omega/foods/ingprado_cake.json
ef4d1ddda0380a451a2491a5be72ec9f29479ab5,1197,assets/minecraft/optifine/cit/cult_omega/foods/maca.json
8eecce2d5f72043b743f3ef3ac56f51673109799,5372,assets/minecraft/optifine/cit/cult_omega/foods/hamster_cake.json
eb2f896b59e8c0df8e1e41d94bc4edddd69ff149,142,assets/minecraft/optifine/cit/cult_omega/foods/hamster_cake.properties
15f46b1762cac0a4cf9e3807dc635b2483ce23fa,180,assets/minecraft/optifine/cit/cult_omega/foods/grave_truffle.properties
67b13ea9be3768d9d716770ee2f43f572c591b0a,168,assets/minecraft/optifine/cit/cult_omega/foods/dragon_pepper.properties
92653e654a752cfb3dd5d4002e2dd1eec7d054bc,141,assets/minecraft/optifine/cit/cult_omega/foods/dream_beet.properties
e01d48fb6a8e281cc7921b7919a171f67f796c46,161,assets/minecraft/optifine/cit/cult_omega/foods/intestines_icon.properties
b5d59fa60cbe353fcbdb4cac378ef0847c410cfd,1006,assets/minecraft/optifine/cit/cult_omega/foods/intestines.png
7a61649a2ce3c12c7c778d05e34b725513c76329,176,assets/minecraft/optifine/cit/cult_omega/foods/distorted_berries.properties
9e30f72470c9b90630855c0c5d7218c83e93c84d,1462,assets/minecraft/optifine/cit/cult_omega/foods/hamster_cake.png
9b586bfac220aac92c0b6b70613bf1c9dbe9ad9f,464,assets/minecraft/optifine/cit/cult_omega/foods/coral_eye.png
c182ab8b0addf5c577739ed5c9d379ba0686184a,145,assets/minecraft/optifine/cit/cult_omega/foods/brain.properties
084156a46b4165e73417f9cbf2a594872a5e1244,1011,assets/minecraft/optifine/cit/cult_omega/foods/ingprado_cake.png
e228bf4a03771f75a0c6305b2b6028c839cd2d61,432,assets/minecraft/optifine/cit/cult_omega/foods/distorted_berries.png
b4b93e6b24b5da4b70c8d25a9c151dce6bee6d91,4789,assets/minecraft/optifine/cit/cult_omega/foods/intestines.json
afea45a26840a47cc0814b944710f1ee9ca6f858,756,assets/minecraft/optifine/cit/cult_omega/foods/brain.png
b0455710cc1f58e0ec14d6083d921fc48512f562,182,assets/minecraft/optifine/cit/cult_omega/totems/4erepokwh.properties
8ecd55ab8d9b9440fab6b10aa8c8b205d9496996,39,assets/minecraft/optifine/cit/cult_omega/totems/lamp.png.mcmeta
db60ea32e569593bf44a3a86765214f5febaa4fa,222,assets/minecraft/optifine/cit/cult_omega/totems/pauldron_veth_talis.properties
92cdd87810949db5d1425b441f4db6b2dcde7e5c,181,assets/minecraft/optifine/cit/cult_omega/totems/4erepokbl_e.png
4833513cf197353fdd8e6e4f232d00e5c9cfb8d5,391,assets/minecraft/optifine/cit/cult_omega/totems/revival_book.png
1a40ad9b0ca9a9fe66c72a7f3eed031517570ff3,4228,assets/minecraft/optifine/cit/cult_omega/totems/4erepokwh.json
fc91cf9d11bb2f613b09d8ddd216ebd24b263e59,714,assets/minecraft/optifine/cit/cult_omega/totems/4erepokwh.png
d4145c3463736f6bacd768c16a93d958247956d3,6470,assets/minecraft/optifine/cit/cult_omega/totems/demon.json
c12f319e51f34cbf246643c9449fda30989877ae,176,assets/minecraft/optifine/cit/cult_omega/totems/4erepokbl.properties
f592061df7e2cab9cc8d2954752de2c9a096ca18,965,assets/minecraft/optifine/cit/cult_omega/totems/4erepokbl.png
3b2e54c32d5b369d5903b2a0343b7b2142b82033,152,assets/minecraft/optifine/cit/cult_omega/totems/demon.properties
470f48d49fd622aaf7533037892418f0c520ca5c,141,assets/minecraft/optifine/cit/cult_omega/totems/lamp.properties
6b6f5cf738fdaf14f6867f7e52eb22db39e9fa0e,729,assets/minecraft/optifine/cit/cult_omega/totems/pauldron_veth_talis.png
88e29392ce1033fa708e6b77e76188c835668113,2584,assets/minecraft/optifine/cit/cult_omega/totems/revival_book.json
0a8a0232484d37c0594d6ad64e7aab0d026f681c,4287,assets/minecraft/optifine/cit/cult_omega/totems/lamp.json
8792737d32db574f79f7a0aa77dd25c7b839ffc0,152,assets/minecraft/optifine/cit/cult_omega/totems/angel.properties
718d1e0d0fca9f7f22f9db8c61e864e953722c54,203,assets/minecraft/optifine/cit/cult_omega/totems/revival_book.properties
ff42d8cfb977a04de51774a6f1f9f70ccc2f8796,8980,assets/minecraft/optifine/cit/cult_omega/totems/angel.json
534f07068a09c7f9c8e249c60331b10204b18deb,2888,assets/minecraft/optifine/cit/cult_omega/totems/lamp.png
5e3c8ba11e6860145cbef2f643c6067ba062ad78,4236,assets/minecraft/optifine/cit/cult_omega/totems/4erepokbl.json
4f129e786c28d9ff9e069b3e55dced7f17b02e48,1616,assets/minecraft/optifine/cit/cult_omega/totems/pauldron_veth_talis.json
75b94d5de1a08c85cea22e765ed337b1e98128d7,2100,assets/minecraft/optifine/cit/cult_omega/totems/demon.png
682e6363717b055561647295f97ce8fa1febf739,3722,assets/minecraft/optifine/cit/cult_omega/totems/angel.png
ff9615db4309ea9c9ad40bb9d5b73ad1833ae82e,2715,assets/minecraft/optifine/cit/cult_omega/zfreepacks/wooden_helmet.png
c7d373bbd5d29135be627cd0a2d61d4afe952977,5221,assets/minecraft/optifine/cit/cult_omega/zfreepacks/wooden_sword.json
4ee1fd45e4a94d00d4c2a41e3872b054617152a7,2446,assets/minecraft/optifine/cit/cult_omega/zfreepacks/wooden_axe.png
fb4f8c80e15653993525f413c67b6d0b116c5627,232,assets/minecraft/optifine/cit/cult_omega/zfreepacks/mystery_box_open.properties
9eb4c09f0ae66803de2aac0ccb497d5ef015de2e,3709,assets/minecraft/optifine/cit/cult_omega/zfreepacks/mystery_box.png
7f7a60102b55992dade97d23f90be923ee7f7b3d,5347,assets/minecraft/optifine/cit/cult_omega/zfreepacks/wooden_hammer.json
18a8ee2592572cb0458b0098547f75901318b4cf,145,assets/minecraft/optifine/cit/cult_omega/zfreepacks/wooden_sword.properties
344fff7fd759eb2224b81af93d37e4ff292a6d42,5774,assets/minecraft/optifine/cit/cult_omega/zfreepacks/wooden_shield.json
2bfccc162a2af16983b159df9e174f6b4d2dc82e,1003,assets/minecraft/optifine/cit/cult_omega/zfreepacks/mystery_key.png
1b495f295deb11a6ff781071cb7686b355a15b19,5293,assets/minecraft/optifine/cit/cult_omega/zfreepacks/wooden_spear.json
303306af9d432cc3cde50df9482e298c129ebb5f,154,assets/minecraft/optifine/cit/cult_omega/zfreepacks/wooden_helmet.properties
c1fbef3078cff65f119a6ee6e4fc9c012b698779,152,assets/minecraft/optifine/cit/cult_omega/zfreepacks/box_wood.properties
966b71100a259d783fadb9fb70de572413c0facd,22016,assets/minecraft/optifine/cit/cult_omega/zfreepacks/mystery_box.json
5493e8ac91c4c9b7bdd16004a4f58b2d778f3e7c,153,assets/minecraft/optifine/cit/cult_omega/zfreepacks/wooden_axe.properties
030d2739dfe3272f478204434b5e27c2a2cbf836,2286,assets/minecraft/optifine/cit/cult_omega/zfreepacks/wooden_sword.png
799566d411cf1d9d6c2efd8a6845b8e51953b999,2909,assets/minecraft/optifine/cit/cult_omega/zfreepacks/box_wood.png
b977033992791856742ec8b3c79d6b81306c799b,2805,assets/minecraft/optifine/cit/cult_omega/zfreepacks/wooden_hammer.png
de9371fc75c72374f1259aef21295383b17692f7,160,assets/minecraft/optifine/cit/cult_omega/zfreepacks/wooden_hammer.properties
6cd4add07256f3184952aaf4352e0d6ee2d5e18a,5811,assets/minecraft/optifine/cit/cult_omega/zfreepacks/wooden_shield_block.json
435dfd1c3b2d5354520c1bb63d9e22ca4f043131,8514,assets/minecraft/optifine/cit/cult_omega/zfreepacks/mystery_key.json
ed33da4acadc297573bd20b271e365c015b6c729,1345,assets/minecraft/optifine/cit/cult_omega/zfreepacks/wooden_spear.png
53c8dae116aa0d6ef70b5c8ff3211225b04ed712,4899,assets/minecraft/optifine/cit/cult_omega/zfreepacks/mystery_box_open.png
8942a8d6e04890ebe21f1f49600fc2cf5c15b07f,37115,assets/minecraft/optifine/cit/cult_omega/zfreepacks/mystery_box_open.json
e403c4079ad2109f720f0059efe5d961c3768b37,5310,assets/minecraft/optifine/cit/cult_omega/zfreepacks/wooden_axe.json
856ec3af8dec0600d854e1ae0bd9ea209a30db89,166,assets/minecraft/optifine/cit/cult_omega/zfreepacks/mystery_key.properties
0803bce9fdf3332056ea7fff7063da41fa8ce327,150,assets/minecraft/optifine/cit/cult_omega/zfreepacks/wooden_club.properties
09926ea7236e95bccc867f95e9b899520028b742,214,assets/minecraft/optifine/cit/cult_omega/zfreepacks/wooden_shield.properties
3759613c925bd78c63a53683b1296614dfeef7aa,5276,assets/minecraft/optifine/cit/cult_omega/zfreepacks/wooden_helmet.json
d7596a3103a4138dcd3b10a7d0e7cf60dd1ede2f,3260,assets/minecraft/optifine/cit/cult_omega/zfreepacks/wooden_shield.png
4599e2b162c37b4678adca8a4a99aeec0128d5c9,15307,assets/minecraft/optifine/cit/cult_omega/zfreepacks/box_wood.json
b3392a2e0c1f36728b701cd906de5f84af12a13d,178,assets/minecraft/optifine/cit/cult_omega/zfreepacks/mystery_box.properties
e10730db305be1c504fd35e48c299a9163916e76,5356,assets/minecraft/optifine/cit/cult_omega/zfreepacks/wooden_club.json
a75949f5b01250b46b1f62cec8e04e2b76eefc5a,157,assets/minecraft/optifine/cit/cult_omega/zfreepacks/wooden_spear.properties
e3fcfdd3ff4348a1c130441d9691d13b2485dbcc,2181,assets/minecraft/optifine/cit/cult_omega/zfreepacks/wooden_club.png
ee1bb1388dd7be54a0529ba38a01657086b0f8e0,1121,assets/minecraft/optifine/cit/cult_omega/statues/statue.png
2fa74b65df0d81b3fd94cf178eafc4aabf8200d6,39,assets/minecraft/optifine/cit/cult_omega/statues/statue7.png.mcmeta
4a66ed6c8a83b6891953e4e088b1374fd8a6fcc4,4168,assets/minecraft/optifine/cit/cult_omega/statues/statue1.json
0b9a1f9ad0e70f9c2729310f72e4816a0be557c9,3005,assets/minecraft/optifine/cit/cult_omega/statues/statue7.png
8ddd159d181f0013065839f9c084448805445db7,189,assets/minecraft/optifine/cit/cult_omega/statues/statue2.properties
4b19bb7e368225eff14df6f95918bbe725c975fb,189,assets/minecraft/optifine/cit/cult_omega/statues/statue4.properties
cfd24b14a5d6fdf217df959e4ee9e6d99909d40c,4138,assets/minecraft/optifine/cit/cult_omega/statues/statue6.json
a48a9ad04ffbb87eb1446bbc7335c38f35f0061f,4109,assets/minecraft/optifine/cit/cult_omega/statues/statue2.json
4a5a9c1997c8fc5b4c2ffa0870f11a34e692e07a,3982,assets/minecraft/optifine/cit/cult_omega/statues/statue3.json
409b1255659dc551df38bfddaf51d77028b16092,189,assets/minecraft/optifine/cit/cult_omega/statues/statue3.properties
52271368835d2c3d21d06368fec7297706d0dee7,4221,assets/minecraft/optifine/cit/cult_omega/statues/statue5.json
47b1248dffcb8bebd775a5be3587e24df941d8f8,189,assets/minecraft/optifine/cit/cult_omega/statues/statue5.properties
cee347f5ec2e2e114a6f79fe53d6a75cdcb979bc,189,assets/minecraft/optifine/cit/cult_omega/statues/statue6.properties
5f6b2c8aa5502878edd85b28c382e4fb0c094144,189,assets/minecraft/optifine/cit/cult_omega/statues/statue1.properties
3a3cafe0804a794009712307cde4af46d9cfe193,4511,assets/minecraft/optifine/cit/cult_omega/statues/statue7.json
3bbc6c3e405143df01a90710e96a583287793a9d,189,assets/minecraft/optifine/cit/cult_omega/statues/statue7.properties
758388d4bfe2c2de1ba92900ab8490fe4833dd65,4233,assets/minecraft/optifine/cit/cult_omega/statues/statue4.json
7385a44b1d40fd5b4b4e461ac5b0422432726261,7243,assets/minecraft/optifine/cit/cult_omega/players/gvardeec_body.json
f5f8cb6441172bdc039e13c41835e9b33ffc13c3,7083,assets/minecraft/optifine/cit/cult_omega/players/zdrl.json
7275469944dec292e9d60e001373014fea11dbe2,7126,assets/minecraft/optifine/cit/cult_omega/players/gvardeec1.json
779c604bad0704d4ef8e458b234265bc4b53e129,236,assets/minecraft/optifine/cit/cult_omega/players/gvardeec_head.properties
e50f0fe0f458e2f9c0179ec3769bb9f2559a8de3,5970,assets/minecraft/optifine/cit/cult_omega/players/gvardeec1.png
bb6d79ac11ac248fa84afe1c8d04c09d492180cb,6122,assets/minecraft/optifine/cit/cult_omega/players/gvardeec2.png
ba73f3eff97e577bc7db998641bf1cb49e950e8c,2387,assets/minecraft/optifine/cit/cult_omega/players/gvardeec_head.json
6398ebe3a99d756addbb91e65086180aedc36e93,7294,assets/minecraft/optifine/cit/cult_omega/players/gvardeec_body.png
6d6141ecab2d77187a7784067471d99ed0abaf00,224,assets/minecraft/optifine/cit/cult_omega/players/gvardeec_body.properties
99029b049d5eb381607b31234e3894b00d07e916,135,assets/minecraft/optifine/cit/cult_omega/players/zdrl.properties
440c099788324238421d484ff38d1d8162ddc6aa,165,assets/minecraft/optifine/cit/cult_omega/players/gvardeec1.properties
0690926fe7267f534c22d75c09366fd8ee889406,1408,assets/minecraft/optifine/cit/cult_omega/players/zdrl.png
0df0f6302cbf698e837990243d81ec10fcb44a94,7126,assets/minecraft/optifine/cit/cult_omega/players/gvardeec2.json
6f8091ce13b36f1b655b4249db62b082cf6e669d,3959,assets/minecraft/optifine/cit/cult_omega/players/gvardeec_head.png
cc285a1c0e81e6018ec2b301b751de0169269ffd,201,assets/minecraft/optifine/cit/cult_omega/players/gvardeec2.properties
e462acacae1c0369c2b2c430103793397f9ccb04,2929,assets/minecraft/optifine/cit/cult_omega/swords/hrustal_palladin.png
4b077082dd8d65742660ae98911fd84b4b00b7e5,166,assets/minecraft/optifine/cit/cult_omega/swords/bulava_drilla.properties
78360e79e9456906e6009af029ffeb6251887f11,176,assets/minecraft/optifine/cit/cult_omega/swords/tenelit.properties
095eaa80b7bdf18c491241efab98e0c6b1f72a3c,3451,assets/minecraft/optifine/cit/cult_omega/swords/fuzzit.png
d15a1b215293ca66233dabfadb4dcb2178697bb8,10203,assets/minecraft/optifine/cit/cult_omega/swords/simfolit.json
711e736eb8f9602a09e28d8fb6a35e9bc386f7d0,3250,assets/minecraft/optifine/cit/cult_omega/swords/bastard.png
67425c405973501760da824c79dfabb8671f157d,4560,assets/minecraft/optifine/cit/cult_omega/swords/vidar.png
0f7ce0971ff56db167bfe9eb7e834495e5a53e35,4653,assets/minecraft/optifine/cit/cult_omega/swords/scythe_agressant.json
1fd3a02412f8caf34a3a12c221db06585f1a92eb,40,assets/minecraft/optifine/cit/cult_omega/swords/doomghan.png.mcmeta
d4a5d6206209a7fd9058e21a31b0f0286d3aff2e,98,assets/minecraft/optifine/cit/cult_omega/swords/kama.properties
6c2247867e100a02445612505d4dc328fa42b571,6355,assets/minecraft/optifine/cit/cult_omega/swords/medket.json
da58a130c515b73da44c096bc2bc7c775eee80fa,24843,assets/minecraft/optifine/cit/cult_omega/swords/bulava_drilla.json
0a235b68f5bc0cd954831ede6d3bfa5aac2f3526,761,assets/minecraft/optifine/cit/cult_omega/swords/hopesh.json
e8b43af9e1b767cdd7dd64f649738c1f3fa36792,4243,assets/minecraft/optifine/cit/cult_omega/swords/precklay.png
2cf76588dd70c1fe6698a44b1eaa543006664ff1,1092,assets/minecraft/optifine/cit/cult_omega/swords/axe_1.png
1fb281916533be4704faa65d750cd7f5aaf2bab9,221,assets/minecraft/optifine/cit/cult_omega/swords/shoihet.properties
3cee68d21ea4c5315aca245b4de6b0410fc77591,8160,assets/minecraft/optifine/cit/cult_omega/swords/falshon.json
9cab813df6d7f70a2a54d1c98fddf6ae28e218ad,6334,assets/minecraft/optifine/cit/cult_omega/swords/infected.json
61f8f527596f9272978f225d5eea238de3041194,39,assets/minecraft/optifine/cit/cult_omega/swords/tewort.png.mcmeta
1c727736d817c0e981604de3a1e9460e226ba481,11452,assets/minecraft/optifine/cit/cult_omega/swords/normald.json
897933d75fd96ba03e5971e9c92252c73a9aa058,3476,assets/minecraft/optifine/cit/cult_omega/swords/falshon.png
87f5894ffc7a3a91012a5212af0c881a45f2225d,11323,assets/minecraft/optifine/cit/cult_omega/swords/yatagan.json
818aac7c5130206f34ab259330e06d7b2e94b263,16158,assets/minecraft/optifine/cit/cult_omega/swords/doomghan.json
fc0432f75a12c0fe33f81e47530553f87b841dff,1963,assets/minecraft/optifine/cit/cult_omega/swords/infected.png
6ff4a3a4bbaa79bc219510381118373359fcf037,3981,assets/minecraft/optifine/cit/cult_omega/swords/katana_demon.json
0b4d2fbb1f3be6bcafab7b22edffa3754dcd416c,4371,assets/minecraft/optifine/cit/cult_omega/swords/med.json
8ede3065ca0fbb129ddca3e68ff8f437bf47423c,480,assets/minecraft/optifine/cit/cult_omega/swords/shoihet.png
180dac935048457da77087ccd1f91b6be562a070,7806,assets/minecraft/optifine/cit/cult_omega/swords/tenelit.json
94d8fd5bf06ace8e2a48c77014827e143dbad1e7,171,assets/minecraft/optifine/cit/cult_omega/swords/infected.properties
8b0b111070ee029cb59b93ee88ab379aa76ebbdc,364,assets/minecraft/optifine/cit/cult_omega/swords/kama.png
48555d5e1cf0070257065752df454f916545a017,39,assets/minecraft/optifine/cit/cult_omega/swords/slez_1_e.png.mcmeta
00237fca6ec8c70fcbaa6bd66093b6f47c9d7839,3023,assets/minecraft/optifine/cit/cult_omega/swords/kosa.json
aa731b89f6d23bc9f50ff0c7a8b57d4cf5019139,162,assets/minecraft/optifine/cit/cult_omega/swords/dragonslayer.properties
b6420f80c5864a24aeadab486c129b479f683d96,240,assets/minecraft/optifine/cit/cult_omega/swords/tewort.properties
4aeccdbbfdce7994113639e28f8952674ec73f96,778,assets/minecraft/optifine/cit/cult_omega/swords/reaper_sickle.json
ae08f33ff6659a2a0bec7ba2f73d2c43603cdfd7,5361,assets/minecraft/optifine/cit/cult_omega/swords/hrustal_palladin.json
626929a18be2d09a3951342bbcc189235279c91c,9641,assets/minecraft/optifine/cit/cult_omega/swords/etun.json
0066f4a9bcdc2e8d2573b37764f94cb6daf6cc54,4487,assets/minecraft/optifine/cit/cult_omega/swords/gub.json
ecdd527f8509248809ca44220c78a419ec5c7c62,236,assets/minecraft/optifine/cit/cult_omega/swords/poz.properties
4db48dd0731ee4d7bcb6d13cb92189ba7a3e4054,1451,assets/minecraft/optifine/cit/cult_omega/swords/katana_demon.png
44754a503298811134810e40e2fd88779414e6d3,4706,assets/minecraft/optifine/cit/cult_omega/swords/hank.json
8c0ddb189f8bf175df8dc49b284e29d5ab87662a,16436,assets/minecraft/optifine/cit/cult_omega/swords/numenar.json
fb3e91f240e4537abb9a63d83f7cbf308807db5b,11739,assets/minecraft/optifine/cit/cult_omega/swords/vidar.json
af7904941e3ece1e0024763ad090d673645c5ca4,19616,assets/minecraft/optifine/cit/cult_omega/swords/amaraty.json
6f656d9b7adb0e3be10815da932eeb0216de035d,3448,assets/minecraft/optifine/cit/cult_omega/swords/klevang.png
5e927ef94c72b7328ba9b66fe7ec1f30d3ebd436,729,assets/minecraft/optifine/cit/cult_omega/swords/shoihet.json
48555d5e1cf0070257065752df454f916545a017,39,assets/minecraft/optifine/cit/cult_omega/swords/slez_1.png.mcmeta
0d6c42d0c95a50f3f4e07091cdb0c02fec65c9fc,248,assets/minecraft/optifine/cit/cult_omega/swords/hrustal_palladin.properties
c49839bd1ed2059a68d54d8aa187e7f8da941dfb,626,assets/minecraft/optifine/cit/cult_omega/swords/mech_anim_s.png
6528e2018785d5bffe44711619a76e196bb5435a,9307,assets/minecraft/optifine/cit/cult_omega/swords/axe_1.json
0cf15d5d6125b0ff348ab6b8e886b1ef0321e24e,175,assets/minecraft/optifine/cit/cult_omega/swords/katana_demon.properties
153cf33ff0f20918c7eec9873a4c87229c028936,314,assets/minecraft/optifine/cit/cult_omega/swords/slez_1_e.png
1151a2d8adf5a4f746c06bea50409739c6e6a58b,3846,assets/minecraft/optifine/cit/cult_omega/swords/kordova.png
f26ed7965c897b5a3c45be882b2a6bf4a101c30a,2185,assets/minecraft/optifine/cit/cult_omega/swords/ket.json
6c9e1f2beaa2f26e8feb1fe6a6d42e24e0fc6681,223,assets/minecraft/optifine/cit/cult_omega/swords/mech_s1.properties
6f8b0efadc61aef91f1c2c58e39e908dd286c61f,477,assets/minecraft/optifine/cit/cult_omega/swords/ket.png
4e694d6f4c5be8a0c6162204360748d72d93d2c6,6540,assets/minecraft/optifine/cit/cult_omega/swords/klevang.json
9f7c9edbccd5558e6a0f6fcffd407d32f9131d1f,1551,assets/minecraft/optifine/cit/cult_omega/swords/medket.png
820d6152e496df6a3ea2d23cabeaded26dbf137f,248,assets/minecraft/optifine/cit/cult_omega/swords/doomghan.properties
398ddd1d8ad827b5199c75f339f76b2b26ef1862,1097,assets/minecraft/optifine/cit/cult_omega/swords/kosa.png
7b7895460f3a3636154a03706c1f26730c889dbe,323,assets/minecraft/optifine/cit/cult_omega/swords/hopesh.png
97acaf053c860214981ac03f7ee57c975a571a18,126,assets/minecraft/optifine/cit/cult_omega/swords/ramdao.properties
d3bdf8df977883d0e277e7a301be8506112e85b5,248,assets/minecraft/optifine/cit/cult_omega/swords/precklay.properties
5eae22ee404801af6d5e6f37bc2cb046e745398c,1148,assets/minecraft/optifine/cit/cult_omega/swords/mech_s1.png
76a4d5a5b1e3dd725d5064267778d8dafa1ef45f,3454,assets/minecraft/optifine/cit/cult_omega/swords/ayakasy.png
391a490f19005525eebd3f86bf37df850fcf2dde,170,assets/minecraft/optifine/cit/cult_omega/swords/kordova.properties
eb6486d65c8923025ed7ec3493087da613857054,5404,assets/minecraft/optifine/cit/cult_omega/swords/banner.json
37ef267de1ed035468569d5730aebe231661820d,221,assets/minecraft/optifine/cit/cult_omega/swords/med.properties
57bf75b5966065874aff1d61965378ea8734de10,2178,assets/minecraft/optifine/cit/cult_omega/swords/normald.png
b46b34fbf413dd103f9abbdd5f0516aecd5bc4f3,11879,assets/minecraft/optifine/cit/cult_omega/swords/ayakasy.json
978cde4692ea017cc20d442b9b45143537d5b455,188,assets/minecraft/optifine/cit/cult_omega/swords/klevang.properties
a1dabf9b08a520aa40ec0ceb212634f599ca70ed,157,assets/minecraft/optifine/cit/cult_omega/swords/fuzzit.properties
d84b25a77d937d9f19216d68063678fc587699b3,238,assets/minecraft/optifine/cit/cult_omega/swords/kosa_.properties
0b5f9d6552834012b7e6e3f8509458e8d79a4934,6446,assets/minecraft/optifine/cit/cult_omega/swords/curugi.json
b09f4f2df954f4d53cf267af22aba415c409403a,17043,assets/minecraft/optifine/cit/cult_omega/swords/precklay.json
8af48ab51ff3849d481be9e6fe384157809639db,2162,assets/minecraft/optifine/cit/cult_omega/swords/curugi.png
159d6ff23601746a974565e13b346ee38051d6ac,19577,assets/minecraft/optifine/cit/cult_omega/swords/tewort.json
d4f3085ec08c7fa76273be1c7c3f25f9807a4b31,152,assets/minecraft/optifine/cit/cult_omega/swords/yatagan.properties
48555d5e1cf0070257065752df454f916545a017,39,assets/minecraft/optifine/cit/cult_omega/swords/mech_anim_s.png.mcmeta
6240084de60a7bbf9f99680a0bbcf8fd03f83256,4460,assets/minecraft/optifine/cit/cult_omega/swords/poz.json
61f8f527596f9272978f225d5eea238de3041194,39,assets/minecraft/optifine/cit/cult_omega/swords/bastard.png.mcmeta
c4f50e0a79cc5e3bb73bae4f57541b71839a26c7,905,assets/minecraft/optifine/cit/cult_omega/swords/banner.png
71aa09f6d3646235b89fd11ca0ff484cfe79a215,577,assets/minecraft/optifine/cit/cult_omega/swords/bulava_drilla.png
4d41f13457fdf1989647682f099ee73f72194e2d,743,assets/minecraft/optifine/cit/cult_omega/swords/med.png
e25e5b9b93128ec018451b940a524f26f78eebd1,4108,assets/minecraft/optifine/cit/cult_omega/swords/numenar.png
61f5d505d1cb708bf1e20d7b25d8a10893d48728,206,assets/minecraft/optifine/cit/cult_omega/swords/bastard.properties
0a322a25b5c66ae45ef7cec681c7264b7c7188ec,206,assets/minecraft/optifine/cit/cult_omega/swords/normald.properties
0aa888e7165964d299fe6172e8585b33e8b2858c,1852,assets/minecraft/optifine/cit/cult_omega/swords/dragonslayer.png
26e56c30571a287edd9517dcf68bc2cabd266eee,2354,assets/minecraft/optifine/cit/cult_omega/swords/hank.png
be9dbbfbad9bc021abde5c86263a21765a652905,645,assets/minecraft/optifine/cit/cult_omega/swords/reaper_sickle.png
cbe8ef7bfabeaf91007e13a42de50b1bf694e25a,177,assets/minecraft/optifine/cit/cult_omega/swords/simfolit.properties
c1369761f81df54aab3ed7b17c3a20294231e642,153,assets/minecraft/optifine/cit/cult_omega/swords/hank.properties
49c3f14496d8050a4fb2cf995609886af260f51b,7587,assets/minecraft/optifine/cit/cult_omega/swords/etun.png
97ca8701c22b637cf27226b40df1d9b739ecf5cb,4691,assets/minecraft/optifine/cit/cult_omega/swords/amaraty.png
a81b63ccceac5720556fe55c6b48d28f666364c1,234,assets/minecraft/optifine/cit/cult_omega/swords/etun.properties
2034d0849bb843525e65df691726c9a2ca2af454,133,assets/minecraft/optifine/cit/cult_omega/swords/numenar.properties
5bca9cf6f8b7e456bd2738c7689e9f5b33a3cf1f,15477,assets/minecraft/optifine/cit/cult_omega/swords/mech_s1.json
0be199acbd70b43921ca89f80eb58b11ee7a091d,126,assets/minecraft/optifine/cit/cult_omega/swords/curugi.properties
5b1317e7b20584bdceb510f7b7f7ae766ed40783,119,assets/minecraft/optifine/cit/cult_omega/swords/hopesh.properties
a1eacca55b5acb32b31a627dc106ca9f8f2e34af,6111,assets/minecraft/optifine/cit/cult_omega/swords/dragonslayer.json
fd26ba10ad1d7a9a46387eda5156ed75c626431f,19903,assets/minecraft/optifine/cit/cult_omega/swords/kordova.json
1a01d8dfaff6416a5ceaf20cc11aa74c8fb1b5e9,9443,assets/minecraft/optifine/cit/cult_omega/swords/bastard.json
3c183facc470efcb3699be87a5ee3a4beefa0217,226,assets/minecraft/optifine/cit/cult_omega/swords/gub_.properties
14bce7de37ee773b334ab5c9ed19710ecc914f05,3645,assets/minecraft/optifine/cit/cult_omega/swords/tenelit.png
1323f8e451279de18eb9586fee34835ca68f6022,234,assets/minecraft/optifine/cit/cult_omega/swords/scythe_agressant.properties
9958c258d85dd1754b8d1be2be08d0ac1de466bd,158,assets/minecraft/optifine/cit/cult_omega/swords/reaper_sickle.properties
600447346d6770846094e452c379db35be77d51e,127,assets/minecraft/optifine/cit/cult_omega/swords/ayakasy.properties
853e83f84b28b7c956abeffd7ea1b2c465106e2a,221,assets/minecraft/optifine/cit/cult_omega/swords/ket.properties
47d9b2ace989996f186c4f6f076d9e51f31f5010,238,assets/minecraft/optifine/cit/cult_omega/swords/axe_1_e.png
5ed05e6daf3febc06d5622ec466f73e56ea22e92,3937,assets/minecraft/optifine/cit/cult_omega/swords/simfolit.png
33db5fc1ff50cc1329ea82a161b454a8490902c3,11814,assets/minecraft/optifine/cit/cult_omega/swords/ramdao.json
1e49d4f39beb36f55aedc0db60f9f5c899be2d87,1728,assets/minecraft/optifine/cit/cult_omega/swords/gub.png
ae3c88f27667c6627c9954847952ca935dbf1761,3391,assets/minecraft/optifine/cit/cult_omega/swords/ramdao.png
66a9cffc1a11660140bd16a44c702ca75d8c5c0b,16530,assets/minecraft/optifine/cit/cult_omega/swords/doomghan.png
e9534e1d2ec9e5913139def367bad63ecbc74616,248,assets/minecraft/optifine/cit/cult_omega/swords/medket.properties
b3f8af76c1ea8d03acc2153eed44d486dbede57a,176,assets/minecraft/optifine/cit/cult_omega/swords/falshon.properties
36c6277ab116f86079b3b9642b12900254267b0f,3796,assets/minecraft/optifine/cit/cult_omega/swords/yatagan.png
d5eaf2f3f1f8b7c6391185084b8db97d95797fee,247,assets/minecraft/optifine/cit/cult_omega/swords/amaraty.properties
bdd7c4baf25e15c608ed390011e7f211d64a135b,14444,assets/minecraft/optifine/cit/cult_omega/swords/tewort.png
115c5599ca926437b6477e01266ad86ebf6ceb3f,15796,assets/minecraft/optifine/cit/cult_omega/swords/fuzzit.json
e2c02601a97bd0ebc818a6db6188d61c9eb62681,177,assets/minecraft/optifine/cit/cult_omega/swords/banner.properties
c152710ad3abcbd4b8fd0c9cbae7c8a1354d6992,752,assets/minecraft/optifine/cit/cult_omega/swords/scythe_agressant.png
151ebb37ee53373f7dfaba6919dd6e395ec0508c,1352,assets/minecraft/optifine/cit/cult_omega/swords/poz.png
153cf33ff0f20918c7eec9873a4c87229c028936,314,assets/minecraft/optifine/cit/cult_omega/swords/slez_1.png
a4769b1754e64c6fa95c349b61fc416357a32e2d,323,assets/minecraft/optifine/cit/cult_omega/swords/axe_1_.properties
c5483476ba75f77475ebf7412123e5edb4fec9cc,249,assets/minecraft/optifine/cit/cult_omega/swords/vidar.properties
fdd3ae781247008d981777b6fc5c5612f0ab8c7b,1280,assets/minecraft/optifine/cit/cult_omega/zrpplayers/items/bowling_ball.json
aec534f222064af08ec9563c6d54838dd95b0ca9,1998,assets/minecraft/optifine/cit/cult_omega/zrpplayers/items/crtrdge_box.png
4af0f313724b72bf70764f3afe35b9d690a8aa1b,1322,assets/minecraft/optifine/cit/cult_omega/zrpplayers/items/samovar_iron.png
892c19caa83c5af4ddcf2f7652549b3c33874695,158,assets/minecraft/optifine/cit/cult_omega/zrpplayers/items/samovar_copper.properties
de6f878ed4187ed7cd8d3f3f61a1ab7c899e79a4,497,assets/minecraft/optifine/cit/cult_omega/zrpplayers/items/small_rastaman_hat.png
2c7cc534361b579ddef08d38a9dce9d603dded0c,8120,assets/minecraft/optifine/cit/cult_omega/zrpplayers/items/samovar_copper.json
d9e33369f8908736bd2da87c1172705d3976b666,2158,assets/minecraft/optifine/cit/cult_omega/zrpplayers/items/small_rastaman_hat.json
1e4e7d421db3a63a03ab8f37b23a4d8c0d1a6fba,8116,assets/minecraft/optifine/cit/cult_omega/zrpplayers/items/samovar_gold.json
9e184d050d9fc559e879fc4662040edc75d8b23d,162,assets/minecraft/optifine/cit/cult_omega/zrpplayers/items/crtrdge.properties
4b09ee81728d0d54def99196f4ef85ccdb577128,190,assets/minecraft/optifine/cit/cult_omega/zrpplayers/items/crtrdge_box.properties
b20b44ff7489f4e019643573555342e9637ac79b,239,assets/minecraft/optifine/cit/cult_omega/zrpplayers/items/small_rastaman_hat.properties
765aef638f21be9a95d75040673a2245ce94672c,9908,assets/minecraft/optifine/cit/cult_omega/zrpplayers/items/crtrdge_box.json
73b16f6c756c62baf3473d24e96f351be5bb863e,166,assets/minecraft/optifine/cit/cult_omega/zrpplayers/items/samovar_iron.properties
afbf7d33a4f37896ceafb97228b3c1bce2a5aae3,1796,assets/minecraft/optifine/cit/cult_omega/zrpplayers/items/crtrdge.json
f1e0e3590d14b6df570ea93d318c77ffce63e9ab,640,assets/minecraft/optifine/cit/cult_omega/zrpplayers/items/crtrdge.png
3f5e9c2fb7ad56841f2584206329f7bd2fd94343,1444,assets/minecraft/optifine/cit/cult_omega/zrpplayers/items/samovar_gold.png
1b2335885c5783279bff0bf2441a1e4ceea7718f,435,assets/minecraft/optifine/cit/cult_omega/zrpplayers/items/bowling_ball.png
5a6280fe6add7f2a92f3ff85354cc504e3e64ed6,159,assets/minecraft/optifine/cit/cult_omega/zrpplayers/items/bowling_ball.properties
2771486bd2ef00f2df8cf863758cf2c2879cebb4,120,assets/minecraft/optifine/cit/cult_omega/zrpplayers/items/bowling_ball_particle.png
087378fbb0cf151c99210b1428f4d876a686291f,160,assets/minecraft/optifine/cit/cult_omega/zrpplayers/items/samovar_gold.properties
dc9db10e158bbac5f3ce6f285b4457f49ac9b7b7,8116,assets/minecraft/optifine/cit/cult_omega/zrpplayers/items/samovar_iron.json
819ebef816979e34d14f16ea42b80506dbe8de03,1430,assets/minecraft/optifine/cit/cult_omega/zrpplayers/items/samovar_copper.png
a4e6227c93c5e185628d8cd693a96ac56a361625,180,assets/minecraft/optifine/cit/cult_omega/zrpplayers/disc_fragment_5/sigareta2.properties
1ca609fa96c3f7c2f7917613cd152580d41ac737,1207,assets/minecraft/optifine/cit/cult_omega/zrpplayers/disc_fragment_5/sigareta.json
658598f303f26464b42b84e2515e2326bb37f79d,1391,assets/minecraft/optifine/cit/cult_omega/zrpplayers/disc_fragment_5/vape.json
cf58be0442d1238bb24c8d148ac3608a38b94f88,63,assets/minecraft/optifine/cit/cult_omega/zrpplayers/disc_fragment_5/sigareta2.png.mcmeta
cf58be0442d1238bb24c8d148ac3608a38b94f88,63,assets/minecraft/optifine/cit/cult_omega/zrpplayers/disc_fragment_5/sigareta.png.mcmeta
6c087b3f45371f87d34ea0374efbac3cadeca12b,1230,assets/minecraft/optifine/cit/cult_omega/zrpplayers/disc_fragment_5/sigareta2.json
e2cd80f372e2a41382fb06de613c4a8e38cef147,96,assets/minecraft/optifine/cit/cult_omega/zrpplayers/disc_fragment_5/vape.properties
cfa50ad2ea819878dfff254c6be59ade491c8ce1,3830,assets/minecraft/optifine/cit/cult_omega/zrpplayers/disc_fragment_5/bong2.json
5fb3a9a5d7d14f425deee4b7f9a45052ef836020,97,assets/minecraft/optifine/cit/cult_omega/zrpplayers/disc_fragment_5/bong2.properties
5345be68fd0fff882a7e5a19b29e120ea516d6c1,127,assets/minecraft/optifine/cit/cult_omega/zrpplayers/disc_fragment_5/sigareta.png
152ebbb581c5caaf6ca154cc28e87863ad7a7a53,141,assets/minecraft/optifine/cit/cult_omega/zrpplayers/disc_fragment_5/trubka_mira2.properties
8149b12fa3af94d9912ccf4a863ebae569655f80,445,assets/minecraft/optifine/cit/cult_omega/zrpplayers/disc_fragment_5/vape.png
6431b4d8724e89022e2f804ac91bb318ed3b5201,1508,assets/minecraft/optifine/cit/cult_omega/zrpplayers/disc_fragment_5/bong2.png
095f6cdf7a4370e3608d33b4a4112f6e393c6530,2711,assets/minecraft/optifine/cit/cult_omega/zrpplayers/disc_fragment_5/trubka_mira2.json
19d761901c6db6cf7ae6c21c9b873e31080646d0,181,assets/minecraft/optifine/cit/cult_omega/zrpplayers/disc_fragment_5/sigareta2.png
7c532b322cd5b350ce3006061386962f3e1a83cb,950,assets/minecraft/optifine/cit/cult_omega/zrpplayers/disc_fragment_5/trubka_mira2.png
d7fff2695402f8a2a704e258895742aed3a80dd2,100,assets/minecraft/optifine/cit/cult_omega/zrpplayers/disc_fragment_5/sigareta.properties
9e5fff3390a8021f775f151c357be4ad8a4041f0,64105,assets/minecraft/optifine/cit/cult_omega/zrpplayers/axes/price.json
4269f07ac786b2bf303de74aaee770bff1523735,156,assets/minecraft/optifine/cit/cult_omega/zrpplayers/axes/price.properties
ab246ec26d19966e8f9baaaa22fd01ed04ee4c07,39,assets/minecraft/optifine/cit/cult_omega/zrpplayers/axes/clocks.png.mcmeta
a1efdbc8025bbcdd73d8085f2702ff658a1541b2,6575,assets/minecraft/optifine/cit/cult_omega/zrpplayers/axes/clocks.png
644ba0621899abdebb8b272991c5027136336a97,410,assets/minecraft/optifine/cit/cult_omega/zrpplayers/axes/price_e.png
d5925ea8ce93079d73d64edbe08677f9c073f3a0,13164,assets/minecraft/optifine/cit/cult_omega/zrpplayers/axes/price.png
01ec9f9b63854fc6d767660f786d7ce5596998a5,2235,assets/minecraft/optifine/cit/cult_omega/zrpplayers/foods/skubisneki_open.png
1fa5846c37c0b31e241d53dca61cdf3243afb8dd,2312,assets/minecraft/optifine/cit/cult_omega/zrpplayers/foods/burger.png
f06fb20f20c6d5841ba36903228f8d7b4a0f9222,1752,assets/minecraft/optifine/cit/cult_omega/zrpplayers/foods/skubisneki.png
a4ad9f8d174cd9d352fde67d662bd120327798fa,240,assets/minecraft/optifine/cit/cult_omega/zrpplayers/foods/skubisneki_open.properties
42569779a72528b1881dca2c71135fc3c16f9514,186,assets/minecraft/optifine/cit/cult_omega/zrpplayers/foods/skubisneki.properties
78818264f7f8fe540cb7726e0ac94571665d2a06,3296,assets/minecraft/optifine/cit/cult_omega/zrpplayers/foods/burger.json
eec3c46d8a244d557d1bd831f050a71fcf3cddb5,1243,assets/minecraft/optifine/cit/cult_omega/zrpplayers/foods/skubisneki.json
e973ed449b465d13df2ef0274b9553ba77392597,89,assets/minecraft/optifine/cit/cult_omega/zrpplayers/foods/burger.properties
f1b5076b79c6cf0d625a52ba7d332b27d2ea80c2,2931,assets/minecraft/optifine/cit/cult_omega/zrpplayers/foods/skubisneki_open.json
023e43fa5300cce8208696499e9318eb0463d684,572,assets/minecraft/optifine/cit/cult_omega/zrpplayers/totems/akuaku.png
6e493c8f10ba04d6fc2324a886b303ac9ca285e0,363,assets/minecraft/optifine/cit/cult_omega/zrpplayers/totems/book_of_necromancers.png
4326919f8571aa4b4e91b6a3856ab3b253435d19,155,assets/minecraft/optifine/cit/cult_omega/zrpplayers/totems/akuaku2.properties
c482237fbe839d2a66103ee93296465a0f60eed0,186,assets/minecraft/optifine/cit/cult_omega/zrpplayers/totems/book_of_necromancers.properties
fe54c9aee917e26b8c9856ec7e83bbaf633f4ccb,562,assets/minecraft/optifine/cit/cult_omega/zrpplayers/totems/akuaku2.png
f1c6ef77dd8091bc6e5cc1bc704d4f0e6657caf9,5288,assets/minecraft/optifine/cit/cult_omega/zrpplayers/totems/akuaku2.json
f5dd4945363d94115173b89c1ad35f6e6dd902ca,4864,assets/minecraft/optifine/cit/cult_omega/zrpplayers/totems/akuaku.json
7412d3a99954f8946c97122cbaed91781efe0d21,2562,assets/minecraft/optifine/cit/cult_omega/zrpplayers/totems/book_of_necromancers.json
0cf28fe0fd4dac62ccde3ba4af7bd22acfc0663a,63,assets/minecraft/optifine/cit/cult_omega/zrpplayers/totems/akuaku2.png.mcmeta
0cf3626b4c292414e03d332ba72a90ea7a08fcfb,112,assets/minecraft/optifine/cit/cult_omega/zrpplayers/totems/akuaku.properties
f05027886f2385ac304830fafe31a4bc58a6a99a,1244,assets/minecraft/optifine/cit/cult_omega/zrpplayers/swords/pila_arm.png
98c86f6a1e39d4bb660771dc3ab520748f0f7be6,4027,assets/minecraft/optifine/cit/cult_omega/zrpplayers/swords/moonlight.json
f05027886f2385ac304830fafe31a4bc58a6a99a,1244,assets/minecraft/optifine/cit/cult_omega/zrpplayers/swords/pila.png
2d5f816ec17d43460f0f76092dc125f3107870b6,209,assets/minecraft/optifine/cit/cult_omega/zrpplayers/swords/pila_arm.properties
ce1c2061df111acdfe1adc253ead6bf934cb5747,134,assets/minecraft/optifine/cit/cult_omega/zrpplayers/swords/twilight.properties
fbe210b9364b0837c17d182917b73eb3b6555950,199,assets/minecraft/optifine/cit/cult_omega/zrpplayers/swords/pila.properties
679f3393aba9c381fe68ea7b6be6a4a8ccad3959,12657,assets/minecraft/optifine/cit/cult_omega/zrpplayers/swords/twilight.json
ab246ec26d19966e8f9baaaa22fd01ed04ee4c07,39,assets/minecraft/optifine/cit/cult_omega/zrpplayers/swords/pila_arm.png.mcmeta
9047bea3a1577251a70dff214d9f7bf8d8ea28d2,1133,assets/minecraft/optifine/cit/cult_omega/zrpplayers/swords/moonlight.png
45758c9441d7372fe4cba8253bfed739c300d4ac,370,assets/minecraft/optifine/cit/cult_omega/zrpplayers/swords/moonlight_e.png
0c5b0b803289748731f9b15e0652e4c5c4a034f6,5971,assets/minecraft/optifine/cit/cult_omega/zrpplayers/swords/pila_arm.json
ab246ec26d19966e8f9baaaa22fd01ed04ee4c07,39,assets/minecraft/optifine/cit/cult_omega/zrpplayers/swords/pila.png.mcmeta
81df2a8b8785e43a4f66e34cfddaf80f4914140e,5989,assets/minecraft/optifine/cit/cult_omega/zrpplayers/swords/pila.json
65cd80e7686217caf403fc7a1e61de502204c3c0,36932,assets/minecraft/optifine/cit/cult_omega/zrpplayers/swords/twilight.png
9a3878516126109052f646d59a745f05e20d4442,245,assets/minecraft/optifine/cit/cult_omega/zrpplayers/swords/moonlight.properties
41cd1b8b689dc988f67e0f5f275c1127113c23ad,133,assets/minecraft/optifine/cit/cult_omega/zrpplayers/hats/tikimask1.properties
501f5aa8bdcccc505de00c1efad17ad88c213060,743,assets/minecraft/optifine/cit/cult_omega/zrpplayers/hats/sega3.png
c5edeef3b2eaa978ce1f73e84dc2fe7cf272668c,973,assets/minecraft/optifine/cit/cult_omega/zrpplayers/hats/hat_ohotnik.png
6fd87ddb8b2978a606cc9c1dd3732083ae8bb62f,157,assets/minecraft/optifine/cit/cult_omega/zrpplayers/hats/hat_ohotnik.properties
f939dfd7f2579ad790d0a79e1e777863a31a075c,1892,assets/minecraft/optifine/cit/cult_omega/zrpplayers/hats/uilson.png
6a93302f17bed3332bed50cb7ef9db232767d79a,151,assets/minecraft/optifine/cit/cult_omega/zrpplayers/hats/sega.properties
4f3e61a4223f40964f17800f4e206698d95498c5,717,assets/minecraft/optifine/cit/cult_omega/zrpplayers/hats/sega.png
d8a2e5bbb0b69cc539f3c913cc9e3a5075fc1437,5347,assets/minecraft/optifine/cit/cult_omega/zrpplayers/hats/tikimask1.json
dfbb7f8ce22569dcb3e88bb14da7bf3af9c771ad,1854,assets/minecraft/optifine/cit/cult_omega/zrpplayers/hats/micolosh.png
4a2e73f07fec2ead591be1414fb5c110e7cf87bd,1142,assets/minecraft/optifine/cit/cult_omega/zrpplayers/hats/tikimask2.png
8ee21d58767ac092ca5d56f988b40ca8784e76b8,6198,assets/minecraft/optifine/cit/cult_omega/zrpplayers/hats/uilson.json
c5e6e7e23c6dc850859c8ac18e306aa082000138,3561,assets/minecraft/optifine/cit/cult_omega/zrpplayers/hats/tikimask3.json
99a0d7969692346ef8ad07ae9643a145cb31ea1a,713,assets/minecraft/optifine/cit/cult_omega/zrpplayers/hats/sega2.png
fa26a8b1622ca400432e40ffddc2009d13e23ad5,145,assets/minecraft/optifine/cit/cult_omega/zrpplayers/hats/tikimask2.properties
e3f49a3958a2e97eebebcb2946bf61e47aef0436,6085,assets/minecraft/optifine/cit/cult_omega/zrpplayers/hats/sega.json
d74e8a1d98316ebbf41d232e397a71fc26c4b9be,15005,assets/minecraft/optifine/cit/cult_omega/zrpplayers/hats/micolosh.json
257ecfcf2eb27540477ad2c233f2e7aaeee24c9e,6645,assets/minecraft/optifine/cit/cult_omega/zrpplayers/hats/sega2.json
100c7246db0c94c8be78718ff34b584f1c6d0226,269,assets/minecraft/optifine/cit/cult_omega/zrpplayers/hats/sega2.properties
d2e283d1ec6d3d1d74858edb0ff9c5e6f34d7e5a,151,assets/minecraft/optifine/cit/cult_omega/zrpplayers/hats/tikimask4.properties
6ee0a9d703f1236c743de79c88322a6fdc0685aa,251,assets/minecraft/optifine/cit/cult_omega/zrpplayers/hats/sega3.properties
e618c3e75d277e79a29fd6c9e0d56dac3763c444,148,assets/minecraft/optifine/cit/cult_omega/zrpplayers/hats/micolosh.properties
af028423a6260bcca41c5a6b176bbfe7d27f01b5,109,assets/minecraft/optifine/cit/cult_omega/zrpplayers/hats/uilson.properties
e872dea9288592adf8295040eeb85a3764815de1,8936,assets/minecraft/optifine/cit/cult_omega/zrpplayers/hats/hat_ohotnik.json
7ae00cc4be70d3507a5d697939c40548ace51f31,871,assets/minecraft/optifine/cit/cult_omega/zrpplayers/hats/tikimask4.png
caa6582dcf28eff89370984912c9d4584685abc1,429,assets/minecraft/optifine/cit/cult_omega/zrpplayers/hats/tikimask3.png
59489d5fef663a3220fd1f07697f392d8ee63f45,9002,assets/minecraft/optifine/cit/cult_omega/zrpplayers/hats/sega3.json
1db21ef4e7db2fb8313bc6c9435684ac7062c146,157,assets/minecraft/optifine/cit/cult_omega/zrpplayers/hats/tikimask3.properties
8633bf5e39331fb1fdb1b8a7dd3b441cd804d63d,508,assets/minecraft/optifine/cit/cult_omega/zrpplayers/hats/tikimask1.png
cbbe8c7f59a6c66283ee39bb1edbd09373c1fdc2,6823,assets/minecraft/optifine/cit/cult_omega/zrpplayers/hats/tikimask4.json
dd433cd6958484028fe95d778bc443b4e6be5ec4,3452,assets/minecraft/optifine/cit/cult_omega/zrpplayers/hats/tikimask2.json
96d7232b2c5a6cbc99e7f3dfdb918aa8711b8a3a,3828,assets/minecraft/optifine/cit/cult_omega/zrpplayers/shields/bong.json
2488edc32c79250a7366976c9e214cbc97d4c45f,143,assets/minecraft/optifine/cit/cult_omega/zrpplayers/shields/bong.properties
6431b4d8724e89022e2f804ac91bb318ed3b5201,1508,assets/minecraft/optifine/cit/cult_omega/zrpplayers/shields/bong.png
bbd27f24d7e5a03533d7bf7a9d1b58dcd2496fee,2725,assets/minecraft/optifine/cit/cult_omega/zrpplayers/shields/trubka_mira_block.json
fd1ddb344159b13733e9deaa741ac8669d0bfac2,2709,assets/minecraft/optifine/cit/cult_omega/zrpplayers/shields/trubka_mira.json
7c532b322cd5b350ce3006061386962f3e1a83cb,950,assets/minecraft/optifine/cit/cult_omega/zrpplayers/shields/trubka_mira.png
ddd09560910b1f1386615fd1d8b0786cd0bdae19,201,assets/minecraft/optifine/cit/cult_omega/zrpplayers/shields/trubka_mira.properties
f64d34320e75e0f5909c727caff7c4cc104a1324,3836,assets/minecraft/optifine/cit/cult_omega/zrpplayers/shields/bong_block.json
00541981982da08c821581de388492f1416aa388,282523,assets/minecraft/optifine/cit/cult_omega/zrpplayers/bows/lonewo.png
f2c38c692aa15ec91da73d840025f1e5fbc03ff6,252,assets/minecraft/optifine/cit/cult_omega/zrpplayers/bows/lonewo.properties
6324e5b7d8dbcdd9d02bf7926118dfbb1f3cede9,286413,assets/minecraft/optifine/cit/cult_omega/zrpplayers/bows/lonewo2.png
e8c49c85d3fb93600266d889d9d07bbbea6d23e1,93160,assets/minecraft/optifine/cit/cult_omega/zrpplayers/bows/lonewo_pull1.json
1fd3a02412f8caf34a3a12c221db06585f1a92eb,40,assets/minecraft/optifine/cit/cult_omega/zrpplayers/bows/lonewo2.png.mcmeta
1fd3a02412f8caf34a3a12c221db06585f1a92eb,40,assets/minecraft/optifine/cit/cult_omega/zrpplayers/bows/lonewo.png.mcmeta
7d90b6d6d8837190854f14f6f4748546fec19ced,287172,assets/minecraft/optifine/cit/cult_omega/zrpplayers/bows/lonewo3.png
1fd3a02412f8caf34a3a12c221db06585f1a92eb,40,assets/minecraft/optifine/cit/cult_omega/zrpplayers/bows/lonewo3.png.mcmeta
28387419e3df5171a65a2e5b3c1a7c7ca2671561,93162,assets/minecraft/optifine/cit/cult_omega/zrpplayers/bows/lonewo_pull2.json
f3c38691ea70207804cbe9b57c1975c071a3df9e,93187,assets/minecraft/optifine/cit/cult_omega/zrpplayers/bows/lonewo.json
63c56aaaea87c9f0c02ef0b29e2c021dc76e5e6c,93162,assets/minecraft/optifine/cit/cult_omega/zrpplayers/bows/lonewo_pull3.json
71493c827f3fc2bafb163b8900e1a480ee583a46,244,assets/minecraft/optifine/cit/cult_omega/hats/topheth.properties
c731ba799a90c7586d9f9e08180b6055d80e72ee,103,assets/minecraft/optifine/cit/cult_omega/hats/meshok.properties
9e3da319d325bec5b5208ecfbfd72bcfc57d14d1,5846,assets/minecraft/optifine/cit/cult_omega/hats/germ.json
bd8e4e340b1099211e08a6b0a5c952812eea9d76,2590,assets/minecraft/optifine/cit/cult_omega/hats/meshok.json
206c9f3ee20d997b25cc03937b4465758e7d52de,491,assets/minecraft/optifine/cit/cult_omega/hats/nimb_1.png
90fd256160afa698cb884926d5bfa8af2a2a399e,162,assets/minecraft/optifine/cit/cult_omega/hats/vuel.properties
2fa74b65df0d81b3fd94cf178eafc4aabf8200d6,39,assets/minecraft/optifine/cit/cult_omega/hats/egorsp2.png.mcmeta
8c623757b06216435608e7fd9d998edb5a4eda9e,4955,assets/minecraft/optifine/cit/cult_omega/hats/egorsp2.png
2fa74b65df0d81b3fd94cf178eafc4aabf8200d6,39,assets/minecraft/optifine/cit/cult_omega/hats/rubin.png.mcmeta
8b7c29ac1d8d4968b89351895188b212f7533e38,33628,assets/minecraft/optifine/cit/cult_omega/hats/lutoland.json
4d949d11d863aafeb7e557d46d93ab8e1c53f3bf,1234,assets/minecraft/optifine/cit/cult_omega/hats/4erepbaran.png
1fd3a02412f8caf34a3a12c221db06585f1a92eb,40,assets/minecraft/optifine/cit/cult_omega/hats/nervycash.png.mcmeta
48555d5e1cf0070257065752df454f916545a017,39,assets/minecraft/optifine/cit/cult_omega/hats/nimb_1.png.mcmeta
2fa74b65df0d81b3fd94cf178eafc4aabf8200d6,39,assets/minecraft/optifine/cit/cult_omega/hats/germ.png.mcmeta
e2e743806c16dbfc42a4c9bf2a7741626f7f95f2,196,assets/minecraft/optifine/cit/cult_omega/hats/eir_e.png
d031ee5fac6abbb7958befc86bb48d3b0608f27d,17104,assets/minecraft/optifine/cit/cult_omega/hats/egorsp.json
61f8f527596f9272978f225d5eea238de3041194,39,assets/minecraft/optifine/cit/cult_omega/hats/gogagiga.mcmeta
d240b8f44ffed29f2dae6877c61c51834d43023d,161,assets/minecraft/optifine/cit/cult_omega/hats/steg_mask.properties
8ecd55ab8d9b9440fab6b10aa8c8b205d9496996,39,assets/minecraft/optifine/cit/cult_omega/hats/topheth.png.mcmeta
7cf966dd3144b72cb206244cd6fe3b57fc80ff0c,6503,assets/minecraft/optifine/cit/cult_omega/hats/mag4z.json
5e176d29354aa1f468e0147584785967ad231951,243,assets/minecraft/optifine/cit/cult_omega/hats/eir.properties
5cfbd6088912d60562e4882851603c7d2ebb8f7d,1148,assets/minecraft/optifine/cit/cult_omega/hats/vuel.png
61f8f527596f9272978f225d5eea238de3041194,39,assets/minecraft/optifine/cit/cult_omega/hats/texture.png.mcmeta
022d7c9f9bb5bffcc791a7bef8b99c1d2f68e218,1745,assets/minecraft/optifine/cit/cult_omega/hats/mag4z.png
48555d5e1cf0070257065752df454f916545a017,39,assets/minecraft/optifine/cit/cult_omega/hats/nimb_2.png.mcmeta
8c68c43d1031bded90c3e086e524b23963e3c959,1915,assets/minecraft/optifine/cit/cult_omega/hats/cherep.png
2fa74b65df0d81b3fd94cf178eafc4aabf8200d6,39,assets/minecraft/optifine/cit/cult_omega/hats/rubin_e.png.mcmeta
d14ae63bffb9ce9d9dbec03ee345388a30dd2411,2082,assets/minecraft/optifine/cit/cult_omega/hats/nimb_2.png
3e056e04db0c55eef9adcf7ef105355e2af3855a,10006,assets/minecraft/optifine/cit/cult_omega/hats/nami.json
18babee280bba67d19074bbe91e36d70c9f1c2d1,239,assets/minecraft/optifine/cit/cult_omega/hats/madket.properties
8b56efc06d1c79dfeadb4845fd81621215d44cde,858,assets/minecraft/optifine/cit/cult_omega/hats/rubin_e.png
61f8f527596f9272978f225d5eea238de3041194,39,assets/minecraft/optifine/cit/cult_omega/hats/lutoland.png.mcmeta
c34c2a7508a58f8fe539610a3955d6937d5c0fb4,417,assets/minecraft/optifine/cit/cult_omega/hats/steg_mask.png
32975afb035cf611464b2029250dc06ca00728a7,4520,assets/minecraft/optifine/cit/cult_omega/hats/vuel.json
18fe40be295be4ea193682c185203dc6abbcfbb8,217,assets/minecraft/optifine/cit/cult_omega/hats/nami.properties
2574adcfe4d01fea4c6e9a49faacbd8b8500d489,96,assets/minecraft/optifine/cit/cult_omega/hats/yahin.properties
3333629e28e236e2769e40988bf028a8fe70ca90,115,assets/minecraft/optifine/cit/cult_omega/hats/azazel.properties
52610b542bba83ff5eeba837976d69369deb0876,4757,assets/minecraft/optifine/cit/cult_omega/hats/gogagiga.png
48555d5e1cf0070257065752df454f916545a017,39,assets/minecraft/optifine/cit/cult_omega/hats/nimb_2_e.png.mcmeta
1e1ec6f69cc46d24e7dce896f6cd0814e2ee0901,144,assets/minecraft/optifine/cit/cult_omega/hats/4erepbaran.properties
a4773ff25af92bded5c94de463a7b741b598bc6b,1999,assets/minecraft/optifine/cit/cult_omega/hats/madket.png
0d032b8aabf0404f254c3d804048592300010e7e,34500,assets/minecraft/optifine/cit/cult_omega/hats/nervycash.json
a294d464f0d6101ebe571bf2e527d2254b34073f,7167,assets/minecraft/optifine/cit/cult_omega/hats/boaz.json
2fa74b65df0d81b3fd94cf178eafc4aabf8200d6,39,assets/minecraft/optifine/cit/cult_omega/hats/madket.png.mcmeta
3c86ee88a960d268128a0198ff5d98a5b30758e1,40,assets/minecraft/optifine/cit/cult_omega/hats/7opka.png.mcmeta
b44c3f8c911d3e2bf68e3dd510d2a0eaeff5bb1a,2252,assets/minecraft/optifine/cit/cult_omega/hats/nami.png
056d9fe20940349d9ce2c089bed35148aca238fe,28044,assets/minecraft/optifine/cit/cult_omega/hats/gogagiga.json
48555d5e1cf0070257065752df454f916545a017,39,assets/minecraft/optifine/cit/cult_omega/hats/cherep.png.mcmeta
81ced1cba1fbcc05febdf2e119a1396180f79cd7,51907,assets/minecraft/optifine/cit/cult_omega/hats/nervycash.png
11d531ab01b43ff115357468b04379f9b3a9c3e3,1485,assets/minecraft/optifine/cit/cult_omega/hats/steg_mask.json
2ea2ad0c63536403aa6af652fb012e7403f7a3c7,246,assets/minecraft/optifine/cit/cult_omega/hats/mag4z.properties
7e3a592a01b710d1378611909d6bf68d04521346,53729,assets/minecraft/optifine/cit/cult_omega/hats/7opka.json
ea8358d6bb20a0ae77ab41eaf0bcceb1615334cf,254,assets/minecraft/optifine/cit/cult_omega/hats/nervycash.properties
3d79bba9460fb2d10e9511eff0ca42faaa90a3a4,8966,assets/minecraft/optifine/cit/cult_omega/hats/cherep.json
1baf318ffa70fbdc3048d9bc2e2ebc157ba401c7,6173,assets/minecraft/optifine/cit/cult_omega/hats/4erepbaran.json
8b56efc06d1c79dfeadb4845fd81621215d44cde,858,assets/minecraft/optifine/cit/cult_omega/hats/rubin.png
2ca2d665d5747366962b3ed51fa5767a1a787898,5630,assets/minecraft/optifine/cit/cult_omega/hats/germ.png
bc85f3608494b3d517e5728316b9c4afe85e42d1,4210,assets/minecraft/optifine/cit/cult_omega/hats/egorsp.png
48555d5e1cf0070257065752df454f916545a017,39,assets/minecraft/optifine/cit/cult_omega/hats/nimb_1_e.png.mcmeta
540e9fa5471e369008a6f11f16cc51cb7b46aec8,8058,assets/minecraft/optifine/cit/cult_omega/hats/azazel.json
d5b4eb32db84beaa7132289073cbaa16bf5df8df,462,assets/minecraft/optifine/cit/cult_omega/hats/topheth2.png
206c9f3ee20d997b25cc03937b4465758e7d52de,491,assets/minecraft/optifine/cit/cult_omega/hats/nimb_1_e.png
1b719ad23749ef40f57d497b0343079d203c586a,231,assets/minecraft/optifine/cit/cult_omega/hats/cher1.properties
75ce19420ad99d485f319cece88282e13326da7f,40528,assets/minecraft/optifine/cit/cult_omega/hats/lutoland.png
6b86b70b5980c6f13688230e6cf51d683c120da6,1771,assets/minecraft/optifine/cit/cult_omega/hats/azazel.png
7e3cf109abcbe02836459fbf564ab605a51aafe7,69327,assets/minecraft/optifine/cit/cult_omega/hats/topheth.png
2aba981c54913f4fb3d48ebb7678f2ab56eb8ef3,1889,assets/minecraft/optifine/cit/cult_omega/hats/meshok.png
fd847e37dab6871024f9c5f090531f50c0c870cf,1756,assets/minecraft/optifine/cit/cult_omega/hats/mask_shoihet.json
8ecd55ab8d9b9440fab6b10aa8c8b205d9496996,39,assets/minecraft/optifine/cit/cult_omega/hats/cher1.png.mcmeta
22e68f5274369208aad94a047e632b8cc0f5aceb,248,assets/minecraft/optifine/cit/cult_omega/hats/gogagiga.properties
eef56c8bb2626b6ca82d076803487eacbd481c60,238,assets/minecraft/optifine/cit/cult_omega/hats/germ.properties
02d1e48adfa9dd27c2d1551d71542dfda850f8eb,1394,assets/minecraft/optifine/cit/cult_omega/hats/eir.png
4d7fdd79efe3a0a6a2b43bcf88ece694a577f8e7,39382,assets/minecraft/optifine/cit/cult_omega/hats/topheth.json
ef2fd9b9fbecf300e4d439b71d4164cff50c39d5,7120,assets/minecraft/optifine/cit/cult_omega/hats/yahin.json
e5ed5c7a5dcabedd93c9cd7391b41f9b4436fa2c,6855,assets/minecraft/optifine/cit/cult_omega/hats/cher1.json
a24f7c13cd1521dc83abd5e99d90943036616f3d,12394,assets/minecraft/optifine/cit/cult_omega/hats/7opka.png
1c2531ff623c29401ad581911e784279c1de31f2,238,assets/minecraft/optifine/cit/cult_omega/hats/egorsp.properties
e8b2bbca06057cba970a300a9d2e81d87334bb14,7975,assets/minecraft/optifine/cit/cult_omega/hats/madket.json
9e2842942b76d03fc24b6ff3680caf71874c61ca,1414,assets/minecraft/optifine/cit/cult_omega/hats/yahin.png
ea865664d8038333df39589a2c2dbd11bc9891f9,233,assets/minecraft/optifine/cit/cult_omega/hats/7opka.properties
ad33c557e6fbc44d5fdb44f5bbc9ebd62660e659,5780,assets/minecraft/optifine/cit/cult_omega/hats/eir.json
7e9007e0c6db5b0da8f0b601dda3b51b825d519b,253,assets/minecraft/optifine/cit/cult_omega/hats/lutoland.properties
1ba460667eed5bba7752fddaaf600b0e9e9b00ee,146,assets/minecraft/optifine/cit/cult_omega/hats/mask_shoihet.properties
7a2eded2c6785e94c958791837e5515672aa9dd8,95,assets/minecraft/optifine/cit/cult_omega/hats/boaz.properties
5a0c880eb712f8efc2e96092bfddc75ca0220d27,1848,assets/minecraft/optifine/cit/cult_omega/hats/boaz.png
04588d94c30ffa53a5eff8f36126af00302470bb,855,assets/minecraft/optifine/cit/cult_omega/hats/mask_shoihet.png
61f8f527596f9272978f225d5eea238de3041194,39,assets/minecraft/optifine/cit/cult_omega/hats/gogagiga.png.mcmeta
d14ae63bffb9ce9d9dbec03ee345388a30dd2411,2082,assets/minecraft/optifine/cit/cult_omega/hats/nimb_2_e.png
2faca484d910fd23d82ebdd0f3fb82b780051247,225,assets/minecraft/optifine/cit/cult_omega/hats/cherep.properties
740b8a1a64d984f5c224db209c9f21d08e437570,1883,assets/minecraft/optifine/cit/cult_omega/hats/cher1.png
c7f39da05c053076bbb441af521e17d26a56c33a,803,assets/minecraft/optifine/cit/cult_omega/hats/cats/musya.png
81573bcc96f042fd6757c8a0f2bfe18441e8cb72,5804,assets/minecraft/optifine/cit/cult_omega/hats/cats/felix.json
b6482b5be5ae5a6c9380ade4bc66b6488d02e5d4,1511,assets/minecraft/optifine/cit/cult_omega/hats/cats/kiemi.png
100dc8e6d596509004accee7c07ea0e906d0699f,5802,assets/minecraft/optifine/cit/cult_omega/hats/cats/lusi.json
82732a403698afbc7b3be50b8d597a73cfea290d,95,assets/minecraft/optifine/cit/cult_omega/hats/cats/usik.properties
9b69878cc63754abac2c69c5f0265498543e897b,2921,assets/minecraft/optifine/cit/cult_omega/hats/cats/onix.png
4b7b766411498f74b2698b1ad5ccc9c3c8fae99e,108,assets/minecraft/optifine/cit/cult_omega/hats/cats/felix.properties
dbcbe2c82d247d61184497ee4a2f1dba891865e1,904,assets/minecraft/optifine/cit/cult_omega/hats/cats/merlina.png
9b29d8d144a0af90329ce6fc449935bcb8eaa9bb,1060,assets/minecraft/optifine/cit/cult_omega/hats/cats/rami.png
aed6ff785269ed672c5fa2820bc81ee87718aaed,827,assets/minecraft/optifine/cit/cult_omega/hats/cats/barsik.png
f1cf0c7c79d6cad9e904b44e706189e0f75b395f,5806,assets/minecraft/optifine/cit/cult_omega/hats/cats/prensi.json
68794b5e03378da1eb599a09a61371b684220131,1413,assets/minecraft/optifine/cit/cult_omega/hats/cats/nenti.png
502dc08624cd1aee0eb6a9b974c65b211746a66c,1514,assets/minecraft/optifine/cit/cult_omega/hats/cats/usik.png
272e53eed82b2f241778938feb4bb2c4f431a0fc,123,assets/minecraft/optifine/cit/cult_omega/hats/cats/magnolia.properties
e6289f2993493f0081698d446da93f644660e578,6746,assets/minecraft/optifine/cit/cult_omega/hats/cats/shlepa.json
171b0090e2fb470c7aaf8d485bc3458c643ff45e,5804,assets/minecraft/optifine/cit/cult_omega/hats/cats/nenti.json
b53772fed3525b501064a7b026a75f9b7ef33baa,5802,assets/minecraft/optifine/cit/cult_omega/hats/cats/rami.json
b35d86cdbeeb781982ebeaa9c73737b4acc7e8a1,101,assets/minecraft/optifine/cit/cult_omega/hats/cats/onix.properties
758a59210d95b4e2b0c54fb4436bde4dfc940b1e,109,assets/minecraft/optifine/cit/cult_omega/hats/cats/barsik.properties
e67f4ef96d199bb43380082088627f18419e24ae,5804,assets/minecraft/optifine/cit/cult_omega/hats/cats/ferro.json
2ccdb0d2d14b1aac664623c83176b9ed60fc49a9,5806,assets/minecraft/optifine/cit/cult_omega/hats/cats/barsik.json
77fd26e7781382128b729ec1480f9671b843e8d0,5802,assets/minecraft/optifine/cit/cult_omega/hats/cats/onix.json
018a058be2df8e1059c42bc9e4ab7f11541c4ff5,5810,assets/minecraft/optifine/cit/cult_omega/hats/cats/magnolia.json
2e46488052b02da51cfe1bce73af94976b0c0adc,109,assets/minecraft/optifine/cit/cult_omega/hats/cats/prensi.properties
7772f93b548eab772aa79b39d2823a3cb3c189c0,96,assets/minecraft/optifine/cit/cult_omega/hats/cats/musya.properties
77d317dd71a8ad4e340b305abfd54a98877e8fda,5808,assets/minecraft/optifine/cit/cult_omega/hats/cats/maxwell.json
35108a3ece1f3a8ba51c4d54990532c2b9ec86d3,130,assets/minecraft/optifine/cit/cult_omega/hats/cats/karavadjo.properties
b917e6f70647184a4820685f8f1af50bb362488b,915,assets/minecraft/optifine/cit/cult_omega/hats/cats/taman.png
388bf6bc401c0370887b418977b03a505b66eaad,5804,assets/minecraft/optifine/cit/cult_omega/hats/cats/musya.json
650813db4f1992d3acdf37b560968202ecce54c6,5808,assets/minecraft/optifine/cit/cult_omega/hats/cats/merlina.json
36dcad5723734c502d5010baaa6cc5afb0281280,5804,assets/minecraft/optifine/cit/cult_omega/hats/cats/kiemi.json
938dc9f3fe79bb08dbcc26f4e86d13a8fb595587,5802,assets/minecraft/optifine/cit/cult_omega/hats/cats/usik.json
a3bb396abe00f77dbc21c0902ec318320202d095,116,assets/minecraft/optifine/cit/cult_omega/hats/cats/merlina.properties
52f080168982c84e025ee301f881486c73336d4b,102,assets/minecraft/optifine/cit/cult_omega/hats/cats/ferro.properties
a0aa01916357fbefb5c2a6ff7eb7b44e8742d37a,2566,assets/minecraft/optifine/cit/cult_omega/hats/cats/lusi.png
9f97cc2df8d668d9f68c1b3a65fc869b820fe396,95,assets/minecraft/optifine/cit/cult_omega/hats/cats/rami.properties
a780746016ba8b7ccecc133078154bbc0606f6d2,108,assets/minecraft/optifine/cit/cult_omega/hats/cats/taman.properties
65388d9f77e72c5279e8cbbb697f33a731765a88,812,assets/minecraft/optifine/cit/cult_omega/hats/cats/ferro.png
d14fc94ba86b712515be77921b2ff4bc16cebc52,2220,assets/minecraft/optifine/cit/cult_omega/hats/cats/shlepa.png
870e31928db9a0e379d91f806aea00e3687981e8,1501,assets/minecraft/optifine/cit/cult_omega/hats/cats/zefir.png
d485cc3691d7041b5ecb14f61a2e337e81a9cc7c,2128,assets/minecraft/optifine/cit/cult_omega/hats/cats/prensi.png
317de1476227d4ae18434b51bd25469cdb1c1592,5804,assets/minecraft/optifine/cit/cult_omega/hats/cats/zefir.json
5a7a7856111c9b938a047aa0580cff1bc3eed33a,102,assets/minecraft/optifine/cit/cult_omega/hats/cats/zefir.properties
eb03a444c43bc147c6c271b684e175a5eae0f53b,931,assets/minecraft/optifine/cit/cult_omega/hats/cats/magnolia.png
4b36efe956efad207a0524ad42d3735a45c83fad,102,assets/minecraft/optifine/cit/cult_omega/hats/cats/rufus.properties
e10a1522f5e5a603648079b1fcf1a392a07f62e6,5804,assets/minecraft/optifine/cit/cult_omega/hats/cats/taman.json
7b352df51f82b510298318e095481cc153251028,102,assets/minecraft/optifine/cit/cult_omega/hats/cats/kiemi.properties
accc9640692913ce76792b434c60f73da63c7507,95,assets/minecraft/optifine/cit/cult_omega/hats/cats/lusi.properties
0c909d47b13bc82eee04adf6fb42149ab2b43e44,102,assets/minecraft/optifine/cit/cult_omega/hats/cats/nenti.properties
1d64fcc21ee2801f006c4536f7bddbeaf1480964,2835,assets/minecraft/optifine/cit/cult_omega/hats/cats/rufus.png
613d2d1a7f02c5455144021acc3aa383d43fe626,103,assets/minecraft/optifine/cit/cult_omega/hats/cats/shlepa.properties
18133950e2577e780bc2bd84a9ae36fa5d84e077,122,assets/minecraft/optifine/cit/cult_omega/hats/cats/maxwell.properties
b9de00385daad0a8ef67def07dddbce9ebbd0aee,1810,assets/minecraft/optifine/cit/cult_omega/hats/cats/felix.png
5afa78084593d5bdc21e3eacb67cbadf938d9924,5812,assets/minecraft/optifine/cit/cult_omega/hats/cats/karavadjo.json
e6b7269e2b7ac2d9ce66b2e2e7eedff09d4efbed,929,assets/minecraft/optifine/cit/cult_omega/hats/cats/karavadjo.png
4ca9247ffbd08f988f35d46bab333189afdbcdd5,5804,assets/minecraft/optifine/cit/cult_omega/hats/cats/rufus.json
6fcc1f5992f5eaa233fa7fbd1dbb9e979fbda989,846,assets/minecraft/optifine/cit/cult_omega/hats/cats/maxwell.png
c605776ff73204c089cbc341f51a4be22f269402,14637,assets/minecraft/optifine/cit/cult_omega/shields/shield_agressant.json
99c9f1bc876dfb3204147afe183cc142d2c4c609,14589,assets/minecraft/optifine/cit/cult_omega/shields/shield_agressant_block.json
d561c8fdc09d2778585bad3192c042c131ef21f0,1010,assets/minecraft/optifine/cit/cult_omega/shields/shield_agressant.png
c0b2f72c397255959ca242b4a8b012c576f39381,283,assets/minecraft/optifine/cit/cult_omega/shields/shield_agressant.properties
