d36eb1395702c502fd274fa6ea886598307bd87b,70651,c.json
53c7111a9188a756ec06374d699ed439eee89229,153,assets/minecraft/optifine/cit/kotelok/decor/golden_spoon.properties
7b87895656698559c1c4da26237ba4caa92c2ac5,195,assets/minecraft/optifine/cit/kotelok/decor/golden_spoon.png
4507506fd7cea227f2d92feff2e20c8db57d724e,590,assets/minecraft/optifine/cit/kotelok/decor/golden_spoon.json
049f931bfebea89e556ca3169da28555ca2ec59e,9535,assets/minecraft/optifine/cit/kotelok/decor/beer_cabinet/beer_cabinet.json
e7a6b41201ad290cb0c5961d514802ab48f7a2ba,153,assets/minecraft/optifine/cit/kotelok/decor/beer_cabinet/beer_cabinet.properties
b85c52293af286e25325e38d95b0980da3e6d56d,2976,assets/minecraft/optifine/cit/kotelok/decor/beer_cabinet/beer_cabinet.png
ead1a7bf15c5bd50e1d1c70511f82baac50f4941,5525,assets/minecraft/optifine/cit/kotelok/decor/obossanny_botinok/obossanny_botinok.json
a23a8de7435739022334547341cf8edb0e9a7d63,179,assets/minecraft/optifine/cit/kotelok/decor/obossanny_botinok/obossanny_botinok.properties
9d324546e192fcbe61e6d44f2838b1e82e8f4ed4,151,assets/minecraft/optifine/cit/kotelok/decor/obossanny_botinok/empty_botinok.properties
0c02929a308ff3f23c05b949915208ee0ad37c7d,725,assets/minecraft/optifine/cit/kotelok/decor/obossanny_botinok/obossanny_botinok.png
98dc3c0064edd80d1c0ea49b4103b31c8eaede32,5068,assets/minecraft/optifine/cit/kotelok/decor/obossanny_botinok/empty_botinok.json
166740591d5f1ccfc646e29128174deb000ac46f,140,assets/minecraft/optifine/cit/kotelok/decor/cabinet/6_barrels_cabinet.properties
b681c8d6a02d5daad72094c7cfe62c54f2f04f09,5649,assets/minecraft/optifine/cit/kotelok/decor/cabinet/6_barrels_cabinet.json
bf0b82e03a95b8370288fc215e4d8442212d55c8,1524,assets/minecraft/optifine/cit/kotelok/decor/cabinet/6_barrels_cabinet.png
30789cc7aab9f2197e621a43f94112d21ea4fef5,2851,assets/minecraft/optifine/cit/kotelok/decor/empty_items/gold_cup.json
5a909c3bb13cb7e98fa3f7db22843c768df6223e,2978,assets/minecraft/optifine/cit/kotelok/decor/empty_items/flat_glass.json
4464d02f1efff65d225acb1cb86d52e9f027ff21,2419,assets/minecraft/optifine/cit/kotelok/decor/empty_items/keramic_dish.json
f9b36dbe0f4d5535a3ffa926bc7a15ec635f5ec5,752,assets/minecraft/optifine/cit/kotelok/decor/empty_items/keramic_dish.png
23237f40502ff75ad11407874c1a63cd1f626afa,501,assets/minecraft/optifine/cit/kotelok/decor/empty_items/tall_glass.png
2989459d561749c45f7ed33ca08de27e87e044d2,1210,assets/minecraft/optifine/cit/kotelok/decor/empty_items/tarelka.json
e35b9c86e6b1fbce24f27e61dfff14cd4619b488,1033,assets/minecraft/optifine/cit/kotelok/decor/empty_items/liquoronidas.png
be02f5a58434ed3c87ac05e4bc1b1dbd025dc23f,505,assets/minecraft/optifine/cit/kotelok/decor/empty_items/small_glass.png
dd882c23fea94006b8542324440d7447289c71e8,170,assets/minecraft/optifine/cit/kotelok/decor/empty_items/many_flat_glass.properties
a5b06f838e6f974da3d138a47f762aba5220a1df,612,assets/minecraft/optifine/cit/kotelok/decor/empty_items/flat_glass.png
38616ef7bb6e8f32458f92dc5b68315af34c1268,154,assets/minecraft/optifine/cit/kotelok/decor/empty_items/tall_glass.properties
79b3a5cb98d58a3b487994c070094f4c0e8dd39f,779,assets/minecraft/optifine/cit/kotelok/decor/empty_items/glob-globchik.png
aa8f571d26f9645b4e181cfdcb712af1ba9fa420,3547,assets/minecraft/optifine/cit/kotelok/decor/empty_items/sut_ale.json
4ae4a0f6c683c584f490eeb062c817fda738cb39,145,assets/minecraft/optifine/cit/kotelok/decor/empty_items/sut_ale.properties
fc628e7ae933b984106bcc91fa8ced9db424f42e,1984,assets/minecraft/optifine/cit/kotelok/decor/empty_items/sut_ale.png
8b162c32c268a068eee9f0ae491e6d9274ff135a,2858,assets/minecraft/optifine/cit/kotelok/decor/empty_items/grog.json
c27e35face6d2314c214294f193a22402f6b9b3f,2918,assets/minecraft/optifine/cit/kotelok/decor/empty_items/glob-globchik.json
b8f857435af5b5ffb24f2e0a8de0b25a587368df,1543,assets/minecraft/optifine/cit/kotelok/decor/empty_items/tall_glass.json
9edc6c0a0b8737d68a57cd229a2cefd1ebf833a6,138,assets/minecraft/optifine/cit/kotelok/decor/empty_items/breeze.properties
50f2e70ad28c84b62a0cce441d0aeb71509dc51d,179,assets/minecraft/optifine/cit/kotelok/decor/empty_items/flat_glass.properties
6802b7c80a2dd386bad74967a5504b571931f663,167,assets/minecraft/optifine/cit/kotelok/decor/empty_items/small_glass.properties
4fb1e08b15c8a89ea445abec48f848497adabf63,145,assets/minecraft/optifine/cit/kotelok/decor/empty_items/glob-globchik.properties
0fce5ad46cf204ea8279b0fcb5ba9f0846e1f6e8,1716,assets/minecraft/optifine/cit/kotelok/decor/empty_items/breeze.png
2ec3b2eab0dfd742b97979ed38db4e7c232d0348,146,assets/minecraft/optifine/cit/kotelok/decor/empty_items/gold_cup.properties
8c384d7e5b0ce3102ba7a89c919ea513187e5898,770,assets/minecraft/optifine/cit/kotelok/decor/empty_items/grog.png
12959fe46f5fc65475bf5a5bfc48e1616612b7f7,471,assets/minecraft/optifine/cit/kotelok/decor/empty_items/tarelka.png
a38ea3711ac29f65b24ef69d43cbc7caf61a667c,7893,assets/minecraft/optifine/cit/kotelok/decor/empty_items/many_flat_glass.json
f198384c71718b1a17cf702766b7adbd91e73039,108,assets/minecraft/optifine/cit/kotelok/decor/empty_items/tarelka.properties
1ac458182a423521f41d7c883c49bccae829e3e5,83,assets/minecraft/optifine/cit/kotelok/decor/empty_items/meshanina.properties
946b4f89fd359e35ddd5841e0763518d3b7cf709,589,assets/minecraft/optifine/cit/kotelok/decor/empty_items/meshanina.png
7acc21fa1983c510b8650cb014629610547a5334,155,assets/minecraft/optifine/cit/kotelok/decor/empty_items/grog.properties
9ab989a9936df67c8cb7453ff5309c3edcd03f37,107,assets/minecraft/optifine/cit/kotelok/decor/empty_items/keramic_dish.properties
724a9a04c7cb07da3ad41bfdabe4b10121cc30ac,3888,assets/minecraft/optifine/cit/kotelok/decor/empty_items/breeze.json
c2bec4f990272368a1f1499c8cb1b4c4bf87d2bd,1606,assets/minecraft/optifine/cit/kotelok/decor/empty_items/small_glass.json
fdd7462499e29d3af159a9faf5f29ff313e353b8,2027,assets/minecraft/optifine/cit/kotelok/decor/sink/sink.png
c2f1b80c606f09638182912c4bd5a0db7fd3c280,145,assets/minecraft/optifine/cit/kotelok/decor/sink/sink.properties
729b78f7f428ee732aeecaf43b1465ec009d0ad5,6473,assets/minecraft/optifine/cit/kotelok/decor/sink/sink.json
8d5bb6be22d43991d0dfd63d1ff354c80dcd59ff,281916,assets/minecraft/optifine/cit/kotelok/decor/tv/tripple_food.png
68ff94558e060a26bdf47e7aca1513a7b5a25740,180,assets/minecraft/optifine/cit/kotelok/decor/tv/tv_drink.properties
bf1e1dbee38db60963480c6b7a93608338650016,3159,assets/minecraft/optifine/cit/kotelok/decor/tv/hypetv.json
731667b728fdf9674809cbf0d7d010cda2904b03,1426,assets/minecraft/optifine/cit/kotelok/decor/tv/txt.png
f5ea14fdb283ac2911a80479e7f74e1b68ee9432,40,assets/minecraft/optifine/cit/kotelok/decor/tv/tripple_food.png.mcmeta
33483ced4042d21544f39db663a0d121a11af796,4407,assets/minecraft/optifine/cit/kotelok/decor/tv/tv_drink.json
1e5d04cbaa94423c592c007ba5111c2e957f35ad,40,assets/minecraft/optifine/cit/kotelok/decor/tv/hype_tripple.png.mcmeta
a27866a4cd4defe0c6d18f5c0d131daccdeb57b7,429444,assets/minecraft/optifine/cit/kotelok/decor/tv/texture.png
9dd0002c994dfd1480dbba9e65ee477369303e63,321880,assets/minecraft/optifine/cit/kotelok/decor/tv/tripple_drink.png
2bcdb54e84b01f1df8b5878651d9c9ca2b91223d,122,assets/minecraft/optifine/cit/kotelok/decor/tv/hypetv.properties
c7013320153644480710deec32a7e2a343f41476,167,assets/minecraft/optifine/cit/kotelok/decor/tv/tv_food.properties
54bae283cffc5198abb030048cbcc3971eab334b,1207,assets/minecraft/optifine/cit/kotelok/decor/tv/hypetv.png
7a3f1c7a96722be99b218f1a735a420b46910a64,1703,assets/minecraft/optifine/cit/kotelok/decor/tv/empty.json
dd76905485eb8b8cc190f5778ee88a7122e162ea,59955,assets/minecraft/optifine/cit/kotelok/decor/tv/hype_tripple.png
01fb524fa089e8868a87b87aff58e74efb773fb0,3280,assets/minecraft/optifine/cit/kotelok/decor/tv/kotelok.png
a8dc5a0c5db2a79c13187e43b0ab8ca54a4423aa,1102,assets/minecraft/optifine/cit/kotelok/decor/tv/tv.png
7820787096079505881bd1d60c055074f41a1627,165,assets/minecraft/optifine/cit/kotelok/decor/tv/tv_rat.properties
ef2cc43a4f7136fd40f30fedcd1431d80938d293,2731,assets/minecraft/optifine/cit/kotelok/decor/tv/tv_rat.json
a1b075b414235eb551423f1ccc53d696b727dfc6,71985,assets/minecraft/optifine/cit/kotelok/decor/tv/rat.png
61f8f527596f9272978f225d5eea238de3041194,39,assets/minecraft/optifine/cit/kotelok/decor/tv/rat.png.mcmeta
0d6786a593799c55dc1c60e86bdb40afb713a3d3,980,assets/minecraft/optifine/cit/kotelok/decor/tv/empty.png
f5ea14fdb283ac2911a80479e7f74e1b68ee9432,40,assets/minecraft/optifine/cit/kotelok/decor/tv/tripple_drink.png.mcmeta
3fbc18d854e4b069a6b4acd7ebe92269e4368df0,4216,assets/minecraft/optifine/cit/kotelok/decor/tv/tv_food.json
8385a2a51e464433f498d802419ff13054a7d328,1816,assets/minecraft/optifine/cit/kotelok/decor/tv/new/tv_new_food.json
901481b3778a712840aa8bd5805fe7ebe546c822,40,assets/minecraft/optifine/cit/kotelok/decor/tv/new/food.png.mcmeta
0cf4beb5c60cef3987e42b927651dd15699f9740,259458,assets/minecraft/optifine/cit/kotelok/decor/tv/new/food.png
57c26844b6b3f1ce78e1b67e0e5679ff28fb861b,85,assets/minecraft/optifine/cit/kotelok/decor/tv/new/tv_new_food.properties
0d6786a593799c55dc1c60e86bdb40afb713a3d3,980,assets/minecraft/optifine/cit/kotelok/decor/tv/new/empty.png
d8ebd7669e011c7e6bf8c00b3073614f60e95125,111,assets/minecraft/optifine/cit/kotelok/decor/license/license.properties
426e9bc8eef3cf5ea32b92dad1e4e546b77ac62c,1477,assets/minecraft/optifine/cit/kotelok/decor/license/license.png
83fed2acf1c9fc20fdc8bfc67c872f1c923ccb57,2465,assets/minecraft/optifine/cit/kotelok/decor/license/license.json
a543311a86c9912515b3e72fbeb2dc040d346ba7,165,assets/minecraft/optifine/cit/kotelok/decor/bottles/don.properties
f27b42b3ecb217eb81be8cb31f1283389a6f69e3,137,assets/minecraft/optifine/cit/kotelok/decor/bottles/box_of_bottles.properties
057b7c863be1a362b9e0356c114081929c8c7903,9855,assets/minecraft/optifine/cit/kotelok/decor/bottles/box_of_bottles.json
e9611ce1c837bf5158503b3ae7d7f9c4ff75b484,214,assets/minecraft/optifine/cit/kotelok/decor/bottles/bloxon.properties
43e3bcb4391adace1207c00c429515ae32b6e9e7,18297,assets/minecraft/optifine/cit/kotelok/decor/bottles/bottles_line.json
e0735d9cde4a9be086e17b0195f98f8a3bd52638,4437,assets/minecraft/optifine/cit/kotelok/decor/bottles/don.json
2fc8c073a2fd6eac5bfdb49b057a648861da9dd6,2712,assets/minecraft/optifine/cit/kotelok/decor/bottles/bloxon.png
a8787802046d084c3be4db6ddfd9a38e050d7f66,177,assets/minecraft/optifine/cit/kotelok/decor/bottles/bottles_line.properties
a10ad746d21dfe6d606a166a87810c3dcbb0f84b,6633,assets/minecraft/optifine/cit/kotelok/decor/bottles/bloxon.json
7c2234ca96c3531611187704c3e92e6c686e25e0,4749,assets/minecraft/optifine/cit/kotelok/decor/bottles/box_of_bottles.png
7cadfd6122084626744f5995631e34ef7245293a,2029,assets/minecraft/optifine/cit/kotelok/decor/bottles/don.png
59ca61418b8171a04fb27577971a9fb984781174,7369,assets/minecraft/optifine/cit/kotelok/decor/bottles/bottles_line.png
3f587f956ab65bf6cea8c84a11a86ef715262f49,10569,assets/minecraft/optifine/cit/kotelok/decor/kitchen/cheks1.png
eb3c8eed377d4c272853c07da5049210ce9dd9ce,130,assets/minecraft/optifine/cit/kotelok/decor/kitchen/kitchen.properties
a912cc30a74235b671b647c6e89bb9cb6d14c5b6,11173,assets/minecraft/optifine/cit/kotelok/decor/kitchen/cheks.png
de770e8ba960c9909f40bbe98a0dca5e16a0a5dd,145,assets/minecraft/optifine/cit/kotelok/decor/kitchen/cheks.properties
7982509d8b67c29b7817dc823cfe1cbe03117be6,3588,assets/minecraft/optifine/cit/kotelok/decor/kitchen/cheks.json
75520fcec22b5c10984c198422ceb14c98709b18,6700,assets/minecraft/optifine/cit/kotelok/decor/kitchen/kitchen.json
226af1377a2169a2832b5ce33c514690ba691400,3885,assets/minecraft/optifine/cit/kotelok/decor/kitchen/kitchen.png
0e16eb1de036904d7ae12066c627604ea208b888,222,assets/minecraft/optifine/cit/kotelok/decor/kitchen_spatula/kitchen_spatula.png
236fd2747c11bb1268d5faf0ea16e2fbd44b618b,288,assets/minecraft/optifine/cit/kotelok/decor/kitchen_spatula/kitchen_spatula.properties
89e4bd475755c38770e0a7e5b822328dc7653b62,362,assets/minecraft/optifine/cit/kotelok/decor/cards/green.png
90bb9e24bd12ccf42cdfa06cae4395fa52d0c190,122,assets/minecraft/optifine/cit/kotelok/decor/cards/blue.properties
7d1355c4ca3455466b3b0edd664ee1312c6330c0,1512,assets/minecraft/optifine/cit/kotelok/decor/cards/purple.json
e8ea5e8629f7adc92bde7aca2ecd19c650774ab6,125,assets/minecraft/optifine/cit/kotelok/decor/cards/yellow.properties
883329f6ad880de1aace6f810ae932ecbc1f15ad,1512,assets/minecraft/optifine/cit/kotelok/decor/cards/yellow.json
59c91caa799ea2a60877150d9466228247bcd532,1510,assets/minecraft/optifine/cit/kotelok/decor/cards/green.json
178f98b6f1b2f17174ee96c4ae2facdb8405bd3a,123,assets/minecraft/optifine/cit/kotelok/decor/cards/green.properties
16fff4037e5328966e8fc1e9a494af9975ccf394,1508,assets/minecraft/optifine/cit/kotelok/decor/cards/blue.json
867566b27ec4254ee227eb8b99c74873285a2741,359,assets/minecraft/optifine/cit/kotelok/decor/cards/purple.png
ddd4a24eb846ef960fcb2726a4cb4d668d20e060,125,assets/minecraft/optifine/cit/kotelok/decor/cards/purple.properties
61a1bf062f7b6ecdb29b487211ff8ff9bcc8d480,395,assets/minecraft/optifine/cit/kotelok/decor/cards/blue.png
ec4a91af209c15866d884958a74b3abb72bf1f19,235,assets/minecraft/optifine/cit/kotelok/decor/cards/kotelok.png
701e2ce6709328bd0d8fac2728562cf7554b6969,365,assets/minecraft/optifine/cit/kotelok/decor/cards/yellow.png
9a6839df7e50dfc911842ce1fcb262e80aeaae47,3625,assets/minecraft/optifine/cit/kotelok/decor/skovoroda/skovoroda.blend
ad99134fb18271a8210593b244a94340de49fb67,610,assets/minecraft/optifine/cit/kotelok/decor/skovoroda/skovoroda.png
5ae8f78bd4fa8cc8d15dd0705154f3adbb798cc6,3345,assets/minecraft/optifine/cit/kotelok/decor/skovoroda/skovoroda.json
3caa26c018472257ac743055a26b018ea54f3062,119,assets/minecraft/optifine/cit/kotelok/decor/skovoroda/skovoroda.properties
85e04128732d9a1c2c5fd43f0a8aae2be6109fb0,4088,assets/minecraft/optifine/cit/kotelok/decor/pizza_boxes/stack_of_pizza_boxes2.json
9a773a1d28357c44604628f2aa0f3e7de97ce290,802,assets/minecraft/optifine/cit/kotelok/decor/pizza_boxes/pizza_box.png
baf9a55f7a31089b4fec567372a6d776b7a541aa,3040,assets/minecraft/optifine/cit/kotelok/decor/pizza_boxes/stack_of_pizza_boxes.json
7b9c99256cf297bebe5a10dd62c5e84059acb5f3,149,assets/minecraft/optifine/cit/kotelok/decor/pizza_boxes/stack_of_pizza_boxes.properties
32b46ec23c37f9faa581e3a697f785f8880af01b,107,assets/minecraft/optifine/cit/kotelok/decor/broschura/broschura.properties
17cd7ae9d311f29b56d9302d09a57e9e3c3fdcec,6442,assets/minecraft/optifine/cit/kotelok/decor/broschura/broschura.json
5a6712c0c4f11dca8b5c33c0e3325216913b64ef,9722,assets/minecraft/optifine/cit/kotelok/decor/broschura/txt.png
819631ab6db15773527e46ea51d5a92559dd0918,430,assets/minecraft/optifine/cit/kotelok/decor/broschura/osnova.png
83edef8d002e3ad9e9ee9bd97c93d09cf3ca65ca,3497,assets/minecraft/optifine/cit/kotelok/decor/broschura/bronka.json
83830e9a3f6e2e1f4b0e9561aa522db449830b31,171,assets/minecraft/optifine/cit/kotelok/decor/broschura/bronka.properties
49e42b699a15ed972938b93c0a5a317079c9421f,17756,assets/minecraft/optifine/cit/kotelok/decor/broschura/pictures.png
26272ce5f7b06fbcbb67dd430e84ad4cd197f7b9,17805,assets/minecraft/optifine/cit/kotelok/decor/broschura/picture.png
d5eaf718e6bd289a2c4cacfd221382a7f3a168c9,139,assets/minecraft/optifine/cit/kotelok/decor/iron_table/iron_table.properties
80ced2bc3dc3b0ca697ecc40c6925234dce13d35,2951,assets/minecraft/optifine/cit/kotelok/decor/iron_table/iron_table.png
8e1cd75cb5cef534a0c4131b097eeaeb3545ffbf,5412,assets/minecraft/optifine/cit/kotelok/decor/iron_table/iron_table.json
06d3d74c9ab8393dc68419389f9f3034b3531c5a,113,assets/minecraft/optifine/cit/kotelok/decor/name_knife/lurrik_knife.properties
c5428bb528a47cfea98d3a0cce3bb429f86ad22e,364,assets/minecraft/optifine/cit/kotelok/decor/name_knife/aristo_knife.png
6815ffc7a27174f3dbf0cc3e0e9b72b74f20a231,382,assets/minecraft/optifine/cit/kotelok/decor/name_knife/lurrik_knife.png
f352e7eda81c49eb2d9763132a48e4d4c51c76c3,125,assets/minecraft/optifine/cit/kotelok/decor/name_knife/aristo_knife.properties
5e778960732485cc265ec465253060b21ec55a17,168,assets/minecraft/optifine/cit/kotelok/decor/mixer/venchik.png
8302ee33c39c75471413fc6a558d4259e103947d,3655,assets/minecraft/optifine/cit/kotelok/decor/mixer/mixer.png
61f8f527596f9272978f225d5eea238de3041194,39,assets/minecraft/optifine/cit/kotelok/decor/mixer/venchik.png.mcmeta
e2c4f560436b84bf96e9fae6cd3b73d3051ad547,6923,assets/minecraft/optifine/cit/kotelok/decor/mixer/mixer.json
e0ede30328955ae3eaf43549a1b7bb85ceaa0bac,180,assets/minecraft/optifine/cit/kotelok/decor/mixer/mixer.properties
ba096b34eaf1d014c32e6319d4df89b7b61d155c,486,assets/minecraft/optifine/cit/kotelok/armor/helmet_icon.png
27ddcb7f64ffeedbde0870908a3a4188e9138604,122,assets/minecraft/optifine/cit/kotelok/armor/helmet_icon.properties
6b314640a078c16f28d451184e48546e24fbe17d,238,assets/minecraft/optifine/cit/kotelok/armor/chestplate.properties
404463be27d1d4ee0cbb1f67d72b7a3cf03fa672,1800,assets/minecraft/optifine/cit/kotelok/armor/walter1.png
2ec407e8ef042f04c78fdda45ddc8780fecd12da,327,assets/minecraft/optifine/cit/kotelok/armor/leggings_icon.png
2ac3d48eed858a65261c13e79659ebd418c7b528,132,assets/minecraft/optifine/cit/kotelok/armor/leggings_icon.properties
c07d13e11b8a45f7bd6e08b32646ca3cf4bd12a2,117,assets/minecraft/optifine/cit/kotelok/armor/boots_icon.properties
df137d48bc118b93fb55c7358af4ff57017eb74b,222,assets/minecraft/optifine/cit/kotelok/armor/helmet.properties
d78dc72c18a81f8da9eb4159b4eced81ffd09597,696,assets/minecraft/optifine/cit/kotelok/armor/walter2.png
8700695d90ea15119e4e36ddc7c2c5d0af12fb80,276,assets/minecraft/optifine/cit/kotelok/armor/boots_icon.png
8a884d616db73405c19e0fc9d42b419497303960,142,assets/minecraft/optifine/cit/kotelok/armor/chestplate_icon.properties
bc02afccbab3f3647ea1b38698fd18a689065ff8,218,assets/minecraft/optifine/cit/kotelok/armor/boots.properties
e2406b30b7517bb38b9d1fc09985d6828168cced,420,assets/minecraft/optifine/cit/kotelok/armor/chestplate_icon.png
3c56346bcc7f968e659fa902c901e761a343ff2b,230,assets/minecraft/optifine/cit/kotelok/armor/leggings.properties
2bf5251128259d208eeaf9ff9b745ed306a0f52e,202,assets/minecraft/optifine/cit/kotelok/drugzyia/card.properties
0079f6944fdd351fd3623587b26596a392777941,79,assets/minecraft/optifine/cit/kotelok/drugzyia/fbk.properties
529a1f676f7194eee81e9159fe2538d086d9d48f,75,assets/minecraft/optifine/cit/kotelok/drugzyia/pva.properties
951c2c82a1e69e5364cff36c36969ad8287f7858,129,assets/minecraft/optifine/cit/kotelok/drugzyia/ender-acid.properties
d1a30aacb803841a9a5399fb2529241234960042,421,assets/minecraft/optifine/cit/kotelok/drugzyia/pva.png
667d7f7e432762a83b3cb46a7b240d332e0553f7,291,assets/minecraft/optifine/cit/kotelok/drugzyia/fbk.png
4dd4f66c9ac6bc57d4c5d2cd9d88f8cc2df59f85,325,assets/minecraft/optifine/cit/kotelok/drugzyia/kke.png
074e5e9d18729776aec422bf68a6dbf640995ded,75,assets/minecraft/optifine/cit/kotelok/drugzyia/ion.properties
b20c86a06611fe8e38ff53a81ebe7ce4ef0c6462,79,assets/minecraft/optifine/cit/kotelok/drugzyia/kke.properties
21ae2b18b5e010af485b756b036e1ac8cb429168,348,assets/minecraft/optifine/cit/kotelok/drugzyia/card.png
416e48265bdac851b748691d63ed764635fc24c7,304,assets/minecraft/optifine/cit/kotelok/drugzyia/zet.png
be738b9a64c48127f83bf0d1bcbcb76c66554111,79,assets/minecraft/optifine/cit/kotelok/drugzyia/zet.properties
428af08eb1183cfd1fce3fcb388c27af4a1cc25b,470,assets/minecraft/optifine/cit/kotelok/drugzyia/gps.png
59336ef32e0163ba2c50448f1c18c4d9045d8a90,428,assets/minecraft/optifine/cit/kotelok/drugzyia/ender-acid.png
010059ac9f2e18b7a6199886e564b2f537a3c164,277,assets/minecraft/optifine/cit/kotelok/drugzyia/ion.png
575b18e5d3c0eb7629de6d32049ff494412b4926,79,assets/minecraft/optifine/cit/kotelok/drugzyia/gps.properties
9a111243d4ce3c3c02dba54d73777e8faa952e37,1047,assets/minecraft/optifine/cit/kotelok/napitki/pizdiula/pizdiula.png
67d995a8daa54af02e931a4ff7d3f7acad205602,4125,assets/minecraft/optifine/cit/kotelok/napitki/pizdiula/pizdiula.json
100a4998c1f69e17545ccd00ec8c6247b5e3a12d,115,assets/minecraft/optifine/cit/kotelok/napitki/pizdiula/pizdiula.properties
27040367b6ba1b5f84e5199ed312a43a0d5ee303,136,assets/minecraft/optifine/cit/kotelok/napitki/sniffervuha/sniffervuha.properties
c1143785d47d984880a5d6e76fd7688110eae48f,1485,assets/minecraft/optifine/cit/kotelok/napitki/sniffervuha/sniffervuha.png
203a38a6bfad542b32f2b1e2b9af6314af7e43b0,4171,assets/minecraft/optifine/cit/kotelok/napitki/sniffervuha/sniffervuha.json
141d3757dea06e27f3c92255f6bcde1514446270,718,assets/minecraft/optifine/cit/kotelok/napitki/glob-globchik/glob-globchik.png
0c743ff8692180e727d363195b56d6566570098a,2918,assets/minecraft/optifine/cit/kotelok/napitki/glob-globchik/glob-globchik.json
d983d5cd56f8b1b930c3fe672f7737dc76eb5af1,145,assets/minecraft/optifine/cit/kotelok/napitki/glob-globchik/glob-globchik.properties
3002834d86769fa65e8a0cb51a5e00371e762c46,1390,assets/minecraft/optifine/cit/kotelok/napitki/glob-globchik/molochko.png
7aebaeb526ad117986c65cf0706a2ee39d514235,107,assets/minecraft/optifine/cit/kotelok/napitki/shaker/two.properties
3630ef9b6923da26e5fe3f6a4209b84cd965cb9d,7044,assets/minecraft/optifine/cit/kotelok/napitki/shaker/one.json
65854453546d9fcb4346073bf9cbd365c74e9f92,107,assets/minecraft/optifine/cit/kotelok/napitki/shaker/one.properties
8e9fcabff6125ce95c5ae901ca6187dc4df8f63b,9547,assets/minecraft/optifine/cit/kotelok/napitki/shaker/two.json
93e434b6991eae7dd57f55d5a03211b05807847d,596,assets/minecraft/optifine/cit/kotelok/napitki/shaker/empty.png
511f0b01ce62d0803210bab2ebbfb120f65893fb,552,assets/minecraft/optifine/cit/kotelok/napitki/toxic_wiskey/zapivon.png
c765e4f73547aeb00aea3e0f73c4c7ce032a7a15,1089,assets/minecraft/optifine/cit/kotelok/napitki/toxic_wiskey/toxic_whiskey.png
ea1698d260e2550dcf68ba5b2e47be3267bac234,159,assets/minecraft/optifine/cit/kotelok/napitki/toxic_wiskey/toxic_whiskey.properties
a7e77571f5b23828e8a33b4caa39191891a1982f,4352,assets/minecraft/optifine/cit/kotelok/napitki/toxic_wiskey/toxic_whiskey.json
f847717b793f53ccc5b74cd99b87c6d1ca95b822,119,assets/minecraft/optifine/cit/kotelok/napitki/toxic_wiskey/zapivon.properties
9b7ef4ab2b460027df711413d89455df3208b03f,2427,assets/minecraft/optifine/cit/kotelok/napitki/toxic_wiskey/zapivon.json
caf55774e831e421f63ef18da7119e88e919a10b,444,assets/minecraft/optifine/cit/kotelok/napitki/trusi_v_trusi/coral_crumb.png
9989438b723aea8386eb5e00d309f4fa9ae75378,3418,assets/minecraft/optifine/cit/kotelok/napitki/trusi_v_trusi/trusi_v_trusi.png
fddb0bb86453e85e4a9acccb21544acafc9739b3,146,assets/minecraft/optifine/cit/kotelok/napitki/trusi_v_trusi/trusi_v_trusi.properties
c524b067c32afb7ab331fe5d19c2f77de85460ff,7050,assets/minecraft/optifine/cit/kotelok/napitki/trusi_v_trusi/trusi_v_trusi.json
c2165ec60b4a9510bddedaffd8a36007cb145c95,146,assets/minecraft/optifine/cit/kotelok/napitki/bloxon/bloxon.properties
9cab001038de5f40d1de91df35bfde4e88db1575,1011,assets/minecraft/optifine/cit/kotelok/napitki/bloxon/bloxon.png
872f4f5c9ec54314ba892be58f6dbc380fe2f0c9,3283,assets/minecraft/optifine/cit/kotelok/napitki/bloxon/bloxon.json
5c534fbad684ebccebad2b4cfce2870a816c5e6c,129,assets/minecraft/optifine/cit/kotelok/napitki/tozhe_samoye/enderbrew.properties
7cb31b0e75cdc1ce5e9f5c84ae8decfa48320b98,8287,assets/minecraft/optifine/cit/kotelok/napitki/tozhe_samoye/enderbrew.json
cc72173ad9b0d2ae2a8745b61cb5e0dc79af8a56,2529,assets/minecraft/optifine/cit/kotelok/napitki/tozhe_samoye/enderbrew.png
b6604188ee751555f1cfbc1ce52f514adeeaf494,143,assets/minecraft/optifine/cit/kotelok/napitki/struganshake/struganshake.properties
c93b409f4cbb0bc4cedf903bfb14daf446cf58a5,266,assets/minecraft/optifine/cit/kotelok/napitki/struganshake/vaffel.png
34158ed2b422b7addba63252dd8fd9ad1a6ce599,2131,assets/minecraft/optifine/cit/kotelok/napitki/struganshake/struganshake.png
f6863c09d37f4240a92a0672ae954f580be2ff74,11110,assets/minecraft/optifine/cit/kotelok/napitki/struganshake/struganshake.json
f8e6bda888a0daeb1c0beef78c5a899b7c382a82,15191,assets/minecraft/optifine/cit/kotelok/napitki/ice_grog/ice_grog.json
7651aa9f64cb4f7c7b378201eb767bf2c3525778,40,assets/minecraft/optifine/cit/kotelok/napitki/ice_grog/par.png.mcmeta
b7de42aa84c9b145e02c6eb3a04551c2c971605c,140,assets/minecraft/optifine/cit/kotelok/napitki/ice_grog/ice_grog.properties
cfd048fe4080692353ffe46f37d8da629482ae03,215,assets/minecraft/optifine/cit/kotelok/napitki/ice_grog/par.png
05b5d757b6d4648787e73425e98b18b15dd7a83e,1190,assets/minecraft/optifine/cit/kotelok/napitki/ice_grog/grog.png
888c612bc87195637085d1fc3a6d6226708c387d,148,assets/minecraft/optifine/cit/kotelok/napitki/sex_na_stroyke/sex.properties
88b0db940282b0bd2f3b54d0808e8f134ee3139a,1084,assets/minecraft/optifine/cit/kotelok/napitki/sex_na_stroyke/sex.png
4a82c840318f5ef59e2c6aa09e7ab506fa1337c9,4244,assets/minecraft/optifine/cit/kotelok/napitki/sex_na_stroyke/sex.json
82e4acc7913d93afd76e34a21db8b8ae764601f2,193,assets/minecraft/optifine/cit/kotelok/napitki/heartbeat/heartbeat.properties
3ba9f36214f2fb09c99f21ea1079c95156029166,17625,assets/minecraft/optifine/cit/kotelok/napitki/heartbeat/heartbeat.json
fc310caa7a1a6e09ebd618f9ca3df7568a379fba,905,assets/minecraft/optifine/cit/kotelok/napitki/heartbeat/heartbeat.png
300af391c7ec4ab89e776068a9a0ca23f600ed23,154,assets/minecraft/optifine/cit/kotelok/napitki/liquoronidas/liquoronidas.properties
e35b9c86e6b1fbce24f27e61dfff14cd4619b488,1033,assets/minecraft/optifine/cit/kotelok/napitki/liquoronidas/liquoronidas.png
1f0486b00f8fce4f6fa57a9b17e0809e1939d87a,3257,assets/minecraft/optifine/cit/kotelok/napitki/liquoronidas/liquoronidas.json
cf51edbf32e1fa92642bf99c4130b9fa74ef13d4,2060,assets/minecraft/optifine/cit/kotelok/napitki/ultra-berry_ale/ale.png
56388ca5b7b749cf3dedcf0a929e1aa82c3547d5,3882,assets/minecraft/optifine/cit/kotelok/napitki/ultra-berry_ale/ale.json
79fbecddb34225868766df2b1cf64a31e27df4a3,165,assets/minecraft/optifine/cit/kotelok/napitki/ultra-berry_ale/ale.properties
05018c89fa2000d75de6056e59c5666ac5219900,3557,assets/minecraft/optifine/cit/kotelok/napitki/po_vashemu/po_vashemu.json
350e0e0cc091ae9ce7b30192929e5f7536b97d67,185,assets/minecraft/optifine/cit/kotelok/napitki/po_vashemu/po_vashemu.properties
b64db582438e54f4dadff3f675cca8c114dbccdc,2186,assets/minecraft/optifine/cit/kotelok/napitki/po_vashemu/molochko.json
74772bc08366456caec1d7059639adcb29172292,1450,assets/minecraft/optifine/cit/kotelok/napitki/po_vashemu/po_vashemu.png
43aa532bae60e7cbb5a6a58d861f49ec30cf096d,1921,assets/minecraft/optifine/cit/kotelok/napitki/drowned_fingers/fingers.json
8490d78068e2347bd07555742b2da69cecafaa24,1438,assets/minecraft/optifine/cit/kotelok/napitki/drowned_fingers/fingers.png
fa91be2edb110de1ec9221290958854e0fcfcf36,216,assets/minecraft/optifine/cit/kotelok/napitki/drowned_fingers/fingers.properties
0b7e91e515c42942a9a224fb2f9d51d57eeaee83,800,assets/minecraft/optifine/cit/kotelok/napitki/drowned_fingers/in_glass.png
0786775e8e52efbfca01583c7a79803636893c50,3287,assets/minecraft/optifine/cit/kotelok/napitki/drowned_fingers/in_glass.json
b05a9b9c813e320846fa215d0ff72b3e2e4d910c,211,assets/minecraft/optifine/cit/kotelok/napitki/drowned_fingers/in_glass.properties
ccf1ffe8566aa33bfad97c16b6f80429643b4491,174,assets/minecraft/optifine/cit/kotelok/napitki/squid_spritz/squid_spritz.properties
8060921ead711d65cc874f26d41263eae930c411,4351,assets/minecraft/optifine/cit/kotelok/napitki/squid_spritz/squid_spritz.json
ad84ddbbe8cc0e703908d6e12b210bc81281e346,971,assets/minecraft/optifine/cit/kotelok/napitki/squid_spritz/squid_spritz.png
8ee4e858cd95fe679f40237301cc0217476ae87d,184,assets/minecraft/optifine/cit/kotelok/napitki/bottles/bloxon_bottle/bloxon.properties
1940116a99a4e0d51396f00531af6a886df4df99,694,assets/minecraft/optifine/cit/kotelok/napitki/bottles/bloxon_bottle/bloxon.png
f7c39b7865b568019a48400a1c4b79542a06e4cf,1744,assets/minecraft/optifine/cit/kotelok/napitki/bottles/bloxon_bottle/bloxon.json
fb7f2ac76d913d7aaa09d823438fc7bb0d2a9347,740,assets/minecraft/optifine/cit/kotelok/napitki/bottles/pitcher_syrup/syrup.png
eee4535642f0b22c91617f728994720161d770bc,166,assets/minecraft/optifine/cit/kotelok/napitki/bottles/pitcher_syrup/syrup.properties
408cd570a1435ca31b8451a846d2b7d400496e9b,2961,assets/minecraft/optifine/cit/kotelok/napitki/bottles/pitcher_syrup/syrup.json
e3e318e7fd44bac35c1119b8c0717238b595ab39,772,assets/minecraft/optifine/cit/kotelok/napitki/bottles/ender_syrup/syrup.png
5acb87914a31de14532c4d4f4168392300b5d4e4,142,assets/minecraft/optifine/cit/kotelok/napitki/bottles/ender_syrup/syrup.properties
dbca57a3fa2f38e826d89274ac4cecf39d88fbcf,2938,assets/minecraft/optifine/cit/kotelok/napitki/bottles/ender_syrup/syrup.json
fb3c9591685ff9d705c4a600bf53013e74f04c1d,767,assets/minecraft/optifine/cit/kotelok/napitki/bottles/squid_syrup/syrup.png
c2d6b2ee8a122f70328eafcc181cb0a33df496f3,154,assets/minecraft/optifine/cit/kotelok/napitki/bottles/squid_syrup/syrup.properties
e12805fb7cd9b906cf5b10b563d722005f140cb4,2961,assets/minecraft/optifine/cit/kotelok/napitki/bottles/squid_syrup/syrup.json
8342e31006269ede208461262ba1d4509948e4d5,579,assets/minecraft/optifine/cit/kotelok/napitki/bottles/scampan/schampan.png
555f46be0e63bacd40f05fbf0d1ae26bc0c1a92f,1686,assets/minecraft/optifine/cit/kotelok/napitki/bottles/scampan/schampan.json
ddcd410ce6183fc720cce54cc1e101b1316b2e5f,193,assets/minecraft/optifine/cit/kotelok/napitki/bottles/scampan/schampan.properties
458342ac6d6140036ff65e0585ac4d761d12de14,774,assets/minecraft/optifine/cit/kotelok/napitki/bottles/essential_syrup/syrup.png
a427105dd863d3a058aef0db1fb08bfaa621483d,184,assets/minecraft/optifine/cit/kotelok/napitki/bottles/essential_syrup/syrup.properties
e12805fb7cd9b906cf5b10b563d722005f140cb4,2961,assets/minecraft/optifine/cit/kotelok/napitki/bottles/essential_syrup/syrup.json
f299f36a3589f4aae61b7ff9fbd0791ee065908d,635,assets/minecraft/optifine/cit/kotelok/napitki/bottles/red_syrup/syrup.png
926fb14f73b09575e9e5db2f232d197da013f8a4,148,assets/minecraft/optifine/cit/kotelok/napitki/bottles/red_syrup/syrup.properties
4bf855f86a58026bb960fbe2bc8c85413a391ba6,1742,assets/minecraft/optifine/cit/kotelok/napitki/bottles/red_syrup/syrup.json
18828035c3fd6265c97978cd15f9c6df953c850d,3510,assets/minecraft/optifine/cit/kotelok/napitki/bottles/conjack/conjack.json
4a6d86e94aea4ed3bfd0927dc019974aee532073,1348,assets/minecraft/optifine/cit/kotelok/napitki/bottles/conjack/conjack.png
96cf80bb3db966e3e79d8dfd66750d97164d51ae,168,assets/minecraft/optifine/cit/kotelok/napitki/bottles/conjack/conjack.properties
18d241cd6cdb73fad8adc0801cad7bcf5712272a,559,assets/minecraft/optifine/cit/kotelok/napitki/bottles/vine/vine.png
980accf484949c7a036680a8517a59d25de9eb8f,147,assets/minecraft/optifine/cit/kotelok/napitki/bottles/vine/vine.properties
e3602f9d2b4fbd582c622cec905d084a20eac756,1678,assets/minecraft/optifine/cit/kotelok/napitki/bottles/vine/vine.json
72da001e6baecf89f2a60cf8d9f58ba00e7c9476,172,assets/minecraft/optifine/cit/kotelok/napitki/bottles/impuls_vine/impuls_vine.properties
f50493b17eecf8593533582a538e3d70b690ed63,1692,assets/minecraft/optifine/cit/kotelok/napitki/bottles/impuls_vine/impuls_vine.json
4a6e70bb103cf4d14884599f04a2dc6642e8b607,536,assets/minecraft/optifine/cit/kotelok/napitki/bottles/impuls_vine/impuls_vine.png
bc75eeed1ea3ad939bd54e007f51a42100a2d764,660,assets/minecraft/optifine/cit/kotelok/napitki/bottles/orange_syrup/syrup.png
81c94517e29d66b6b61a7066a4199bed7732c397,184,assets/minecraft/optifine/cit/kotelok/napitki/bottles/orange_syrup/syrup.properties
74bc4d2f775d7d2f323d24d4f7ae8023581de3a3,1680,assets/minecraft/optifine/cit/kotelok/napitki/bottles/orange_syrup/syrup.json
30652757e6db252e4163c9f1fe9af69ab9a533f3,772,assets/minecraft/optifine/cit/kotelok/napitki/bottles/dragon_syrup/syrup.png
4cb457a6aec585a09bd0d26cce7169270b002d37,160,assets/minecraft/optifine/cit/kotelok/napitki/bottles/dragon_syrup/syrup.properties
dbca57a3fa2f38e826d89274ac4cecf39d88fbcf,2938,assets/minecraft/optifine/cit/kotelok/napitki/bottles/dragon_syrup/syrup.json
93a7389ae1ae97a861c27e205e38984d67fb0333,1666,assets/minecraft/optifine/cit/kotelok/napitki/bottles/light_schampan/light_schampan.json
4cb457a6aec585a09bd0d26cce7169270b002d37,160,assets/minecraft/optifine/cit/kotelok/napitki/bottles/light_schampan/syrup.properties
98610fe11cbd738f2c37b6eacf500c7f10aa1e58,606,assets/minecraft/optifine/cit/kotelok/napitki/bottles/light_schampan/light_schampan.png
71fe64a3fbeffdfc7758fa5a2a38383477e04f43,148,assets/minecraft/optifine/cit/kotelok/napitki/magma_grog/magma_grog.properties
0528983a8eebaae7739ea4dc29e112a3b820e849,1021,assets/minecraft/optifine/cit/kotelok/napitki/magma_grog/magma_grog.png
cbd5ddcd58a46f37bb20247b65732b59b2b945c9,4106,assets/minecraft/optifine/cit/kotelok/napitki/magma_grog/magma_grog.json
770c035c0493aab6aac35786f71606b1b24c8fdd,1915,assets/minecraft/optifine/cit/kotelok/napitki/han-solod/solod.png
6484b79404ab5eb74f78107bbca7632322d3ec62,119,assets/minecraft/optifine/cit/kotelok/napitki/han-solod/solod.properties
97136de16e844ccaf6163cdd2db509e38cdbf683,3103,assets/minecraft/optifine/cit/kotelok/napitki/han-solod/solod.json
d30c53847aa22cff48445acfe40e7baa5026b526,123,assets/minecraft/optifine/cit/kotelok/napitki/don_xepon/don.properties
2f0978e9cca0d691a29ac4c387966db1c2a81a36,5297,assets/minecraft/optifine/cit/kotelok/napitki/don_xepon/don.json
a90f4c637baaeb5f434f3fa69f2ea272977f1b7a,2210,assets/minecraft/optifine/cit/kotelok/napitki/don_xepon/don.png
647fc8e94d2bb6646228ed9b11dfa81b64ecd32c,1000,assets/minecraft/optifine/cit/kotelok/napitki/ona_menya_brosila/ona_menya_brosila.png
bb7b78ce4cbba14b191be2fa5d245627d12a9c87,5235,assets/minecraft/optifine/cit/kotelok/napitki/ona_menya_brosila/ona_menya_brosila.json
5a19a89b54af3ec53e4ae2b744a36b00dce6e620,179,assets/minecraft/optifine/cit/kotelok/napitki/ona_menya_brosila/ona_menya_brosila.properties
5d55f608e35cf3bb1a6bb243cd23e4d4a07cd99d,3884,assets/minecraft/optifine/cit/kotelok/napitki/sytylii_ale/sut_ale.json
7fe3e7bb3e2b3da150fbfc263bdb04c10f1e3c90,133,assets/minecraft/optifine/cit/kotelok/napitki/sytylii_ale/sut_ale.properties
c20022e501d931d7a95508da16cb2a6a7005e198,1984,assets/minecraft/optifine/cit/kotelok/napitki/sytylii_ale/sut_ale.png
566765d4e74f31615d76b13f930cd438f06c7e71,1372,assets/minecraft/optifine/cit/kotelok/napitki/kak_obychno/kak_obychno.png
086eb1ab22a190875e12fd2b22e7ccd924526bb5,4494,assets/minecraft/optifine/cit/kotelok/napitki/kak_obychno/kak_obychno.json
4a19dc264ddaa3759b9621be9866fcf9f80e044b,142,assets/minecraft/optifine/cit/kotelok/napitki/kak_obychno/kak_obychno.properties
6285589a3c1ac3ea2e2501232c1e558da90bd29e,126,assets/minecraft/optifine/cit/kotelok/napitki/kak_obychno/stick.png
1909bb6742a4257fa18b29c57ae9c384135c94f1,4268,assets/minecraft/optifine/cit/kotelok/napitki/meshanina/meshanina.json
b26bbd837d14ffc720db013f5c7da1d5728fb773,4243,assets/minecraft/optifine/cit/kotelok/napitki/meshanina/meshanina_bottle.json
7651aa9f64cb4f7c7b378201eb767bf2c3525778,40,assets/minecraft/optifine/cit/kotelok/napitki/meshanina/meshanina.png.mcmeta
0a5468e229c4cb455147556da24c154b9b7ea634,122,assets/minecraft/optifine/cit/kotelok/napitki/meshanina/meshanina.properties
6ea2d88fb9d57cebf4ebc3c13f1a79dbb4a9af91,2323,assets/minecraft/optifine/cit/kotelok/napitki/meshanina/meshanina.png
c52a574bc1054ea0de47885ec3b68cc4837fb7fd,1948,assets/minecraft/optifine/cit/kotelok/napitki/clown_madness/cocktail.png
29fa9edbc635cca244bde3ae389c0e81ca9868f7,4775,assets/minecraft/optifine/cit/kotelok/napitki/clown_madness/cocktail.json
72b80fcf32f5ba9ab3b6d8acfd6f7e379969bc16,170,assets/minecraft/optifine/cit/kotelok/napitki/clown_madness/cocktail.properties
292894ec060a703bfdc25ba2329fe7732d663594,168,assets/minecraft/optifine/cit/kotelok/napitki/essential_daiquiri/essential_daiquiri.properties
061bf77dba64c21c0e2d6266345fcfda212c7415,7893,assets/minecraft/optifine/cit/kotelok/napitki/essential_daiquiri/essential_daiquiri.json
690bf84d8c705d9bca5dc9821890ad16b451e80e,2451,assets/minecraft/optifine/cit/kotelok/napitki/essential_daiquiri/essential_daiquiri.png
2fcd5df716dc0f2568f1398d6985727669df6f34,255,assets/minecraft/optifine/cit/kotelok/napitki/essential_daiquiri/cookie_crumb.png
a84742f08c8a3a743be49e9c9b8692ee88fdecc8,7801,assets/minecraft/optifine/cit/kotelok/napitki/down_world/dwnwrld.json
ed77db5fd3ccbf2048e2541828630768bdff3d3c,3743,assets/minecraft/optifine/cit/kotelok/napitki/down_world/dwnwrld.png
eb2a15f96e9032228c6b6615dc6ddb1da13c0f92,127,assets/minecraft/optifine/cit/kotelok/napitki/down_world/dwnwrld.properties
01df3709ec5db4e9930a854726fee6f470972f8b,1304,assets/minecraft/optifine/cit/kotelok/napitki/dragonfall/dragonfall.png
475a2c49a05803322c4b6a65501e2ee611cc5464,3381,assets/minecraft/optifine/cit/kotelok/napitki/dragonfall/dragonfall.json
1d4cd6bf66213f88230ed8a287521f97cc8bee88,135,assets/minecraft/optifine/cit/kotelok/napitki/dragonfall/dragonfall.properties
48555d5e1cf0070257065752df454f916545a017,39,assets/minecraft/optifine/cit/kotelok/napitki/dragon_liquor/puf.png.mcmeta
6ba95839229eedc6d99782b7d1a3d500b6f16596,157,assets/minecraft/optifine/cit/kotelok/napitki/dragon_liquor/dragon_liquor.properties
48555d5e1cf0070257065752df454f916545a017,39,assets/minecraft/optifine/cit/kotelok/napitki/dragon_liquor/puff.png.mcmeta
b3fb075014f6a5fe2d26895c4a47bd1552d1da84,5239,assets/minecraft/optifine/cit/kotelok/napitki/dragon_liquor/dragon_liquor.json
fea49d6ad8aa4aaa1f5c74ee73a6ab30f2b77e04,404,assets/minecraft/optifine/cit/kotelok/napitki/dragon_liquor/puf.png
e427c692e618e2b44cbcf6ec2f9d658a58d0bcdc,984,assets/minecraft/optifine/cit/kotelok/napitki/dragon_liquor/dragon_liquor.png
cd550d4ef8fd53aead8b79451f35ba9dd34f199a,407,assets/minecraft/optifine/cit/kotelok/napitki/dragon_liquor/puff.png
fc291280eca887948fe313102d35701c9b193826,3577,assets/minecraft/optifine/cit/kotelok/napitki/malina/malina.json
43416a0137ef5b87fe63539a64a4c387e52ee021,156,assets/minecraft/optifine/cit/kotelok/napitki/malina/malina.properties
6b029a45d8c4f6b102a34851757c68bfb7542aca,1256,assets/minecraft/optifine/cit/kotelok/napitki/malina/malina.png
19e8e0793668a1fe1ff4354dc0041e448f3a5036,213,assets/minecraft/optifine/cit/kotelok/medalka/medalka.properties
e25ed925d61517044dd079ec8fd52f5d431f37b5,1439,assets/minecraft/optifine/cit/kotelok/medalka/medalka.json
bd39f61973b2801a6b160aac7a236ce132a238b3,533,assets/minecraft/optifine/cit/kotelok/medalka/medalka.png
e130b7b81bf69ac27848c99404eaa905c1d53590,3049,assets/minecraft/optifine/cit/kotelok/food/sniffer_fried_egg/sniffer_fried_egg.json
23a78004db9dbd3a9b63c638cc004ffff0569d98,2104,assets/minecraft/optifine/cit/kotelok/food/sniffer_fried_egg/sniffer_fried_egg.png
4df7205e1cded6761b59bd3488566ede2185f9a4,191,assets/minecraft/optifine/cit/kotelok/food/sniffer_fried_egg/sniffer_fried_egg.properties
664a0e41ea526a44007897320a8e87961ce78e25,1922,assets/minecraft/optifine/cit/kotelok/food/fry_potato/ostalnoe.png
23572eb6e0690f3bb4c0d63cc582639d447ada0a,131,assets/minecraft/optifine/cit/kotelok/food/fry_potato/frie_potato.properties
d33bfc59ed77ea316ce080455e88558703e1d93d,5630,assets/minecraft/optifine/cit/kotelok/food/fry_potato/fry.json
9308a0c24688a044ccfa9f93b11a78707de0a754,72,assets/minecraft/optifine/cit/kotelok/food/fry_potato/fry.properties
c5c61a107a8c67da603698c615a975c9ea1ae7ab,1555,assets/minecraft/optifine/cit/kotelok/food/fry_potato/frie_potato.png
7d47a66ed3239a1ebdd183bb5c6d508032a53d7b,15918,assets/minecraft/optifine/cit/kotelok/food/fry_potato/frie_potato.json
bf017e414dbf6986e9c2b34f76b7b9ab865c7e11,611,assets/minecraft/optifine/cit/kotelok/food/fry_potato/fry.png
81fa9f945c9426e7adbe19d0eca1565c5b09ffd4,113,assets/minecraft/optifine/cit/kotelok/food/stuffed_pufferfish/puffer.properties
739ef20204c393d0a1b6463d55bb980416a2d5f1,5179,assets/minecraft/optifine/cit/kotelok/food/stuffed_pufferfish/puffer.json
dcc1a5d18aa0bfde060858393f0bdc84509efd54,1169,assets/minecraft/optifine/cit/kotelok/food/stuffed_pufferfish/pufferfish.png
43d6186073ab0f0b906d7008f0105c7c9687de5a,3659,assets/minecraft/optifine/cit/kotelok/food/stolichny/stolichny.json
e2df0799954a676ec633b82f752f65e982fbb62b,214,assets/minecraft/optifine/cit/kotelok/food/stolichny/stolichny.properties
1a4c65c84980a037268537661499ffcb159a10e5,1912,assets/minecraft/optifine/cit/kotelok/food/stolichny/stolichny.png
f7c07e1c71304cc6258cbb5409b569a754217cd9,7411,assets/minecraft/optifine/cit/kotelok/food/crab/crab.json
0cbb7428ead39a7cfbbe05d0ff6a698cc3358085,87,assets/minecraft/optifine/cit/kotelok/food/crab/crab.properties
3acc89406605861461120dc44d6a8525a48ce71f,1172,assets/minecraft/optifine/cit/kotelok/food/crab/crab.png
f576b08c35e0d8da3f5761c800393305ad0feff1,15250,assets/minecraft/optifine/cit/kotelok/food/crab/cooked_crab.json
62f7b621fb127ee9b2f313318b4cd0db40cfaeb4,910,assets/minecraft/optifine/cit/kotelok/food/crab/tarelka.png
ce7d2e483f01b3a3c1b56ae378c24e658270f29e,1664,assets/minecraft/optifine/cit/kotelok/food/crab/cooked_crab.png
c154e92ce2bd1650681473231a7fb83668c1449e,179,assets/minecraft/optifine/cit/kotelok/food/crab/cooked_crab.properties
c6be3f357234764e2fcf1bb9732c39e5d1aa13a4,6909,assets/minecraft/optifine/cit/kotelok/food/crab/legs/legs_0.json
abcd7260a067162ceb03a0f944ae972f47a414b4,6885,assets/minecraft/optifine/cit/kotelok/food/crab/legs/legs_1.json
9c5a115a0103fc5644e3820a44bf2481878cd1e7,6885,assets/minecraft/optifine/cit/kotelok/food/crab/legs/legs_3.json
47de25fbe18cb5be9d47fad2033a71d41288ba86,629,assets/minecraft/optifine/cit/kotelok/food/crab/legs/legs_2.png
a61a7b86aaf41c708fdd8da2fb51e6320de97210,639,assets/minecraft/optifine/cit/kotelok/food/crab/legs/legs_4.png
23f23cf18eb83b246e184ec7eb3e0ca108c4c359,633,assets/minecraft/optifine/cit/kotelok/food/crab/legs/legs_3.png
a4225606020e845237dfbcc10793927f3b123933,6909,assets/minecraft/optifine/cit/kotelok/food/crab/legs/legs_4.json
b529ae63b205ff431feee877b719339a44e256e3,585,assets/minecraft/optifine/cit/kotelok/food/crab/legs/legs_0.png
5e8391942cce7e112ab8898abcff7bf6f203e33a,613,assets/minecraft/optifine/cit/kotelok/food/crab/legs/legs_1.png
d2ff13f4e679606401be38869098b8048d2fc646,294,assets/minecraft/optifine/cit/kotelok/food/crab/legs/crab_legs.properties
7bd98c7aa58cba43a06fab5ea569188ef15b1577,6909,assets/minecraft/optifine/cit/kotelok/food/crab/legs/legs_2.json
5101fe09003bc3d9e8350206401a88885e4e5ce1,300,assets/minecraft/optifine/cit/kotelok/food/crab/body/crab_body.properties
da25b7c2d770cb6474d386a433257cec9a7ad507,2055,assets/minecraft/optifine/cit/kotelok/food/crab/body/body_0.json
198d37338ff0711f9d3b1678d62948cec43d631c,2031,assets/minecraft/optifine/cit/kotelok/food/crab/body/body_3.json
1475baf9caa4d3d363d0e989d062db55ab8c52ff,2031,assets/minecraft/optifine/cit/kotelok/food/crab/body/body_4.json
3af8799516cc556881463d550e21895b15530f71,800,assets/minecraft/optifine/cit/kotelok/food/crab/body/body_3.png
56f41b79e735e5ebbcf3c0372a94e332fde0f380,2055,assets/minecraft/optifine/cit/kotelok/food/crab/body/body_2.json
f768ae5ac1c10e47c79c7c0ba608f5c4eec2959a,814,assets/minecraft/optifine/cit/kotelok/food/crab/body/body_1.png
53079b25721fa6ec3302a6754348902bbae33d5e,2031,assets/minecraft/optifine/cit/kotelok/food/crab/body/body_1.json
72e864f0651d18b85e5066fd78853e74e87d61d5,814,assets/minecraft/optifine/cit/kotelok/food/crab/body/body_0.png
dfe4d2cfb647fce23641b78c7e5231384a715d96,801,assets/minecraft/optifine/cit/kotelok/food/crab/body/body_4.png
03cf5eb3730dc0cc7332d572effa0adec06b01d0,800,assets/minecraft/optifine/cit/kotelok/food/crab/body/body_2.png
d9829f50de7264fea7395f01e8c0164bf4f76870,3237,assets/minecraft/optifine/cit/kotelok/food/pancakes/pancakes.png
d4e2f5dbdb4832671d6e9bb5ea130ec2bcc4e6ef,3063,assets/minecraft/optifine/cit/kotelok/food/pancakes/pancakes.json
54624dc8b9d7faef3ce39ff17d8ee9b765b80f54,115,assets/minecraft/optifine/cit/kotelok/food/pancakes/pancakes.properties
55055296e98841eec681c623494f2c3490818ff9,2750,assets/minecraft/optifine/cit/kotelok/food/pizza_mazerati/pizza_mazerati.png
df82ff8c98fe22dd2d914eb75b7c25ae967790c1,5121,assets/minecraft/optifine/cit/kotelok/food/pizza_mazerati/pizza_mazerati.json
5d1bf0497af8d4c90bfcc3318995ec545980fac8,152,assets/minecraft/optifine/cit/kotelok/food/pizza_mazerati/pizza_mazerati.properties
6eaf6d4f28543f5042cab0d0148d616a6a988e9a,1153,assets/minecraft/optifine/cit/kotelok/food/bamboo/bamboo.png
6031d51e0fa822a3f692b28a9a3aff3d451c5d8e,4597,assets/minecraft/optifine/cit/kotelok/food/bamboo/bamboo.json
49e56e426982584e61f9eae314c7bc57d7c63c4f,73,assets/minecraft/optifine/cit/kotelok/food/bamboo/bamboo.properties
bf66c8521aae88de05d42bdb7ce766cc22a5ea94,123,assets/minecraft/optifine/cit/kotelok/food/baked_nautillus/baked_nautillus.properties
556fe2f7849b7527b3e94308a8bb7abd2597a048,336,assets/minecraft/optifine/cit/kotelok/food/baked_nautillus/baked_nautillus.png
62fc14cda3fc502da06861661c3b5e980b0f7a5b,127,assets/minecraft/optifine/cit/kotelok/food/four_sex_pizza/pizza.properties
5e022723892b5361b4163c3949faa00888f0fc26,1917,assets/minecraft/optifine/cit/kotelok/food/four_sex_pizza/pizza.png
0a4dee77535604fccadcd319a87b3afe7d168670,1602,assets/minecraft/optifine/cit/kotelok/food/four_sex_pizza/pizza.json
e4ab90a537d2a2332b7a365fb241479b0467194a,3616,assets/minecraft/optifine/cit/kotelok/food/fried_salmon/fried_salmon.png
c41e0ad73bb9fa6501806798709e4255c3ebb633,157,assets/minecraft/optifine/cit/kotelok/food/fried_salmon/fried_salmon.properties
1c118def7a7ec236445e95a4b093d6de96a4d8e2,6874,assets/minecraft/optifine/cit/kotelok/food/fried_salmon/fried_salmon.json
2e968b8dc2cebd2465538bb43ad9907cdea84931,5842,assets/minecraft/optifine/cit/kotelok/food/baked_camel/camel.json
85bdbdede449a4e7de0d1b41bfc93f329859fa86,6654,assets/minecraft/optifine/cit/kotelok/food/baked_camel/camel.png
5d36ccd32b1eb539634bb740d749eb23eb1a65a0,154,assets/minecraft/optifine/cit/kotelok/food/baked_camel/dish.properties
38eeeb38f6c52c64bfb5f894613932843cf5bea8,5767,assets/minecraft/optifine/cit/kotelok/food/baked_camel/camel_raw.json
ea4a3820f0c01a2bb158dba6b6350136e04848cb,141,assets/minecraft/optifine/cit/kotelok/food/baked_camel/camel_raw.properties
45bcff7f5354cf4672917d89246ba33a687d9d67,2990,assets/minecraft/optifine/cit/kotelok/food/baked_camel/camel_raw.png
0fb8bd981ea0197fefed5d23987154d2f6f994b0,18161,assets/minecraft/optifine/cit/kotelok/food/baked_camel/dish.json
6aee0ecd5355fe4cc989a3627dfc3dd8fdb19e95,150,assets/minecraft/optifine/cit/kotelok/food/baked_camel/camel.properties
fd457a0e968f1a5d942752f5251ffbed96a2a1ed,150,assets/minecraft/optifine/cit/kotelok/food/gilded_cooked_beef/gilded_cooked_beef.properties
ca2216ac8c1102acfe5d88177630f432f3b8e1d2,4507,assets/minecraft/optifine/cit/kotelok/food/gilded_cooked_beef/gilded_cooked_beef.png
7e507ab5eb0d0e47ae9257c0b6b68209b100a3d7,4732,assets/minecraft/optifine/cit/kotelok/food/gilded_cooked_beef/gilded_cooked_beef.json
967b30ae9139407211e837bb0b1514a62e0631f3,2764,assets/minecraft/optifine/cit/kotelok/food/armadillo/armadillo.png
6ebffee74750809a4793c048cfb9a1ac667fe3c1,4763,assets/minecraft/optifine/cit/kotelok/food/armadillo/armadillo.json
9d0c5b83fd58a46251fd7dd5cfdf4a76d83a6a1e,122,assets/minecraft/optifine/cit/kotelok/food/armadillo/armadillo.properties
343b1a043a8b06f19aef9bf8dabe0627211a9acf,4136,assets/minecraft/optifine/cit/kotelok/food/extreme/extreme.png
3b44bb513cf34f81f31f732b5f665aa52aca04bc,2582,assets/minecraft/optifine/cit/kotelok/food/extreme/extreme.json
e33a91ed4bcb8365b670ed53df09c8eb06923d44,120,assets/minecraft/optifine/cit/kotelok/food/extreme/extreme.properties
0aa9aaed952c9b470e5d520bb4f29f7e377c3c79,4687,assets/minecraft/optifine/cit/kotelok/food/lavagillo/lavagillo.json
3ef8f8a9deb9c1c810c78c4b2a8c2c796f078b4c,122,assets/minecraft/optifine/cit/kotelok/food/lavagillo/lavagillo.properties
808ad5420d37b922cffcc63cad9a91cf74dcac0d,1145,assets/minecraft/optifine/cit/kotelok/food/lavagillo/lavagillo.png
d2ebd3f71f972b25bb91eb09c8ff708808f571c1,133,assets/minecraft/optifine/cit/kotelok/food/sturgeon/iced_sturgeon.properties
189a90c4c2cc2f66d8766b70cbac6f73eec67c22,4089,assets/minecraft/optifine/cit/kotelok/food/sturgeon/sturgeon.png
44aeec7a24164284f4e64c02db68ef37ef9a26e3,115,assets/minecraft/optifine/cit/kotelok/food/sturgeon/sturgeon.properties
5eb8267c83bbbaaad3b6246cb2951660dc450018,2255,assets/minecraft/optifine/cit/kotelok/food/sturgeon/iced_sturgeon.png
e669f0ef2584ed1b19c547272aa278d495650bee,8300,assets/minecraft/optifine/cit/kotelok/food/sturgeon/iced_sturgeon.json
e791b00925bf8632d4df096db764cbca8ee3ffca,27044,assets/minecraft/optifine/cit/kotelok/food/sturgeon/sturgeon.json
8aa622601c8edba0d6f996841d29d18e9acc97e8,268,assets/minecraft/optifine/cit/kotelok/food/camel_sausages/ssgs.png
54f980d044364a4189ce1895ea1c2d97ca4986ad,2398,assets/minecraft/optifine/cit/kotelok/food/camel_sausages/ssgs.json
2d663985fb2d2ccc1465431b1b2d4d953dc7de7c,160,assets/minecraft/optifine/cit/kotelok/food/camel_sausages/ssgs.properties
ebe1248c6c5c125199171241197c65496f523b43,131,assets/minecraft/optifine/cit/kotelok/food/empty_pizza/pizza.properties
4a0d86f33399eea4760c0125422280358e77fecf,1405,assets/minecraft/optifine/cit/kotelok/food/empty_pizza/pizza.png
c6e83ac019499d8d52e8042025d84c7844f3bf0c,1226,assets/minecraft/optifine/cit/kotelok/food/empty_pizza/pizza.json
06bb742c1946bee360197f17945275cd86beb51f,770,assets/minecraft/optifine/cit/kotelok/food/bezeeeee/beze.png
8126094b7bebc04b645d790d5c3a5ed9474a6ae8,87,assets/minecraft/optifine/cit/kotelok/food/bezeeeee/beze.properties
e8a6324b098424f97e526b42486d4b1b6200e566,10683,assets/minecraft/optifine/cit/kotelok/food/bezeeeee/beze.json
a44d685e1d673351760a12fe8e04d919d16f1a4c,398,assets/minecraft/optifine/cit/kotelok/food/testo/testo.png
6084a4cc1d742a1b38188e100cef780ec6017f60,96,assets/minecraft/optifine/cit/kotelok/food/testo/testo.properties
aa262af9be3a6d09b5c3fc10753701d626d40636,2081,assets/minecraft/optifine/cit/kotelok/food/sea_cocktail/shrimp_and_squid_1.png
4f98763890ec6e4a9bd0b2942f7616130ed075c0,13941,assets/minecraft/optifine/cit/kotelok/food/sea_cocktail/sea_cocktail.json
030ec9f662d024b817055273aa98586019e66cbd,779,assets/minecraft/optifine/cit/kotelok/food/sea_cocktail/clam_2.png
4b18e87c6af4e883c25eb24357e61053c1564598,1608,assets/minecraft/optifine/cit/kotelok/food/sea_cocktail/shrimp_and_squid_2.png
8b12f7ff2eeca29ffdbc23fbf7d5394e7a4125a2,2116,assets/minecraft/optifine/cit/kotelok/food/sea_cocktail/shrimp_and_squid_0.png
1e62c26fcaf6f489396a5e5763ba18b5c6d525b6,162,assets/minecraft/optifine/cit/kotelok/food/sea_cocktail/sea_cocktail.properties
12959fe46f5fc65475bf5a5bfc48e1616612b7f7,471,assets/minecraft/optifine/cit/kotelok/food/sea_cocktail/tarelka.png
37515bc2f6d8e55caab7062d1d4ef62b28bddfa5,13547,assets/minecraft/optifine/cit/kotelok/food/sea_cocktail/cocktail_1.json
5809fff7b9c7c991092cf307d83e9076c3edb0f6,288,assets/minecraft/optifine/cit/kotelok/food/sea_cocktail/cocktail.properties
85ab59693ff99e65833c316f09a9d7b80064ed7a,13571,assets/minecraft/optifine/cit/kotelok/food/sea_cocktail/cocktail_0.json
0b7c8a6f34ca80fc76b15c06b518330cf17812fb,683,assets/minecraft/optifine/cit/kotelok/food/sea_cocktail/clam_0.png
a5821395f0c117f192465030efe0d8b882aa2b41,13571,assets/minecraft/optifine/cit/kotelok/food/sea_cocktail/cocktail_2.json
c31ee59cb4be9901d5b9fb884810aa66df083a66,771,assets/minecraft/optifine/cit/kotelok/food/sea_cocktail/clam_1.png
c82684f7dd55f5a54f3b2c889d56ce21af45de15,7086,assets/minecraft/optifine/cit/kotelok/food/wolf_eat/wolf_eat.json
3eec271f844e2a8156b31f808206d025e9bbbf65,1033,assets/minecraft/optifine/cit/kotelok/food/wolf_eat/wolf_eat.png
c8d188ec40792a6ba4dc2c1e93c543b19ba9e7b6,1031,assets/minecraft/optifine/cit/kotelok/food/grilled_corqi/corqi.png
c11363ddc834a298bf2203c01c7abf66d0cd6c0f,4753,assets/minecraft/optifine/cit/kotelok/food/grilled_corqi/corqi.json
2a3db41842b1de9223bb010013eb35c6f1563bda,112,assets/minecraft/optifine/cit/kotelok/food/grilled_corqi/corqi.properties
862335a3ab24b4efb83f3019d430f2a9e8e42847,155,assets/minecraft/optifine/cit/kotelok/food/camel_pizza/pizza.properties
e71c054e3115582dcde01ed4fa79ffe45aeac7c4,1573,assets/minecraft/optifine/cit/kotelok/food/camel_pizza/pizza.png
0a4dee77535604fccadcd319a87b3afe7d168670,1602,assets/minecraft/optifine/cit/kotelok/food/camel_pizza/pizza.json
