e2982f5a866c6d92a81e183a9ee378ebabdd6dd2,8630,c.json
7059d43a87c162f9d709281097023a35d668bf68,5644,assets/minecraft/optifine/cit/anime_cafe/pila/demon.json
1aaf8be2f040821a0ec5aae55c75154419b131d5,749,assets/minecraft/optifine/cit/anime_cafe/pila/demo.png
cd8758b669f60eb4ac57c36249bfb2b801bc6e36,200,assets/minecraft/optifine/cit/anime_cafe/pila/demon.properties
19c30d4b9c2ac7312709d24582d7347fdd4a6fd4,10660,assets/minecraft/optifine/cit/anime_cafe/biba/fifa.json
3e18b5e6114c320d3b35983cbbb452235a7dfc5d,1098,assets/minecraft/optifine/cit/anime_cafe/biba/tralala.png
c36d9ca8476160c37e15e75c67b15b70c07c1f65,146,assets/minecraft/optifine/cit/anime_cafe/biba/fifa.properties
a7907743b6996e8138e0eb321a51f89793e472af,7473,assets/minecraft/optifine/cit/anime_cafe/borsh/KRD.json
b2bf2da78db2c13187a47b5ae71bc6251da370e7,1767,assets/minecraft/optifine/cit/anime_cafe/borsh/borsch.png
66248b7befad72707e6c5758f5f8d9c2fff7a936,229,assets/minecraft/optifine/cit/anime_cafe/borsh/KRD.properties
a65b89a6b22bb5b7c2b53b4db575b31597203d0d,201,assets/minecraft/optifine/cit/anime_cafe/ramen/Ramen_nar.properties
5db27d3e37fd0b9fac2e50b6d0f6ea9d62a01387,1473,assets/minecraft/optifine/cit/anime_cafe/ramen/ramen_naruto.png
e51ec1943dc31978eeda3f86fd3d65a6dd252afd,9418,assets/minecraft/optifine/cit/anime_cafe/ramen/Ramen_nar.json
da41f89de52da45508ec921688973b7431db98ac,1330,assets/minecraft/optifine/cit/anime_cafe/goril/bolls.png
f8179fdaaf8a9311faf2810d06667fad761e1e70,179,assets/minecraft/optifine/cit/anime_cafe/goril/go.properties
1b6f6032337563f2ba914277f755ad36c35653de,4948,assets/minecraft/optifine/cit/anime_cafe/goril/go.json
cf5c9d5b96c5434295b6e3093aae8c2fd4975eaf,3042,assets/minecraft/optifine/cit/anime_cafe/cum/kameh.json
34ed36c310969b425bbaec3e6fc06e0ab0b6689b,168,assets/minecraft/optifine/cit/anime_cafe/cum/kameh.properties
a3a7a2c37ae31395ff2c6c176893a6418a96848b,422,assets/minecraft/optifine/cit/anime_cafe/cum/kameH.png
862d15773a5dd5ca833dc37789a07e0549ce8b10,232,assets/minecraft/optifine/cit/anime_cafe/gojo/godzo.properties
99c10f682db687773c1ea3419003a5b4b1530049,2227,assets/minecraft/optifine/cit/anime_cafe/gojo/godzo.json
8bb46121d423ee906e385cf64a592eb4c67f5928,1060,assets/minecraft/optifine/cit/anime_cafe/gojo/god.png
5a57e3b62f4e1608a4022b61d116ca5c58f5c4d7,175,assets/minecraft/optifine/cit/anime_cafe/xxx/hanter.properties
48dd3e8d4d1c4b86ae9204304925239b81b07f3d,679,assets/minecraft/optifine/cit/anime_cafe/xxx/hant.png
ad059312e5738f1d2f9f6cbf1e782dedb742f701,3144,assets/minecraft/optifine/cit/anime_cafe/xxx/hanter.json
42e8028d32e92427923f3475034b8caccd312124,15051,assets/minecraft/optifine/cit/anime_cafe/eva/Stul.json
9178e0eef0c5fe8585046871a60ddf89b12e4ed9,162,assets/minecraft/optifine/cit/anime_cafe/eva/Stul.properties
5550fd3ab15033817b6223d7f3d4ec709f602aca,1003,assets/minecraft/optifine/cit/anime_cafe/eva/tororo.png
95630c3409ab0a352550d9af6f7a6c4e42338d60,1220,assets/minecraft/optifine/cit/anime_cafe/eva/sjbody.png
b16081c77e7046fe6e53db33ae85569422326c48,1844,assets/minecraft/optifine/cit/anime_cafe/sok/alah.json
93972def3b4062feda62c3f137b0e636e4db8615,231,assets/minecraft/optifine/cit/anime_cafe/sok/alah.properties
7f01d990093792c121f049967cbefa04ba3dbd32,1140,assets/minecraft/optifine/cit/anime_cafe/sok/alh.png
d9a38c510bc680e7c815bced2e47e6102aeb512c,1108,assets/minecraft/optifine/cit/anime_cafe/pelmeni/kera.png
08cd60c94924e1a03ac8e347dedd3db6ca5b69de,22194,assets/minecraft/optifine/cit/anime_cafe/pelmeni/pelmen.json
33c1c4f248f1476aa30b029182f558ebcf8c9ea3,359,assets/minecraft/optifine/cit/anime_cafe/pelmeni/topor.png
d94a391fbdbd39d7e2ceb2be6a5319e9abaff52d,216,assets/minecraft/optifine/cit/anime_cafe/pelmeni/pelmen.properties
a1781060555704018f92bf89e3d412e52f5b3263,1383,assets/minecraft/optifine/cit/anime_cafe/ragu/stravhead.png
c10c308befd2acfe415fa3ebba9857d31e0459a7,15366,assets/minecraft/optifine/cit/anime_cafe/ragu/Ragu_SH.json
333f9194dedd76d76304e6bc26bf123b6700a256,207,assets/minecraft/optifine/cit/anime_cafe/ragu/Ragu_SH.properties
88fe63426e5f9dd382344ea2bd30350f150a7564,1797,assets/minecraft/optifine/cit/anime_cafe/blick/orange.json
cf43753abc77ee8028d72658454cfdca1a8caf52,1117,assets/minecraft/optifine/cit/anime_cafe/blick/orang.png
eb2e42466980d42b6cb135d98f494d35c6c110d2,143,assets/minecraft/optifine/cit/anime_cafe/blick/orange.properties
0714cbcbcb1931efad8fc78c0771e20b96e83e64,216,assets/minecraft/optifine/cit/anime_cafe/gul/Rar.properties
a2669be72091674ad3be44fde04b1e62701e03f5,10529,assets/minecraft/optifine/cit/anime_cafe/gul/Rar.json
f85f4e598cb075a3a0c2a789f439aae6e7db3a67,1941,assets/minecraft/optifine/cit/anime_cafe/gul/gual.png
020cdf849a274924286ec6016f999e23b9ce359b,7475,assets/minecraft/optifine/cit/anime_cafe/cup/mod.json
8f055572107e1c919707198de25fafe875c0a0a7,323,assets/minecraft/optifine/cit/anime_cafe/cup/forn.png
061c787208dbf2e32bb68e427345196c2fcf545f,526,assets/minecraft/optifine/cit/anime_cafe/cup/fern.png
eb06888e40435c86391d9ec0d2d7f0ad4a5fa5ce,214,assets/minecraft/optifine/cit/anime_cafe/cup/mod.properties
8406d88c831aa80c7173ec9918e4ed4d3cbe5d8d,1303,assets/minecraft/optifine/cit/anime_cafe/jojo/one.png
16206721fca74ccdca311f25eceb7b1b1c58fd46,222,assets/minecraft/optifine/cit/anime_cafe/jojo/jija.properties
57955223f23eb7cc7f409c7a4c8309c14aa113ab,20476,assets/minecraft/optifine/cit/anime_cafe/jojo/jija.json
68a31ccace5884a4c7f0440adb87a68486785005,6954,assets/minecraft/optifine/cit/anime_cafe/egg/Egg.json
cba2e28b16bc56c41c6edb6f28c8a1b2b7ecbaf9,901,assets/minecraft/optifine/cit/anime_cafe/egg/Eggs.png
74a235abc253eed949942de5b5b55aab61f6fa64,197,assets/minecraft/optifine/cit/anime_cafe/egg/Egg.properties
c9d3bdcd347de83a0f11e2aad04fea038845e183,1379,assets/minecraft/optifine/cit/anime_cafe/mech/beef_sword.png
38c8509e97e94a0a71a2af52f3fc2df1d2ae1427,8320,assets/minecraft/optifine/cit/anime_cafe/mech/Sword.json
0488189594f602ad16e96c5065299cc6552c655d,161,assets/minecraft/optifine/cit/anime_cafe/mech/Sword.properties
6ea4afd72b803ddd69612e64e20affe02ead0aa7,194,assets/minecraft/optifine/cit/anime_cafe/gulash/Gulash.properties
9213c39026a1e1db1a804e657a84ff40f21e9d60,1145,assets/minecraft/optifine/cit/anime_cafe/gulash/mgaa.png
c9d461f5cebb7792f19021378ae8a8e3adfc22f3,14567,assets/minecraft/optifine/cit/anime_cafe/gulash/Gulash.json
95e48933c2c0172f23c41d45664020dd4d6b563d,172,assets/minecraft/optifine/cit/anime_cafe/bulba/Bulba.properties
e7dbdb9b3de071cbf2169eccd291aa68675c8136,19191,assets/minecraft/optifine/cit/anime_cafe/bulba/Bulba.json
91df83390fbff062fa0d617f8c3b7e1d9ad5a186,994,assets/minecraft/optifine/cit/anime_cafe/bulba/Eger.png
e7d1cf927badaabd017a5bd26b49f3294809e081,3714,assets/minecraft/optifine/cit/anime_cafe/spy/Anna.json
294adf8271fedef37b67d4ef5cfdbb1eaf6f0422,215,assets/minecraft/optifine/cit/anime_cafe/spy/Anna.properties
2d97135d8390ea81edbffec2a7c36adb8227dba4,1256,assets/minecraft/optifine/cit/anime_cafe/spy/ice.png
