4db76c758ca0ad198b8d14d078af45f2ec7f98c0,29800,c.json
2362d590898ac6cbfa9e64f61302d2b15527295c,5022,assets/minecraft/optifine/cit/cream_pie/svadebnii_tort/svadebnii_tort.png
cd8fbea1b7671fca6b5911cc2aa94b49e731e161,16105,assets/minecraft/optifine/cit/cream_pie/svadebnii_tort/svadebnii_tort.json
aa161532c921320b1f8ca4f39373c163deac4894,146,assets/minecraft/optifine/cit/cream_pie/svadebnii_tort/svadebnii_tort.properties
dead97b101424ebfd2f9e2833585bf7b52f1aa96,863,assets/minecraft/optifine/cit/cream_pie/dikii_med/dikii_med.png
fda882116508bafaa767abb493d61d6e4d4ba265,118,assets/minecraft/optifine/cit/cream_pie/dikii_med/dikii_med.properties
50ad3d42d9791b3bfbadcaa9319c5c66763c6f04,6115,assets/minecraft/optifine/cit/cream_pie/dikii_med/dikii_med.json
03281533250de22fede20c7c5b3177ca99397132,210,assets/minecraft/optifine/cit/cream_pie/girlyanda_sopli_goblina/girlyanda_sopli_goblina.properties
c3725cd52ed3cbd744ba7621bc1f2641020fad15,103,assets/minecraft/optifine/cit/cream_pie/girlyanda_sopli_goblina/girlyanda_sopli_goblina_e.png
de12ef7ba080925fa2a0f455cbec12379f175ee2,7929,assets/minecraft/optifine/cit/cream_pie/girlyanda_sopli_goblina/girlyanda_sopli_goblina.json
3962fa488102a45f71e076f550a4baeb44c09127,292,assets/minecraft/optifine/cit/cream_pie/girlyanda_sopli_goblina/girlyanda_sopli_goblina.png
87d5f2eb26e4cc40963a354b3be895c6056196b4,181,assets/minecraft/optifine/cit/cream_pie/gribnaya_girlyanda/gribnaya_girlyanda.properties
c3aed2affa9a4c253f16da13f09ffbcb2ab5fdbe,169,assets/minecraft/optifine/cit/cream_pie/gribnaya_girlyanda/gribnaya_girlyanda.png
4b6a82a603f9c47a58bea86cb3a513b32cedb6f3,8679,assets/minecraft/optifine/cit/cream_pie/gribnaya_girlyanda/gribnaya_girlyanda.json
c58675260a446c87b82f3c6fe981ee1dd2022543,310,assets/minecraft/optifine/cit/cream_pie/gribnaya_girlyanda/gribnaya_girlyanda2.png
7e05dd6c111aa22eb3ac93cc1a096917bcfb6022,152,assets/minecraft/optifine/cit/cream_pie/medovii_pirog/medovii_pirog.properties
370248dd16afcc63663a3f539f7711713286aa6b,3315,assets/minecraft/optifine/cit/cream_pie/medovii_pirog/medovii_pirog.json
473b51d35176f678f3d555b46aaddf65fdb7e1e4,1313,assets/minecraft/optifine/cit/cream_pie/medovii_pirog/medovii_pirog.png
69598a378afa4804453134fca5e79404360005b8,146,assets/minecraft/optifine/cit/cream_pie/sladkii_rulet/sladkii_rulet.properties
d713640e10ba45d6b4307e335ad4f3da84bd3ac7,995,assets/minecraft/optifine/cit/cream_pie/sladkii_rulet/sladkii_rulet.png
37b6f3147a1f9953e25fdee1989786ca23df682b,5084,assets/minecraft/optifine/cit/cream_pie/sladkii_rulet/sladkii_rulet.json
75fdfb765283cb7b977fb71f06ef0f3fa46980de,6106,assets/minecraft/optifine/cit/cream_pie/varenie_iz_shishek/varenie_iz_shishek.json
27aeeb794f248c028209221f3973fa6a8b105db1,164,assets/minecraft/optifine/cit/cream_pie/varenie_iz_shishek/varenie_iz_shishek.properties
95b1cedbfeb079b95e9ca0f5046be3bff2c4c6ea,858,assets/minecraft/optifine/cit/cream_pie/varenie_iz_shishek/varenie_iz_shishek.png
6d35308ebd56fe6a6566fabeb0f91ed42240ea5f,882,assets/minecraft/optifine/cit/cream_pie/limonnii_pirog/limonnii_pirog.png
f50f312d0d1f0a635862b54c72ed560c8df2f8e4,152,assets/minecraft/optifine/cit/cream_pie/limonnii_pirog/limonnii_pirog.properties
4774ce417cd72f74fc932c3abfecf5c9f4396c82,5812,assets/minecraft/optifine/cit/cream_pie/limonnii_pirog/limonnii_pirog.json
6bcd5488ae6bc3d3677aec12bac01f3247f7dda7,592,assets/minecraft/optifine/cit/cream_pie/mindalnoe_moloko/mindalnoe_moloko.png
1973bdcd106392c72f0388cd5aded8311a08f477,3156,assets/minecraft/optifine/cit/cream_pie/mindalnoe_moloko/mindalnoe_moloko.json
131e0b82f27d7f6c76494b1098963f499814513c,180,assets/minecraft/optifine/cit/cream_pie/mindalnoe_moloko/mindalnoe_moloko.properties
b4a4fa7ea8e95bc4af4a5d1ebdb13b08b76d0bcc,1439,assets/minecraft/optifine/cit/cream_pie/sirniki_v_makovom_souse/sirniki_v_makovom_souse.png
c8bed8cbfee96747618dd1d4290ab214bdf3c0b5,5588,assets/minecraft/optifine/cit/cream_pie/sirniki_v_makovom_souse/sirniki_v_makovom_souse.json
10cf8cd790c3c21f19f9d8d073f661e330a1fd3f,199,assets/minecraft/optifine/cit/cream_pie/sirniki_v_makovom_souse/sirniki_v_makovom_souse.properties
66a42d69085056cce41af699b4a7918669491c0c,848,assets/minecraft/optifine/cit/cream_pie/vereskovii_med/vereskovii_med.png
d9cbae42713bc185c10b38e45723c19010cc5dea,153,assets/minecraft/optifine/cit/cream_pie/vereskovii_med/vereskovii_med.properties
e8cdbaf64a58972cd1d371a2a7c2a337c7891b9f,6131,assets/minecraft/optifine/cit/cream_pie/vereskovii_med/vereskovii_med.json
f806c981ce582334ea824d89d45cc21b867ae6e6,559,assets/minecraft/optifine/cit/cream_pie/svisauchee_rastenie1/svisauchee_rastenie1.png
ac60704f4935cf153d05d80d3bc6653341065470,10893,assets/minecraft/optifine/cit/cream_pie/svisauchee_rastenie1/svisauchee_rastenie1.json
d8e0354e1b67f94786bad0ca5f6431a308952b61,185,assets/minecraft/optifine/cit/cream_pie/svisauchee_rastenie1/svisauchee_rastenie1.properties
6efe5ba37fd797b00d0f3d6bbe61caec550782f4,407,assets/minecraft/optifine/cit/cream_pie/ochen_strannoe_medovoe_yabloko/ochen_strannoe_medovoe_yabloko.png
4d045015cd69c04fba0cc85216cb84fae004534d,244,assets/minecraft/optifine/cit/cream_pie/ochen_strannoe_medovoe_yabloko/ochen_strannoe_medovoe_yabloko.properties
80c8ec81df03a7ca43d450ea3f56e70c1f693b0d,5719,assets/minecraft/optifine/cit/cream_pie/meshochek_konfet/meshochek_konfet.json
462947019fa9a0e494758b7bd3ebe89e45c1dd8d,154,assets/minecraft/optifine/cit/cream_pie/meshochek_konfet/meshochek_konfet.properties
1750ddd1affbac452418d6c34d8a8a3a43d3a5c3,974,assets/minecraft/optifine/cit/cream_pie/meshochek_konfet/meshochek_konfet.png
bb0592070d9ab3f76042105433a030584859223a,3160,assets/minecraft/optifine/cit/cream_pie/shokoladnoe_moloko/shokoladnoe_moloko.json
6daeeebaae898e7104e6513b512d5ca0c3e8202c,174,assets/minecraft/optifine/cit/cream_pie/shokoladnoe_moloko/shokoladnoe_moloko.properties
fc95bbdade370997345c53ae5c6ea38eca78c862,554,assets/minecraft/optifine/cit/cream_pie/shokoladnoe_moloko/shokoladnoe_moloko.png
303d952aba36b1aec0c2e30659eacc30b40487c7,6491,assets/minecraft/optifine/cit/cream_pie/grushi_po_radzivillovski/grushi_po_radzivillovski.json
c61e8fa6e70d7f8f9e81a4861cc86f83d37c2811,934,assets/minecraft/optifine/cit/cream_pie/grushi_po_radzivillovski/grushi_po_radzivillovski.png
c0e2ce21d12553a3f57eb4ba2167ab956f0fa6dd,205,assets/minecraft/optifine/cit/cream_pie/grushi_po_radzivillovski/grushi_po_radzivillovski.properties
babc947d18af721af65c32a3b35efcefb9f33c9d,5769,assets/minecraft/optifine/cit/cream_pie/skvorechnik/skvorechnik.json
05935d008e4e27033cbc7b5c23f285c52df913ee,1585,assets/minecraft/optifine/cit/cream_pie/skvorechnik/skvorechnik.png
a7205d3fa6cafeae69d8b4a9b18b35f503790162,131,assets/minecraft/optifine/cit/cream_pie/skvorechnik/skvorechnik.properties
9b1bd2f23b28b41eced4fcb59f7a62b0cdd6bfec,184,assets/minecraft/optifine/cit/cream_pie/orehovoe_morozhenoe/orehovoe_morozhenoe.properties
269ff87d8227ccd93675df2a270ce097cc78d47c,4416,assets/minecraft/optifine/cit/cream_pie/orehovoe_morozhenoe/orehovoe_morozhenoe.json
f24cd5825506dee6160b85d697b04e59a8212940,490,assets/minecraft/optifine/cit/cream_pie/orehovoe_morozhenoe/orehovoe_morozhenoe.png
7e1b5ff7e3e9f56ef58637551666935019f520ee,3004,assets/minecraft/optifine/cit/cream_pie/svetoyagodnii_tort/svetoyagodnii_tort.json
218ae0c5951a128cee6db550c792d61ef19381ca,1435,assets/minecraft/optifine/cit/cream_pie/svetoyagodnii_tort/svetoyagodnii_tort.png
c99755abf9a9d98e9a65a1814de1ee715695d030,167,assets/minecraft/optifine/cit/cream_pie/svetoyagodnii_tort/svetoyagodnii_tort.properties
b80594175e0cb967d65f97fb6144992b9150894d,6084,assets/minecraft/optifine/cit/cream_pie/zemlyanichnie_keksi/zemlyanichnie_keksi.json
2deab7e42d6363ec402ab24770fa9fef8f9c9f69,954,assets/minecraft/optifine/cit/cream_pie/zemlyanichnie_keksi/zemlyanichnie_keksi.png
7ea76d5861b511ffbabe9d4673a3b90171b03c27,176,assets/minecraft/optifine/cit/cream_pie/zemlyanichnie_keksi/zemlyanichnie_keksi.properties
18b1988f1028fde236220256812d47c56cffaefb,118,assets/minecraft/optifine/cit/cream_pie/gribnik/gribnik.properties
40a6610770ad56dbac8cfbf35b6053f8cb974f9d,455,assets/minecraft/optifine/cit/cream_pie/gribnik/gribnik.png
071254833820e249d291c932db5a04d1965ee7c5,7139,assets/minecraft/optifine/cit/cream_pie/gribnik/gribnik.json
ba1709a598eb2716b4c2f20fbb13c8a7ad4eef3e,574,assets/minecraft/optifine/cit/cream_pie/fryktovii_led/fryktovii_led.png
118da6dc59b87caf825e407b010e58d6c83f4449,4899,assets/minecraft/optifine/cit/cream_pie/fryktovii_led/fryktovii_led.json
aa15b6753f5c48727693deab37d956fb57bd9d88,154,assets/minecraft/optifine/cit/cream_pie/fryktovii_led/fryktovii_led.properties
a141bd521c83dd12d41adef92d48d3453696a8aa,189,assets/minecraft/optifine/cit/cream_pie/azalievaya_girlyanda/azalievaya_girlyanda_e.png
7b85c6e03218ee76ceaddee72b1ab19feff50094,1210,assets/minecraft/optifine/cit/cream_pie/azalievaya_girlyanda/azalievaya_girlyanda.png
1e74d9ff85e741eeefae7ca4236249201f12c084,18531,assets/minecraft/optifine/cit/cream_pie/azalievaya_girlyanda/azalievaya_girlyanda.json
a2fb1a625d100edcddc489808bfa216d90a43b92,188,assets/minecraft/optifine/cit/cream_pie/azalievaya_girlyanda/azalievaya_girlyanda.properties
f7c228b49f82426a8f8aa051e90e98a77b83d34d,128,assets/minecraft/optifine/cit/cream_pie/rozovii_chai/rozovii_chai.properties
a3989b944d5297198de444cdf307796897815855,6433,assets/minecraft/optifine/cit/cream_pie/rozovii_chai/rozovii_chai.json
d72f2714fa47b6792733c392f1a21bc8c3da8aa7,197,assets/minecraft/optifine/cit/cream_pie/rozovii_chai/transparent.png
c15775da02c0140c2b41c94b112641ea1cc02220,159,assets/minecraft/optifine/cit/cream_pie/rozovii_chai/rozovii_chai2.png
df766ac94b83f52d3a8b21f6c30514017ff9514e,167,assets/minecraft/optifine/cit/cream_pie/rozovii_chai/rozovii_chai.png
7b03a9dfb927c14cacc9035f2180df5933aab125,775,assets/minecraft/optifine/cit/cream_pie/korobka_s_ponchikami/korobka_s_ponchikami.png
755f61680a7f28fece5fd1409e6011d2fd944901,148,assets/minecraft/optifine/cit/cream_pie/korobka_s_ponchikami/korobka_s_ponchikami2.png
ae60d6824bbe80d0223c8db5276bb1789482578a,12683,assets/minecraft/optifine/cit/cream_pie/korobka_s_ponchikami/korobka_s_ponchikami.json
5bd688f1351d621a744dd008c57058ca1680e3c9,184,assets/minecraft/optifine/cit/cream_pie/korobka_s_ponchikami/korobka_s_ponchikami.properties
dda1df81824eb80478bd253620640deba60d68c3,166,assets/minecraft/optifine/cit/cream_pie/bolshaya_girlyanda_zvezd/bolshaya_girlyanda_zvezd1_e.png
766502cdd0507f7caec4b89196a650bdc245096b,318,assets/minecraft/optifine/cit/cream_pie/bolshaya_girlyanda_zvezd/bolshaya_girlyanda_zvezd.png
dda1df81824eb80478bd253620640deba60d68c3,166,assets/minecraft/optifine/cit/cream_pie/bolshaya_girlyanda_zvezd/bolshaya_girlyanda_zvezd1.png
c137453ab624998527418cea7c267a60fade13c5,28409,assets/minecraft/optifine/cit/cream_pie/bolshaya_girlyanda_zvezd/bolshaya_girlyanda_zvezd.json
c685a829bcb32fd50ecca6b19a46483ed1008711,211,assets/minecraft/optifine/cit/cream_pie/bolshaya_girlyanda_zvezd/bolshaya_girlyanda_zvezd.properties
5d734e13418dc8ad5d2ab3a102dc8b9c58ab3414,182,assets/minecraft/optifine/cit/cream_pie/svisauchee_rastenie/svisauchee_rastenie.properties
1954143f251b83c6ef7441918f91970152a8029b,533,assets/minecraft/optifine/cit/cream_pie/svisauchee_rastenie/svisauchee_rastenie.png
cdb3fdcef772766872fa41552da8d4924c27bd8d,10891,assets/minecraft/optifine/cit/cream_pie/svisauchee_rastenie/svisauchee_rastenie.json
811cf763b39082d74fe23852be53dca0f20192c3,388,assets/minecraft/optifine/cit/cream_pie/kinder_pingvi/kinder_pingvi.png
36bd6fd22f45e5e0db6781f303150f1c357cc463,149,assets/minecraft/optifine/cit/cream_pie/kinder_pingvi/kinder_pingvi.properties
3962f08d218328744aa2cfa7108ed84ae7668ea6,300,assets/minecraft/optifine/cit/cream_pie/hedgehog/hedgehog.png
43ea29088e70c1c1cc87e0b1f8274a8482432aac,4283,assets/minecraft/optifine/cit/cream_pie/hedgehog/hedgehog.json
f0b8a7522287115d6e9014c733666cac4101c9f7,112,assets/minecraft/optifine/cit/cream_pie/hedgehog/hedgehog.properties
6673948f688719326d93a5fcf5de7083bc9f3c63,4924,assets/minecraft/optifine/cit/cream_pie/ezhevichni_pirog/ezhevichni_pirog.json
0e32844661c55789f8ecfbbdc3d780ac1fe3d6d9,160,assets/minecraft/optifine/cit/cream_pie/ezhevichni_pirog/ezhevichni_pirog.properties
86540e165d70c83dbdd674e8f1bc8d56da5723b5,856,assets/minecraft/optifine/cit/cream_pie/ezhevichni_pirog/ezhevichni_pirog.png
924a439a14dbe051396ac1b3380dd34c8dafed25,243,assets/minecraft/optifine/cit/cream_pie/ledenez_petusok/ledenez_petusok.png
20f6581733ef9db95202330b696810eeda293d30,155,assets/minecraft/optifine/cit/cream_pie/ledenez_petusok/ledenez_petusok.properties
36d70bbdbf0f8c98b01698f9ee1afb460d706346,124,assets/minecraft/optifine/cit/cream_pie/travyanoi_chai/travyanoi_chai2.png
df766ac94b83f52d3a8b21f6c30514017ff9514e,167,assets/minecraft/optifine/cit/cream_pie/travyanoi_chai/travyanoi_chai.png
0cdd530b7085a22df987772e1585f7101265b69a,136,assets/minecraft/optifine/cit/cream_pie/travyanoi_chai/travyanoi_chai.properties
1becfbd133f2a107d8ffefd625e389a9078047ee,5533,assets/minecraft/optifine/cit/cream_pie/travyanoi_chai/travyanoi_chai.json
b2fb94c8476f135de3cd3d40db596ae92a5db1b6,344,assets/minecraft/optifine/cit/cream_pie/banka_ananasov/banka_ananasov.png
0682cfbb68517b627c463ff862ac7b66c8ae27ed,147,assets/minecraft/optifine/cit/cream_pie/banka_ananasov/banka_ananasov.properties
c716cee7b6579714d13ea03585eb3b143fb8e33e,1473,assets/minecraft/optifine/cit/cream_pie/banka_ananasov/banka_ananasov.json
49a19511cf9abf36a5b04d9fcecce2cb59dcfa93,681,assets/minecraft/optifine/cit/cream_pie/saharnaya_vata/saharnaya_vata.png
fb0f22e4faef00cfb48f8fcf8906f8b6577a3cd0,148,assets/minecraft/optifine/cit/cream_pie/saharnaya_vata/saharnaya_vata.properties
f8c4c4f1320c6bf9084198cc84156ebd4f0137fa,4533,assets/minecraft/optifine/cit/cream_pie/saharnaya_vata/saharnaya_vata.json
98b387ea16311375041e6e9d062dec810b116d94,182,assets/minecraft/optifine/cit/cream_pie/karamelnaya_poganka/karamelnaya_poganka.properties
700c01d1f79f7e8e7903fcad5a0720716bfc6e62,513,assets/minecraft/optifine/cit/cream_pie/karamelnaya_poganka/karamelnaya_poganka.png
96ad6e78434ada25352ce1b8f909e8c414fd2535,4637,assets/minecraft/optifine/cit/cream_pie/karamelnaya_poganka/karamelnaya_poganka.json
f3fc9823f41843c23b086e50f8bea8c76121c9e2,4291,assets/minecraft/optifine/cit/cream_pie/kormyshka/kormyshka.json
af9c7a675f2071cb85548297e549bbfd422f4afc,885,assets/minecraft/optifine/cit/cream_pie/kormyshka/kormyshka.png
df15bf8712d8eaa59e03bcd170ccc95dccf5ab80,117,assets/minecraft/optifine/cit/cream_pie/kormyshka/kormyshka.properties
b53081f3e76c639d43f8386ad399679dc027085d,3022,assets/minecraft/optifine/cit/cream_pie/sirenevii_tort/sirenevii_tort.json
11e8eb9f415d27c4be0fb43bd99b80c616c0d8b1,1516,assets/minecraft/optifine/cit/cream_pie/sirenevii_tort/sirenevii_tort.png
fbe517718237d5cc844e66ff793ded05d73402e9,145,assets/minecraft/optifine/cit/cream_pie/sirenevii_tort/sirenevii_tort.properties
efa7d3af0b817d30328c0844a0423badce2f9310,4271,assets/minecraft/optifine/cit/cream_pie/shvarzvaldskii_tort/shvarzvaldskii_tort.json
9866c2c53d32abacb36b1f1b0f51435bf3f36709,1291,assets/minecraft/optifine/cit/cream_pie/shvarzvaldskii_tort/shvarzvaldskii_tort.png
60698a549fea097f9704361786577fabb4e0ba29,180,assets/minecraft/optifine/cit/cream_pie/shvarzvaldskii_tort/shvarzvaldskii_tort.properties
9d3de3a69f3fbd29e642be64c44a00028ec790b3,102,assets/minecraft/optifine/cit/cream_pie/klukvennii_mors/klukvennii_mors.png
2c79e20193e2af57b49696519c2494c9b490fbd2,107,assets/minecraft/optifine/cit/cream_pie/klukvennii_mors/klukvennii_mors3.png
f3bdbf25656efa2538732696054253c77e8c5d9e,116,assets/minecraft/optifine/cit/cream_pie/klukvennii_mors/klukvennii_mors2.png
8b203034621f49bad0cfaec32d39d2f454f52079,139,assets/minecraft/optifine/cit/cream_pie/klukvennii_mors/klukvennii_mors4.png
af31cc8be3d3a8f37cb9f5f3359a12fdd57caaca,154,assets/minecraft/optifine/cit/cream_pie/klukvennii_mors/klukvennii_mors.properties
f36465d629ec6e0ae99e2c1306bc584665e5cf94,5093,assets/minecraft/optifine/cit/cream_pie/klukvennii_mors/klukvennii_mors.json
8df9b68d7fbe72bbbd2de28847eb55af503b0ecc,145,assets/minecraft/optifine/cit/cream_pie/kremovii_pirog/kremovii_pirog.properties
346f62ea2d3993002f2bdf4e178845e8193713d4,1102,assets/minecraft/optifine/cit/cream_pie/kremovii_pirog/kremovii_pirog.png
8f664a48805ed966df2f4daf1cc0f436ea1c008a,6016,assets/minecraft/optifine/cit/cream_pie/kremovii_pirog/kremovii_pirog.json
b57aad2e518b8e3ffd15512934132785c322f33b,3365,assets/minecraft/optifine/cit/cream_pie/tort_krasnii_barhat/tort_krasnii_barhat.json
2f32550c9f61fe70f36d550bbbcc7d75f0fd9cd4,1486,assets/minecraft/optifine/cit/cream_pie/tort_krasnii_barhat/tort_krasnii_barhat.png
a8dbb73c33888c1beb9c52a3d91a1276f25f1c29,182,assets/minecraft/optifine/cit/cream_pie/tort_krasnii_barhat/tort_krasnii_barhat.properties
183c6eb55c12e65df80cd3a779e2c082d5a16c5f,146,assets/minecraft/optifine/cit/cream_pie/morkovnii_tort/morkovnii_tort.properties
700ff4bf63ace4a3eca6f5c4944c5ca18b9c677f,2979,assets/minecraft/optifine/cit/cream_pie/morkovnii_tort/morkovnii_tort.json
75b1db9ba1e0ae81bac826de496dc92f55ede2b2,1271,assets/minecraft/optifine/cit/cream_pie/morkovnii_tort/morkovnii_tort.png
377e04ab42baba479976466165cda4d54c4f4507,6404,assets/minecraft/optifine/cit/cream_pie/vareniki_s_chernikoi/vareniki_s_chernikoi.json
62328f63913b4610ac671235542be82249835e15,183,assets/minecraft/optifine/cit/cream_pie/vareniki_s_chernikoi/vareniki_s_chernikoi.properties
0e69a2cf676aceebdc509c3a13c9b5541003248f,533,assets/minecraft/optifine/cit/cream_pie/vareniki_s_chernikoi/vareniki_s_chernikoi.png
0d4197100d6ac6e71f3314747e3273581acbac10,107,assets/minecraft/optifine/cit/cream_pie/banka_konfet/banka_konfet2.png
20b27c10882a64b2c4e7d6ce4c51d91fb7aada0a,13271,assets/minecraft/optifine/cit/cream_pie/banka_konfet/banka_konfet.json
5f09fdebb5a3f06b48651a5fd67d4b9f2b1aa9d3,125,assets/minecraft/optifine/cit/cream_pie/banka_konfet/banka_konfet4.png
cec7caa1ac379e7da7801fc9db6916946638e74d,133,assets/minecraft/optifine/cit/cream_pie/banka_konfet/banka_konfet.properties
9d3de3a69f3fbd29e642be64c44a00028ec790b3,102,assets/minecraft/optifine/cit/cream_pie/banka_konfet/banka_konfet.png
a6c2becf8471bf656aebea5d3f7f0ecf28691765,306,assets/minecraft/optifine/cit/cream_pie/banka_konfet/banka_konfet3.png
50dada9d043d814728315d872e1b0a95c7ed2d27,1044,assets/minecraft/optifine/cit/cream_pie/meshochek_zolota/meshochek_zolota.png
b1e0e106f0c384f776f89abdd919069e29d496d0,155,assets/minecraft/optifine/cit/cream_pie/meshochek_zolota/meshochek_zolota.properties
2c49301d4761ef597e1e6407f83271b3d41b1d08,5653,assets/minecraft/optifine/cit/cream_pie/meshochek_zolota/meshochek_zolota.json
46e4ad20a050f9ca0a72506c1739effe0ada6dea,1280,assets/minecraft/optifine/cit/cream_pie/meshochek_rakushek/meshochek_rakushek.png
90b20a3398a765202282e14be63c00383a207958,4804,assets/minecraft/optifine/cit/cream_pie/meshochek_rakushek/meshochek_rakushek.json
0355ed8cd6a4fb6d737b3ad9e1f3417d5b38c609,165,assets/minecraft/optifine/cit/cream_pie/meshochek_rakushek/meshochek_rakushek.properties
5bee8f190cec102c53ce85039d8368cada66f3b3,4056,assets/minecraft/optifine/cit/cream_pie/myatnii_tort/myatnii_tort.json
bb947c86cdcd55f74dbe128760958505163b133c,125,assets/minecraft/optifine/cit/cream_pie/myatnii_tort/myatnii_tort.properties
a7bbf2a56e9253a0f96e5a3c757f7c8facb326f7,1480,assets/minecraft/optifine/cit/cream_pie/myatnii_tort/myatnii_tort.png
c3c47de098a2ab25d2c5cd707a9554e997da2f8a,509,assets/minecraft/optifine/cit/cream_pie/smorodinovoe_morozhenoe/smorodinovoe_morozhenoe.png
017122ecd19fd7a94c3a854c4ca06d6a6977992b,4413,assets/minecraft/optifine/cit/cream_pie/smorodinovoe_morozhenoe/smorodinovoe_morozhenoe.json
17895852a0477fdc10c12e9c3a53dccb08cf9df0,212,assets/minecraft/optifine/cit/cream_pie/smorodinovoe_morozhenoe/smorodinovoe_morozhenoe.properties
c6675dc4057de98b9324068464ba796e4c6e8df6,107,assets/minecraft/optifine/cit/cream_pie/berezovii_sok/berezovii_sok4.png
9d3de3a69f3fbd29e642be64c44a00028ec790b3,102,assets/minecraft/optifine/cit/cream_pie/berezovii_sok/berezovii_sok.png
bdec00f260f4b00b3bffb38bcf3f6f52211ae770,5210,assets/minecraft/optifine/cit/cream_pie/berezovii_sok/berezovii_sok.json
1797ed1d3cce399c5be2fb73cb27f8947c241194,141,assets/minecraft/optifine/cit/cream_pie/berezovii_sok/berezovii_sok.properties
3c6d4a41eac7ca3d53e0d3089dfbc6b6ea61d41e,121,assets/minecraft/optifine/cit/cream_pie/berezovii_sok/berezovii_sok2.png
4b8a06f60fd7e5191f7c9d38d81667d1247ec602,108,assets/minecraft/optifine/cit/cream_pie/berezovii_sok/berezovii_sok3.png
9e7ad50a78cf6244469e141ec5f6c28e6accb141,147,assets/minecraft/optifine/cit/cream_pie/vedmin_kryg/vedmin_kryg.properties
cfeb8e6f90895bb0668c511ab22be54e76399a34,748,assets/minecraft/optifine/cit/cream_pie/vedmin_kryg/vedmin_kryg.png
eb633e6d01ed2e756f3cb00c74b7c28bb4c2b7d9,13791,assets/minecraft/optifine/cit/cream_pie/vedmin_kryg/vedmin_kryg.json
4314a8a141f1efc50b2c908d640a55e1472fa8f7,105,assets/minecraft/optifine/cit/cream_pie/rogalik/rogalik.properties
f01aa3dece2b7e88e9092710682e82ce8704c5ba,327,assets/minecraft/optifine/cit/cream_pie/rogalik/rogalik.png
7dd9af36231762efa72ceb5731c4cfa27902b953,836,assets/minecraft/optifine/cit/cream_pie/yagodnie_keksi/yagodnie_keksi.png
f315f8aa76181a1543d51532814c9a7d2f806330,147,assets/minecraft/optifine/cit/cream_pie/yagodnie_keksi/yagodnie_keksi.properties
d11e805cb676993bf578f1deba240ed6acb99681,4971,assets/minecraft/optifine/cit/cream_pie/yagodnie_keksi/yagodnie_keksi.json
592fb50121b8e5ba7fc80dfc4a5ed6a33d61ea3b,4237,assets/minecraft/optifine/cit/cream_pie/orehovii_tort/orehovii_tort.json
18e64419339ee99be038cce537120b94a60fda23,145,assets/minecraft/optifine/cit/cream_pie/orehovii_tort/orehovii_tort.properties
0bf843beaf619449367735c4552bf808fbce4545,1533,assets/minecraft/optifine/cit/cream_pie/orehovii_tort/orehovii_tort.png
e0de6137a2d71ae9f607d5439ca5918335250b9a,10885,assets/minecraft/optifine/cit/cream_pie/svisauchee_rastenie2/svisauchee_rastenie2.json
9cbf10ca361d976a4751c316d64ecf574a51333e,185,assets/minecraft/optifine/cit/cream_pie/svisauchee_rastenie2/svisauchee_rastenie2.properties
f68771209b6bda6b3d6083b3e87371e5cf8579e2,570,assets/minecraft/optifine/cit/cream_pie/svisauchee_rastenie2/svisauchee_rastenie2.png
452edfda8ca1a18201a6e663892dfcbac4cfcd0c,217,assets/minecraft/optifine/cit/cream_pie/makovo-lavandovii_pirog/makovo-lavandovii_pirog.properties
dffedc5d93b2e6efb27ba1a7eb98646e62e14bcb,1260,assets/minecraft/optifine/cit/cream_pie/makovo-lavandovii_pirog/makovo-lavandovii_pirog.png
729fbdf3900ddbb9173f41b7251f5dac868d9e19,3354,assets/minecraft/optifine/cit/cream_pie/makovo-lavandovii_pirog/makovo-lavandovii_pirog.json
73aed84198924931bd07900976605a8b5b161ef7,215,assets/minecraft/optifine/cit/cream_pie/girlyanda_zvezd/girlyanda_zvezd.png
4954b056c50bc6e96e98b65962bfec89b7844299,10072,assets/minecraft/optifine/cit/cream_pie/girlyanda_zvezd/girlyanda_zvezd.json
7c90a98eaea9408985dc1b2ae090dd39730d0940,179,assets/minecraft/optifine/cit/cream_pie/girlyanda_zvezd/girlyanda_zvezd1.png
7c90a98eaea9408985dc1b2ae090dd39730d0940,179,assets/minecraft/optifine/cit/cream_pie/girlyanda_zvezd/girlyanda_zvezd1_e.png
cd0c52b7c28c620a19b319fd62f9f2980e55468f,190,assets/minecraft/optifine/cit/cream_pie/girlyanda_zvezd/girlyanda_zvezd.properties
dae8a9877119da3cd6d46446b3cb1eca452c65fd,340,assets/minecraft/optifine/cit/cream_pie/girlyanda_iz_shishek/girlyanda_iz_shishek.png
6930fab5cd59c6a83ff710c9e0d55c184dd50654,177,assets/minecraft/optifine/cit/cream_pie/girlyanda_iz_shishek/girlyanda_iz_shishek.properties
eb2975d46cc868572ca62d3a012bfe2a667ccd04,10000,assets/minecraft/optifine/cit/cream_pie/girlyanda_iz_shishek/girlyanda_iz_shishek.json
c2a9a7bfcfdf29818232c56b0f5a8973d902be63,1114,assets/minecraft/optifine/cit/cream_pie/iriskovo-korichnii_pirog/iriskovo-korichnii_pirog.png
07566529b85fa63c871bbc5524f64337eef691ea,218,assets/minecraft/optifine/cit/cream_pie/iriskovo-korichnii_pirog/iriskovo-korichnii_pirog.properties
26f7e5122ecf90be8e6eb683b858b16705f75ed2,3726,assets/minecraft/optifine/cit/cream_pie/iriskovo-korichnii_pirog/iriskovo-korichnii_pirog.json
7bd22290da2e6a61c5937f1db918de2d771e4e97,1679,assets/minecraft/optifine/cit/cream_pie/korzina_gribov/korzina_gribov.png
ed3edbb63dc0077c095b2af7bd7017ad37ed6c49,8362,assets/minecraft/optifine/cit/cream_pie/korzina_gribov/korzina_gribov.json
f35453dda35dbf59de3ec879cf9d7c19d6a5aa52,489,assets/minecraft/optifine/cit/cream_pie/korzina_gribov/korzina_gribov.properties
58780dbf3ceb0508de58499356d8496233a4973a,523,assets/minecraft/optifine/cit/cream_pie/brusnichnoe_morozhenoe/brusnichnoe_morozhenoe.png
d80c859cc581254fc27578b3cdbd86f142ddb3f4,198,assets/minecraft/optifine/cit/cream_pie/brusnichnoe_morozhenoe/brusnichnoe_morozhenoe.properties
a4179bc63a4d82b1e3b4e6a9dbe7bbe9ebf53e23,4413,assets/minecraft/optifine/cit/cream_pie/brusnichnoe_morozhenoe/brusnichnoe_morozhenoe.json
